factor,factor_iri,factor_label,cfde_disease
ABL signals and CALR mutations,https://purl.org/okn/frink/kg/digcfdekg/node/factor/a4806bae1cfbf7e515c7,ABL signals and CALR mutations (trait context: Myeloproliferative neoplasm),Myeloproliferative neoplasm
Abnormal Adrenal Cortex Morphology,https://purl.org/okn/frink/kg/digcfdekg/node/factor/00e4c425aec0b4a096f9,Abnormal Adrenal Cortex Morphology (trait context: Chronic primary adrenal insufficiency),Chronic primary adrenal insufficiency
Abnormal alpha-beta T cell activation,https://purl.org/okn/frink/kg/digcfdekg/node/factor/e317df2f801a7df064ce,Abnormal alpha-beta T cell activation (trait context: autoimmune disease),autoimmune disease
Abnormal bone marrow and adhesion,https://purl.org/okn/frink/kg/digcfdekg/node/factor/4f307fafa2adebefeec7,Abnormal bone marrow and adhesion (trait context: Type 1 diabetes with ophthalmic manifestations),Type 1 diabetes with ophthalmic manifestations
Abnormal Cardiac Conduction and Morphology,https://purl.org/okn/frink/kg/digcfdekg/node/factor/09721e78bf88a4ca8e27,Abnormal Cardiac Conduction and Morphology (trait context: Rare cardiomyopathy),Rare cardiomyopathy
Abnormal CD4 T cell differentiation,https://purl.org/okn/frink/kg/digcfdekg/node/factor/07345303c707d7acf528,Abnormal CD4 T cell differentiation (trait context: multiple sclerosis),multiple sclerosis
Abnormal CD8 T cell differentiation,https://purl.org/okn/frink/kg/digcfdekg/node/factor/29b4ee80f1ed4f0509c5,Abnormal CD8 T cell differentiation (trait context: systemic lupus erythematosus),systemic lupus erythematosus
Abnormal erythropoiesis and anemia,https://purl.org/okn/frink/kg/digcfdekg/node/factor/d1dc519de64cdb3e26d8,Abnormal erythropoiesis and anemia (trait context: Acute myeloid leukemia),Acute myeloid leukemia
Abnormal glucose and insulin signaling,https://purl.org/okn/frink/kg/digcfdekg/node/factor/d88d6e168a37dc25f899,Abnormal glucose and insulin signaling (trait context: Type 2 diabetes (T2D) adj BMI),Type 2 diabetes (T2D) adj BMI
Abnormal glucose homeostasis with hyperglycemia,https://purl.org/okn/frink/kg/digcfdekg/node/factor/4d65f658d6c7424189b3,Abnormal glucose homeostasis with hyperglycemia (trait context: Type 2 diabetes (additive model)),Type 2 diabetes (additive model)
Abnormal granulocyte and megakaryocyte development,https://purl.org/okn/frink/kg/digcfdekg/node/factor/4f7a8d95fe643fae7ccd,Abnormal granulocyte and megakaryocyte development (trait context: Systemic mastocytosis),Systemic mastocytosis
Abnormal hematopoiesis and cell cycle,https://purl.org/okn/frink/kg/digcfdekg/node/factor/3fda73d2629f6f032fc5,Abnormal hematopoiesis and cell cycle (trait context: Acute lymphoblastic leukemia),Acute lymphoblastic leukemia
Abnormal hematopoietic cell morphologies,https://purl.org/okn/frink/kg/digcfdekg/node/factor/ef4f351991673cf2b442,Abnormal hematopoietic cell morphologies (trait context: Acute myeloid leukemia),Acute myeloid leukemia
Abnormal hematopoietic differentiation,https://purl.org/okn/frink/kg/digcfdekg/node/factor/137877f07277fd44e8ce,Abnormal hematopoietic differentiation (trait context: Acute myeloid leukemia),Acute myeloid leukemia
Abnormal hematopoietic progenitors,https://purl.org/okn/frink/kg/digcfdekg/node/factor/2737996956865041c36d,Abnormal hematopoietic progenitors (trait context: Acute myeloid leukemia),Acute myeloid leukemia
Abnormal immune and hematopoiesis,https://purl.org/okn/frink/kg/digcfdekg/node/factor/93bc9ea4968f222cbce8,Abnormal immune and hematopoiesis (trait context: autoimmune disease),autoimmune disease
Abnormal immune cells and differentiation,https://purl.org/okn/frink/kg/digcfdekg/node/factor/75eee6826f2e15a9b776,Abnormal immune cells and differentiation (trait context: type 1 diabetes mellitus),type 1 diabetes mellitus
Abnormal immune system physiology,https://purl.org/okn/frink/kg/digcfdekg/node/factor/7a1b87ff202e12bad972,Abnormal immune system physiology (trait context: systemic lupus erythematosus),systemic lupus erythematosus
Abnormal insulin and glucose levels,https://purl.org/okn/frink/kg/digcfdekg/node/factor/051894f3e626db91ac93,Abnormal insulin and glucose levels (trait context: Type 2 diabetes (T2D) adj BMI),Type 2 diabetes (T2D) adj BMI
Abnormal leukopoiesis and immune morphology,https://purl.org/okn/frink/kg/digcfdekg/node/factor/32d9999e03ba715a79bc,Abnormal leukopoiesis and immune morphology (trait context: Type 1 diabetes (T1D)),Type 1 diabetes (T1D)
Abnormal Lipids and Lipoproteins,https://purl.org/okn/frink/kg/digcfdekg/node/factor/444292eceef8fbccf240,Abnormal Lipids and Lipoproteins (trait context: Disorder of lipid metabolism),Disorder of lipid metabolism
Abnormal muscle morphology and degeneration,https://purl.org/okn/frink/kg/digcfdekg/node/factor/f0d28145b654b79d687d,Abnormal muscle morphology and degeneration (trait context: Muscular dystrophy),Muscular dystrophy
Abnormal muscle morphology and genes,https://purl.org/okn/frink/kg/digcfdekg/node/factor/82ae2c92a562a87dd20d,Abnormal muscle morphology and genes (trait context: Muscular dystrophy),Muscular dystrophy
Abnormal myeloid and erythroid progenitors,https://purl.org/okn/frink/kg/digcfdekg/node/factor/c8326b17718d279a3ea0,Abnormal myeloid and erythroid progenitors (trait context: Systemic mastocytosis),Systemic mastocytosis
Abnormal myelopoiesis and erythroid progenitors,https://purl.org/okn/frink/kg/digcfdekg/node/factor/50de608307320d3a69ad,Abnormal myelopoiesis and erythroid progenitors (trait context: Mastocytosis),Mastocytosis
Abnormal myelopoiesis and progenitors,https://purl.org/okn/frink/kg/digcfdekg/node/factor/f329eea1395ab0430a39,Abnormal myelopoiesis and progenitors (trait context: Acute myeloid leukemia),Acute myeloid leukemia
Abnormal myocardial structure and lethality,https://purl.org/okn/frink/kg/digcfdekg/node/factor/2b2381fda476e544dd29,Abnormal myocardial structure and lethality (trait context: Diabetic retinopathy),Diabetic retinopathy
Abnormal Pancreatic Beta Cell Physiology,https://purl.org/okn/frink/kg/digcfdekg/node/factor/1463b546b7e631a19d04,Abnormal Pancreatic Beta Cell Physiology (trait context: Type 2 diabetes with ophthalmic manifestations),Type 2 diabetes with ophthalmic manifestations
Abnormal Peroxisome Morphology,https://purl.org/okn/frink/kg/digcfdekg/node/factor/1b85d9e165e406109d9d,Abnormal Peroxisome Morphology (trait context: Chronic primary adrenal insufficiency),Chronic primary adrenal insufficiency
Abnormal sarcolemma and muscle morphology,https://purl.org/okn/frink/kg/digcfdekg/node/factor/e1ba0540a98965a59407,Abnormal sarcolemma and muscle morphology (trait context: Muscular dystrophy),Muscular dystrophy
Abnormal sarcomere morphology,https://purl.org/okn/frink/kg/digcfdekg/node/factor/846be52a371b637ac36a,Abnormal sarcomere morphology (trait context: Dilated cardiomyopathy; broad definition),Dilated cardiomyopathy; broad definition
Abnormal T Cell Number,https://purl.org/okn/frink/kg/digcfdekg/node/factor/128d718868b40941eb3d,Abnormal T Cell Number (trait context: Non-Hodgkin lymphoma),Non-Hodgkin lymphoma
Abnormal T cell signaling,https://purl.org/okn/frink/kg/digcfdekg/node/factor/050af81cf404ad311c4a,Abnormal T cell signaling (trait context: Vasculitis),Vasculitis
Abnormal T cell subpopulations,https://purl.org/okn/frink/kg/digcfdekg/node/factor/ac0e8588fbce25684bf7,Abnormal T cell subpopulations (trait context: psoriasis),psoriasis
Abnormal T cells; reduced CD4,https://purl.org/okn/frink/kg/digcfdekg/node/factor/703e3626f67c4de030ee,Abnormal T cells; reduced CD4 (trait context: IgA nephropathy (IgAN)),IgA nephropathy (IgAN)
Abnormal T-cell activation and counts,https://purl.org/okn/frink/kg/digcfdekg/node/factor/e6695861e213aa2d98f3,Abnormal T-cell activation and counts (trait context: type 1 diabetes mellitus),type 1 diabetes mellitus
Abnormal T-cell and immune morphologies,https://purl.org/okn/frink/kg/digcfdekg/node/factor/47c8377f8ded21c04ff6,Abnormal T-cell and immune morphologies (trait context: type 1 diabetes mellitus),type 1 diabetes mellitus
Abnormal Triglyceride Level,https://purl.org/okn/frink/kg/digcfdekg/node/factor/3ffccad2d932310e6eed,Abnormal Triglyceride Level (trait context: Type 2 diabetes with ophthalmic manifestations),Type 2 diabetes with ophthalmic manifestations
Abnormal Z-line morphology,https://purl.org/okn/frink/kg/digcfdekg/node/factor/db39242fe3bf00ec89f6,Abnormal Z-line morphology (trait context: Dilated cardiomyopathy; broad definition),Dilated cardiomyopathy; broad definition
Absent common myeloid progenitors,https://purl.org/okn/frink/kg/digcfdekg/node/factor/29da5aaeb5def155762a,Absent common myeloid progenitors (trait context: Acute myeloid leukemia),Acute myeloid leukemia
"Absent germinal centers, infection risk",https://purl.org/okn/frink/kg/digcfdekg/node/factor/ba578ec6f72dbcc452f7,"Absent germinal centers, infection risk (trait context: autoimmune disease)",autoimmune disease
"Absent germinal centers, parasitic susceptibility",https://purl.org/okn/frink/kg/digcfdekg/node/factor/f6f851bb60c33d902966,"Absent germinal centers, parasitic susceptibility (trait context: Lymphoma)",Lymphoma
Absent Lymph Nodes and Spleen,https://purl.org/okn/frink/kg/digcfdekg/node/factor/5489b0c55c6862614a38,Absent Lymph Nodes and Spleen (trait context: childhood onset asthma),childhood onset asthma
Absent lymph nodes; CD40 signaling,https://purl.org/okn/frink/kg/digcfdekg/node/factor/8cde74973d00ea57e38b,Absent lymph nodes; CD40 signaling (trait context: multiple sclerosis),multiple sclerosis
Absent Lymphoid Structures and Cytokines,https://purl.org/okn/frink/kg/digcfdekg/node/factor/7b0d9075c3d5213482db,Absent Lymphoid Structures and Cytokines (trait context: Atopic dermatitis),Atopic dermatitis
Absent lymphoid structures and signaling,https://purl.org/okn/frink/kg/digcfdekg/node/factor/ffe0927ca617c5e57ecb,Absent lymphoid structures and signaling (trait context: atopic eczema),atopic eczema
Absent lymphoid tissues,https://purl.org/okn/frink/kg/digcfdekg/node/factor/ef2fe10a5cbbbd880330,Absent lymphoid tissues (trait context: allergic disease),allergic disease
Absent Mesoderm Absent Mesoderm,https://purl.org/okn/frink/kg/digcfdekg/node/factor/48e2f1fbe6afe7dee591,Absent Mesoderm Absent Mesoderm (trait context: Proliferative diabetic retinopathy (PDR) vs no PDR acct DoD-GC),Proliferative diabetic retinopathy (PDR) vs no PDR acct DoD-GC
Absent myeloid progenitors,https://purl.org/okn/frink/kg/digcfdekg/node/factor/5fc274851d46185d733d,Absent myeloid progenitors (trait context: Acute lymphoblastic leukemia),Acute lymphoblastic leukemia
Absent myeloid progenitors and hyperplasia,https://purl.org/okn/frink/kg/digcfdekg/node/factor/1d035918a826f1fc6d70,Absent myeloid progenitors and hyperplasia (trait context: Acute myeloid leukemia),Acute myeloid leukemia
Absent myeloid progenitors and megakaryocytes,https://purl.org/okn/frink/kg/digcfdekg/node/factor/27e88f118036da9ebf3c,Absent myeloid progenitors and megakaryocytes (trait context: Acute lymphoblastic leukemia),Acute lymphoblastic leukemia
Absent nodes and EBV lymphocytes,https://purl.org/okn/frink/kg/digcfdekg/node/factor/ea1d5dc71f448ce2ccc1,Absent nodes and EBV lymphocytes (trait context: primary biliary cirrhosis),primary biliary cirrhosis
Absent Peyer patches; immune abnormalities,https://purl.org/okn/frink/kg/digcfdekg/node/factor/2b9957149a30340adade,Absent Peyer patches; immune abnormalities (trait context: atopic eczema),atopic eczema
absent spleen germinal center,https://purl.org/okn/frink/kg/digcfdekg/node/factor/42d5eff965fd441786be,absent spleen germinal center (trait context: Multiple sclerosis),Multiple sclerosis
Absent spleen germinal center,https://purl.org/okn/frink/kg/digcfdekg/node/factor/bbf427a757ae24966bfb,Absent spleen germinal center (trait context: multiple sclerosis),multiple sclerosis
Acid Glycosidases,https://purl.org/okn/frink/kg/digcfdekg/node/factor/685ab809df5b34c81ee3,Acid Glycosidases (trait context: Lysosomal disease),Lysosomal disease
Actin movement and contraction,https://purl.org/okn/frink/kg/digcfdekg/node/factor/43df4b31075e373c3378,Actin movement and contraction (trait context: Brugada syndrome),Brugada syndrome
Actin-Myosin Sliding and Degeneration,https://purl.org/okn/frink/kg/digcfdekg/node/factor/7c3ba740a584d64f0d2b,Actin-Myosin Sliding and Degeneration (trait context: Rare cardiomyopathy),Rare cardiomyopathy
Activated T cells and autoimmunity,https://purl.org/okn/frink/kg/digcfdekg/node/factor/43674f99177895afc662,Activated T cells and autoimmunity (trait context: inflammatory bowel disease),inflammatory bowel disease
Activated T cells and IL-6,https://purl.org/okn/frink/kg/digcfdekg/node/factor/07711e53427d91ecc8a3,Activated T cells and IL-6 (trait context: primary biliary cirrhosis),primary biliary cirrhosis
Activated T cells interferon signaling,https://purl.org/okn/frink/kg/digcfdekg/node/factor/1ab088f9fb5dc6ad2d64,Activated T cells interferon signaling (trait context: systemic lupus erythematosus),systemic lupus erythematosus
Acute leukemia and myeloid hyperplasia,https://purl.org/okn/frink/kg/digcfdekg/node/factor/0a424b4073b6f3f363bf,Acute leukemia and myeloid hyperplasia (trait context: Lymphoma),Lymphoma
Acute leukemia with myeloid hyperplasia,https://purl.org/okn/frink/kg/digcfdekg/node/factor/134db1ca814d26c7f5fd,Acute leukemia with myeloid hyperplasia (trait context: Acute lymphoblastic leukemia),Acute lymphoblastic leukemia
Acute Lymphoblastic Leukemia,https://purl.org/okn/frink/kg/digcfdekg/node/factor/2cb5559265e7bf4abb0d,Acute Lymphoblastic Leukemia (trait context: Non-Hodgkin lymphoma),Non-Hodgkin lymphoma
Adaptive immunity and antiviral defense,https://purl.org/okn/frink/kg/digcfdekg/node/factor/e11634b023b59c0e3d49,Adaptive immunity and antiviral defense (trait context: psoriatic arthritis),psoriatic arthritis
Adaptive immunity and germinal centers,https://purl.org/okn/frink/kg/digcfdekg/node/factor/4bfd4d592cfc5e2ad0bb,Adaptive immunity and germinal centers (trait context: psoriatic arthritis),psoriatic arthritis
ADGRF5 GPCR coexpression genes,https://purl.org/okn/frink/kg/digcfdekg/node/factor/fb109cfb358d3b67425a,ADGRF5 GPCR coexpression genes (trait context: Thyroid cancer),Thyroid cancer
Adipocyte Differentiation,https://purl.org/okn/frink/kg/digcfdekg/node/factor/544f47f4c2632984f0d2,Adipocyte Differentiation (trait context: Proliferative diabetic retinopathy (PDR) vs no PDR acct DoD-GC),Proliferative diabetic retinopathy (PDR) vs no PDR acct DoD-GC
Adipocyte Differentiation,https://purl.org/okn/frink/kg/digcfdekg/node/factor/e43b029c7d2a5ea7e1b4,Adipocyte Differentiation (trait context: Proliferative diabetic retinopathy vs no DR),Proliferative diabetic retinopathy vs no DR
Adipogenesis and Fat Cell Differentiation,https://purl.org/okn/frink/kg/digcfdekg/node/factor/d192e3997e98f5dcb923,Adipogenesis and Fat Cell Differentiation (trait context: Breast cancer),Breast cancer
Adipogenesis and insulin signaling,https://purl.org/okn/frink/kg/digcfdekg/node/factor/c06e3c90cd5d273fa11c,Adipogenesis and insulin signaling (trait context: Type 2 diabetes (recessive model)),Type 2 diabetes (recessive model)
Adipogenesis and WNT signaling,https://purl.org/okn/frink/kg/digcfdekg/node/factor/bb19de33c25e3d02a6f0,Adipogenesis and WNT signaling (trait context: Type 2 diabetes (additive model)),Type 2 diabetes (additive model)
Adipogenesis and WNT signaling,https://purl.org/okn/frink/kg/digcfdekg/node/factor/567ec1d9f7368dae4130,Adipogenesis and WNT signaling (trait context: Type 2 diabetes (T2D) adj BMI),Type 2 diabetes (T2D) adj BMI
Adipogenesis transcription factors and metabolism,https://purl.org/okn/frink/kg/digcfdekg/node/factor/a90260dfcb8d29fcff0c,Adipogenesis transcription factors and metabolism (trait context: Diabetic retinopathy),Diabetic retinopathy
Adipose and insulin sensitivity,https://purl.org/okn/frink/kg/digcfdekg/node/factor/e1647a81de08dd9a1166,Adipose and insulin sensitivity (trait context: Type 2 diabetes (T2D) adj BMI),Type 2 diabetes (T2D) adj BMI
Adipose and kidney pathology,https://purl.org/okn/frink/kg/digcfdekg/node/factor/54d40a2c6fc6e99c0600,Adipose and kidney pathology (trait context: Type 2 diabetes (recessive model)),Type 2 diabetes (recessive model)
Adipose and lipid metabolism,https://purl.org/okn/frink/kg/digcfdekg/node/factor/610210648aa8c433b7bf,Adipose and lipid metabolism (trait context: Type 2 diabetes with renal manifestations),Type 2 diabetes with renal manifestations
Adipose expansion and lipid metabolism,https://purl.org/okn/frink/kg/digcfdekg/node/factor/76876a7059228cc487a0,Adipose expansion and lipid metabolism (trait context: Type 2 diabetes (with history of pregnancy)),Type 2 diabetes (with history of pregnancy)
Adipose gene expression changes,https://purl.org/okn/frink/kg/digcfdekg/node/factor/206dc33440cdcf7cdcca,Adipose gene expression changes (trait context: Dermatophytosis (dominant model)),Dermatophytosis (dominant model)
Adipose GPCR kinase coexpression,https://purl.org/okn/frink/kg/digcfdekg/node/factor/95948ad6dbfd699b19ac,Adipose GPCR kinase coexpression (trait context: Childhood-onset asthma),Childhood-onset asthma
Adipose morphology and lipid levels,https://purl.org/okn/frink/kg/digcfdekg/node/factor/0957322bbf9d2ec2fabb,Adipose morphology and lipid levels (trait context: Diabetic retinopathy),Diabetic retinopathy
Adipose regulatory alterations,https://purl.org/okn/frink/kg/digcfdekg/node/factor/b0c10656798736eed666,Adipose regulatory alterations (trait context: Type 1 diabetes with ophthalmic manifestations),Type 1 diabetes with ophthalmic manifestations
Adipose tissue morphology and signaling,https://purl.org/okn/frink/kg/digcfdekg/node/factor/18445d9742e84a2cec92,Adipose tissue morphology and signaling (trait context: type 2 diabetes mellitus),type 2 diabetes mellitus
Adipose-liver lipid and leptin,https://purl.org/okn/frink/kg/digcfdekg/node/factor/7fdb04c017c9aa67e70b,Adipose-liver lipid and leptin (trait context: Type 2 diabetes (T2D)),Type 2 diabetes (T2D)
Adrenal and adipose signaling genes,https://purl.org/okn/frink/kg/digcfdekg/node/factor/5eea14c0ec065af60dc9,Adrenal and adipose signaling genes (trait context: Type 2 diabetes with ketoacidosis),Type 2 diabetes with ketoacidosis
Adrenal kinase and collagen coexpressions,https://purl.org/okn/frink/kg/digcfdekg/node/factor/f588f3040694a5dd7e55,Adrenal kinase and collagen coexpressions (trait context: Type 2 diabetes with ketoacidosis),Type 2 diabetes with ketoacidosis
Adrenal-downregulated genes,https://purl.org/okn/frink/kg/digcfdekg/node/factor/32819470d2bc5f9d606f,Adrenal-downregulated genes (trait context: Membranous nephropathy),Membranous nephropathy
Adult Adrenal Expression,https://purl.org/okn/frink/kg/digcfdekg/node/factor/ef291deed04a9f9d75e1,Adult Adrenal Expression (trait context: Chronic primary adrenal insufficiency),Chronic primary adrenal insufficiency
Airway Axoneme Program,https://purl.org/okn/frink/kg/digcfdekg/node/factor/7a17d799482659ad2ab3,Airway Axoneme Program (trait context: Situs inversus totalis),Situs inversus totalis
ALL with B-cell differentiation,https://purl.org/okn/frink/kg/digcfdekg/node/factor/3a0fb971373c5c82bd00,ALL with B-cell differentiation (trait context: Acute lymphoblastic leukemia),Acute lymphoblastic leukemia
Allograft and HLA Activation,https://purl.org/okn/frink/kg/digcfdekg/node/factor/cd288169e4528d557c76,Allograft and HLA Activation (trait context: Primary biliary cholangitis),Primary biliary cholangitis
Allograft rejection and antigen binding,https://purl.org/okn/frink/kg/digcfdekg/node/factor/07777ba2c16e34855242,Allograft rejection and antigen binding (trait context: systemic lupus erythematosus),systemic lupus erythematosus
Allograft rejection and autoimmunity,https://purl.org/okn/frink/kg/digcfdekg/node/factor/0a0bff249a9200587451,Allograft rejection and autoimmunity (trait context: inflammatory bowel disease),inflammatory bowel disease
Allograft rejection and CD4 differentiation,https://purl.org/okn/frink/kg/digcfdekg/node/factor/f850da4b926dc62c1630,Allograft rejection and CD4 differentiation (trait context: psoriasis),psoriasis
Allograft rejection and costimulation,https://purl.org/okn/frink/kg/digcfdekg/node/factor/861dc17fe33ba28013c2,Allograft rejection and costimulation (trait context: Primary sclerosing cholangitis),Primary sclerosing cholangitis
Allograft rejection and cytokines,https://purl.org/okn/frink/kg/digcfdekg/node/factor/870e356ce85762603290,Allograft rejection and cytokines (trait context: allergic disease),allergic disease
Allograft rejection and gut inflammation,https://purl.org/okn/frink/kg/digcfdekg/node/factor/ab3b30c2d678831c6667,Allograft rejection and gut inflammation (trait context: Primary sclerosing cholangitis),Primary sclerosing cholangitis
Allograft rejection and GVHD,https://purl.org/okn/frink/kg/digcfdekg/node/factor/5ffd31320616ca40f498,Allograft rejection and GVHD (trait context: Primary biliary cholangitis),Primary biliary cholangitis
Allograft Rejection and HLA,https://purl.org/okn/frink/kg/digcfdekg/node/factor/0638f4a1c6f38e80f5ad,Allograft Rejection and HLA (trait context: Atopic dermatitis),Atopic dermatitis
Allograft rejection and HLA genes,https://purl.org/okn/frink/kg/digcfdekg/node/factor/09aebd532cbac95deac0,Allograft rejection and HLA genes (trait context: Childhood-onset asthma),Childhood-onset asthma
Allograft rejection and HLA genes,https://purl.org/okn/frink/kg/digcfdekg/node/factor/261a191f697d646b1472,Allograft rejection and HLA genes (trait context: IgA nephropathy (IgAN)),IgA nephropathy (IgAN)
Allograft rejection and HLA genes,https://purl.org/okn/frink/kg/digcfdekg/node/factor/9a5369da7d9c1b2e7da2,Allograft rejection and HLA genes (trait context: Inflammatory bowel disease (IBD)),Inflammatory bowel disease (IBD)
Allograft rejection and HLA genes,https://purl.org/okn/frink/kg/digcfdekg/node/factor/c3efdf3055b81a58c139,Allograft rejection and HLA genes (trait context: primary biliary cirrhosis),primary biliary cirrhosis
Allograft rejection and HLA molecules,https://purl.org/okn/frink/kg/digcfdekg/node/factor/ef4f58d69632391b87b1,Allograft rejection and HLA molecules (trait context: psoriasis),psoriasis
Allograft rejection and HLA proteins,https://purl.org/okn/frink/kg/digcfdekg/node/factor/1fecf9a2a05caf15ad59,Allograft rejection and HLA proteins (trait context: IGA glomerulonephritis),IGA glomerulonephritis
Allograft rejection and HLA targets,https://purl.org/okn/frink/kg/digcfdekg/node/factor/606f69a99e6d5662520c,Allograft rejection and HLA targets (trait context: IGA glomerulonephritis),IGA glomerulonephritis
Allograft rejection and IL-12 signaling,https://purl.org/okn/frink/kg/digcfdekg/node/factor/207069042f111d825f0f,Allograft rejection and IL-12 signaling (trait context: systemic lupus erythematosus),systemic lupus erythematosus
Allograft rejection and immune receptors,https://purl.org/okn/frink/kg/digcfdekg/node/factor/0f91f2d90f3de07bdafe,Allograft rejection and immune receptors (trait context: psoriasis),psoriasis
Allograft rejection and immune signaling,https://purl.org/okn/frink/kg/digcfdekg/node/factor/2a05ef6c1a3fdfd8640b,Allograft rejection and immune signaling (trait context: systemic lupus erythematosus),systemic lupus erythematosus
Allograft Rejection and Immunity Regulation,https://purl.org/okn/frink/kg/digcfdekg/node/factor/950b3e90d54bf8c3dcfb,Allograft Rejection and Immunity Regulation (trait context: childhood onset asthma),childhood onset asthma
Allograft rejection and inflammation,https://purl.org/okn/frink/kg/digcfdekg/node/factor/8fe4eb8089cfe8711277,Allograft rejection and inflammation (trait context: Primary sclerosing cholangitis),Primary sclerosing cholangitis
Allograft rejection and inflammatory signaling,https://purl.org/okn/frink/kg/digcfdekg/node/factor/379b1bf7fd7ec6c83b7d,Allograft rejection and inflammatory signaling (trait context: Vasculitis),Vasculitis
Allograft rejection and inflammatory signals,https://purl.org/okn/frink/kg/digcfdekg/node/factor/69b38785736ede1a4362,Allograft rejection and inflammatory signals (trait context: Psoriasis),Psoriasis
Allograft rejection and interleukin signaling,https://purl.org/okn/frink/kg/digcfdekg/node/factor/e4ef408cf11a2b75e73c,Allograft rejection and interleukin signaling (trait context: psoriasis),psoriasis
Allograft rejection and Kupffer cells,https://purl.org/okn/frink/kg/digcfdekg/node/factor/723201ca4c3be20b4770,Allograft rejection and Kupffer cells (trait context: Primary sclerosing cholangitis),Primary sclerosing cholangitis
Allograft rejection and MHC genes,https://purl.org/okn/frink/kg/digcfdekg/node/factor/36b1e40f311b581e548b,Allograft rejection and MHC genes (trait context: multiple sclerosis),multiple sclerosis
Allograft rejection HLA alleles,https://purl.org/okn/frink/kg/digcfdekg/node/factor/e7ed95f7aaa3a1f2315d,Allograft rejection HLA alleles (trait context: allergic disease),allergic disease
Allograft rejection HLAs,https://purl.org/okn/frink/kg/digcfdekg/node/factor/f6ea3d57d2a504b2928f,Allograft rejection HLAs (trait context: Primary sclerosing cholangitis),Primary sclerosing cholangitis
Allograft rejection pathways,https://purl.org/okn/frink/kg/digcfdekg/node/factor/4a59ae6be92b01f7e1e9,Allograft rejection pathways (trait context: Behet disease),Behet disease
alloimmune and HLA expression,https://purl.org/okn/frink/kg/digcfdekg/node/factor/5b117c3319bf45786d32,alloimmune and HLA expression (trait context: Multiple sclerosis),Multiple sclerosis
Alpha-beta T cell differentiation,https://purl.org/okn/frink/kg/digcfdekg/node/factor/a6b27242ef0a08e84b57,Alpha-beta T cell differentiation (trait context: Childhood-onset asthma),Childhood-onset asthma
ALPK2 kinase coexpression in muscle,https://purl.org/okn/frink/kg/digcfdekg/node/factor/62794cf4ad393db13ba3,ALPK2 kinase coexpression in muscle (trait context: Dilated cardiomyopathy),Dilated cardiomyopathy
Altered B cell fate,https://purl.org/okn/frink/kg/digcfdekg/node/factor/be3aab01b760970be1a7,Altered B cell fate (trait context: inflammatory bowel disease),inflammatory bowel disease
"Altered B cells, gut inflammation",https://purl.org/okn/frink/kg/digcfdekg/node/factor/b3f0dc62eee95bc632ca,"Altered B cells, gut inflammation (trait context: IgA nephropathy (IgAN))",IgA nephropathy (IgAN)
Altered cytokine secretion and proliferation,https://purl.org/okn/frink/kg/digcfdekg/node/factor/c78a8d4cdebe418c9dd5,Altered cytokine secretion and proliferation (trait context: autoimmune disease),autoimmune disease
Alternative Pathway Fetal Androgen Synthesis,https://purl.org/okn/frink/kg/digcfdekg/node/factor/a82fd37f145a60d2a15f,Alternative Pathway Fetal Androgen Synthesis (trait context: Chronic primary adrenal insufficiency),Chronic primary adrenal insufficiency
Alveolar Cell and Macrophage Dysfunction,https://purl.org/okn/frink/kg/digcfdekg/node/factor/7ded5f79a213110661c2,Alveolar Cell and Macrophage Dysfunction (trait context: Interstitial lung disease),Interstitial lung disease
Alveolar Macrophage and Lung Inflammation,https://purl.org/okn/frink/kg/digcfdekg/node/factor/886afff3f09a2ff466a4,Alveolar Macrophage and Lung Inflammation (trait context: Interstitial lung disease),Interstitial lung disease
Alveolar Proteinosis and Inflammation,https://purl.org/okn/frink/kg/digcfdekg/node/factor/59f7f4df9c00dd818fe7,Alveolar Proteinosis and Inflammation (trait context: Interstitial lung disease),Interstitial lung disease
Alveolar Proteinosis and JAK-STAT Signaling,https://purl.org/okn/frink/kg/digcfdekg/node/factor/5c9a980fbb3da9723ba1,Alveolar Proteinosis and JAK-STAT Signaling (trait context: Interstitial lung disease),Interstitial lung disease
Alveolar Proteinosis and Surfactant Defects,https://purl.org/okn/frink/kg/digcfdekg/node/factor/2054481de26dc95273ea,Alveolar Proteinosis and Surfactant Defects (trait context: Interstitial lung disease),Interstitial lung disease
Amino Acid Metabolism and Derivatives,https://purl.org/okn/frink/kg/digcfdekg/node/factor/3d4b451a433bcff8fb7a,Amino Acid Metabolism and Derivatives (trait context: Organic aciduria),Organic aciduria
Amino acid metabolism and development,https://purl.org/okn/frink/kg/digcfdekg/node/factor/2fc09fa575a36dc26346,Amino acid metabolism and development (trait context: Rare aplastic anemia),Rare aplastic anemia
Amino Acid Transport Genes,https://purl.org/okn/frink/kg/digcfdekg/node/factor/38dde734b159653ee47e,Amino Acid Transport Genes (trait context: Polycystic ovary syndrome (PCOS)),Polycystic ovary syndrome (PCOS)
Ammonia and Mitochondrial Metabolism,https://purl.org/okn/frink/kg/digcfdekg/node/factor/4dc082a8b648e76b1be5,Ammonia and Mitochondrial Metabolism (trait context: Organic aciduria),Organic aciduria
Amyloid Fiber Formation Astrocyte Markers,https://purl.org/okn/frink/kg/digcfdekg/node/factor/7ad2eeadf196db361747,Amyloid Fiber Formation Astrocyte Markers (trait context: Amyloidosis),Amyloidosis
Amyloid Fibril Formation and Neurodegeneration,https://purl.org/okn/frink/kg/digcfdekg/node/factor/73a193df22dfda6c7deb,Amyloid Fibril Formation and Neurodegeneration (trait context: Amyloidosis),Amyloidosis
Amyloid Fibril Formation and Trophoblasts,https://purl.org/okn/frink/kg/digcfdekg/node/factor/9e03a354b9849886157b,Amyloid Fibril Formation and Trophoblasts (trait context: Amyloidosis),Amyloidosis
Amyloid Formation and Innate Immunity,https://purl.org/okn/frink/kg/digcfdekg/node/factor/5709002df1e6955eb1a1,Amyloid Formation and Innate Immunity (trait context: Amyloidosis),Amyloidosis
Amyloid Formation and Upregulated Genes,https://purl.org/okn/frink/kg/digcfdekg/node/factor/da0843aa6568d78e442b,Amyloid Formation and Upregulated Genes (trait context: Amyloidosis),Amyloidosis
Androgen Responsive Prostate,https://purl.org/okn/frink/kg/digcfdekg/node/factor/3bf0246497cbaaa8f7c7,Androgen Responsive Prostate (trait context: prostate carcinoma),prostate carcinoma
Angiogenesis and adipogenesis regulation,https://purl.org/okn/frink/kg/digcfdekg/node/factor/04b71f1190a01187a8ca,Angiogenesis and adipogenesis regulation (trait context: Type 2 diabetes (T2D)),Type 2 diabetes (T2D)
Antigen presentation and HLA diversity,https://purl.org/okn/frink/kg/digcfdekg/node/factor/be4e6fe6e52361024a19,Antigen presentation and HLA diversity (trait context: Non-Hodgkin's lymphoma),Non-Hodgkin's lymphoma
Antigen presentation and immune regulation,https://purl.org/okn/frink/kg/digcfdekg/node/factor/a78e964e7e91e99dfd85,Antigen presentation and immune regulation (trait context: ankylosing spondylitis),ankylosing spondylitis
Antigen presentation HLA class II,https://purl.org/okn/frink/kg/digcfdekg/node/factor/284d48e68c3e4b48ffdf,Antigen presentation HLA class II (trait context: Systemic lupus erythematosus (SLE)),Systemic lupus erythematosus (SLE)
Antigen processing and HLA genes,https://purl.org/okn/frink/kg/digcfdekg/node/factor/4f5dc527367d37718815,Antigen processing and HLA genes (trait context: Takayasu arteritis),Takayasu arteritis
Antigen processing and presentation,https://purl.org/okn/frink/kg/digcfdekg/node/factor/c321a24e1ba621f575bd,Antigen processing and presentation (trait context: Narcolepsy),Narcolepsy
Antiviral defense and innate activation,https://purl.org/okn/frink/kg/digcfdekg/node/factor/ebc31363dce0fd0211de,Antiviral defense and innate activation (trait context: Vasculitis),Vasculitis
AP1 and ATF2 Pathways,https://purl.org/okn/frink/kg/digcfdekg/node/factor/0d9a5353f6178bc5de88,AP1 and ATF2 Pathways (trait context: Ovarian cancer),Ovarian cancer
Apoptosis pathways and p53 miRNA,https://purl.org/okn/frink/kg/digcfdekg/node/factor/81caf66c2f2f83d53bb9,Apoptosis pathways and p53 miRNA (trait context: clear cell renal carcinoma),clear cell renal carcinoma
Arrested B-cell differentiation,https://purl.org/okn/frink/kg/digcfdekg/node/factor/aace8dd1e0d79b0b7332,Arrested B-cell differentiation (trait context: Acute lymphoblastic leukemia),Acute lymphoblastic leukemia
Arrested immature B cells,https://purl.org/okn/frink/kg/digcfdekg/node/factor/eac2adfaf36ba1902657,Arrested immature B cells (trait context: Acute lymphoblastic leukemia),Acute lymphoblastic leukemia
Asthma and Leishmania Immune Signaling,https://purl.org/okn/frink/kg/digcfdekg/node/factor/bff0a1136cc1fac26141,Asthma and Leishmania Immune Signaling (trait context: Interstitial lung disease),Interstitial lung disease
ATM,https://purl.org/okn/frink/kg/digcfdekg/node/factor/9af841a5a4e64b36f781,ATM (trait context: Non-Hodgkin lymphoma),Non-Hodgkin lymphoma
ATM and BRCA Pathways,https://purl.org/okn/frink/kg/digcfdekg/node/factor/01e1ac96edff398d02c8,ATM and BRCA Pathways (trait context: Hereditary breast and/or ovarian cancer syndrome),Hereditary breast and/or ovarian cancer syndrome
ATM/ATR DNA Damage Response,https://purl.org/okn/frink/kg/digcfdekg/node/factor/88369748925e7f97dc4b,ATM/ATR DNA Damage Response (trait context: Hereditary breast and/or ovarian cancer syndrome),Hereditary breast and/or ovarian cancer syndrome
Atrial and myocardial necrosis genes,https://purl.org/okn/frink/kg/digcfdekg/node/factor/01fc10ad93411f274402,Atrial and myocardial necrosis genes (trait context: Dilated cardiomyopathy),Dilated cardiomyopathy
Atrial and ventricular development genes,https://purl.org/okn/frink/kg/digcfdekg/node/factor/3c59dbcb96717689a7c9,Atrial and ventricular development genes (trait context: Tetralogy of Fallot),Tetralogy of Fallot
Atrial and Ventricular Heart Traits,https://purl.org/okn/frink/kg/digcfdekg/node/factor/94e9a9fe9bdc02684179,Atrial and Ventricular Heart Traits (trait context: Rare cardiomyopathy),Rare cardiomyopathy
Atrial appendage upregulation genes,https://purl.org/okn/frink/kg/digcfdekg/node/factor/cf2f4b830cce93695cea,Atrial appendage upregulation genes (trait context: Dilated cardiomyopathy),Dilated cardiomyopathy
Atrial Contractile Program,https://purl.org/okn/frink/kg/digcfdekg/node/factor/01ce1088d653906d2bed,Atrial Contractile Program (trait context: Dilated cardiomyopathy; strict definition),Dilated cardiomyopathy; strict definition
Autoantibodies and B cell increase,https://purl.org/okn/frink/kg/digcfdekg/node/factor/e43f6be5ada3d9691e43,Autoantibodies and B cell increase (trait context: Systemic lupus erythematosus),Systemic lupus erythematosus
Autoimmune antibodies and B cells,https://purl.org/okn/frink/kg/digcfdekg/node/factor/9fc89de08b565eae62ab,Autoimmune antibodies and B cells (trait context: Childhood-onset asthma),Childhood-onset asthma
Autoimmune Diabetes and Cytokine Genes,https://purl.org/okn/frink/kg/digcfdekg/node/factor/a53e5855904b8910a366,Autoimmune Diabetes and Cytokine Genes (trait context: Severe autoimmune type 2 diabetes),Severe autoimmune type 2 diabetes
Autoimmune gland inflammation and cytokines,https://purl.org/okn/frink/kg/digcfdekg/node/factor/ea689eaf4c6ad2fe9924,Autoimmune gland inflammation and cytokines (trait context: Psoriasis),Psoriasis
Autoimmune inflammation and lymphoid changes,https://purl.org/okn/frink/kg/digcfdekg/node/factor/bfa061db34ab5e99eb19,Autoimmune inflammation and lymphoid changes (trait context: atopic eczema),atopic eczema
Autoimmune inflammation and regulation,https://purl.org/okn/frink/kg/digcfdekg/node/factor/f6799b22f41743ba8adf,Autoimmune inflammation and regulation (trait context: Psoriasis),Psoriasis
Autoimmune response and T-cell abnormalities,https://purl.org/okn/frink/kg/digcfdekg/node/factor/d05a58bb760e289bd295,Autoimmune response and T-cell abnormalities (trait context: type 1 diabetes mellitus),type 1 diabetes mellitus
Autoimmune susceptibility and immune development,https://purl.org/okn/frink/kg/digcfdekg/node/factor/73eced0986419a658ea9,Autoimmune susceptibility and immune development (trait context: atopic eczema),atopic eczema
Autoimmune Susceptibility and Insulitis,https://purl.org/okn/frink/kg/digcfdekg/node/factor/b69f30ec8be8b54c5b61,Autoimmune Susceptibility and Insulitis (trait context: Severe autoimmune type 2 diabetes),Severe autoimmune type 2 diabetes
Autoimmune susceptibility and T activation,https://purl.org/okn/frink/kg/digcfdekg/node/factor/da01a8857c79306ec817,Autoimmune susceptibility and T activation (trait context: atopic eczema),atopic eczema
Autoimmune Susceptibility and Transplant Rejection,https://purl.org/okn/frink/kg/digcfdekg/node/factor/90e60d236be6abe7298c,Autoimmune Susceptibility and Transplant Rejection (trait context: childhood onset asthma),childhood onset asthma
Autoimmunity and increased T cells,https://purl.org/okn/frink/kg/digcfdekg/node/factor/a17e35b3512d2a928fbb,Autoimmunity and increased T cells (trait context: Primary sclerosing cholangitis),Primary sclerosing cholangitis
Autonomic Nervous System Genes,https://purl.org/okn/frink/kg/digcfdekg/node/factor/7dc81bcf752e00cac5fe,Autonomic Nervous System Genes (trait context: Familial medullary thyroid carcinoma),Familial medullary thyroid carcinoma
Autophagy-lysosome and proteasome genes,https://purl.org/okn/frink/kg/digcfdekg/node/factor/7501927e5b96a312d879,Autophagy-lysosome and proteasome genes (trait context: Frontotemporal dementia),Frontotemporal dementia
Autophagy-lysosome neurodegeneration,https://purl.org/okn/frink/kg/digcfdekg/node/factor/5142947d5652f3bf7848,Autophagy-lysosome neurodegeneration (trait context: Hereditary spastic paraplegia),Hereditary spastic paraplegia
"AV cushion, RV morphogenesis, Notch",https://purl.org/okn/frink/kg/digcfdekg/node/factor/a852e33dab3cd6042785,"AV cushion, RV morphogenesis, Notch (trait context: Tetralogy of Fallot)",Tetralogy of Fallot
AV valve and RV morphogenesis,https://purl.org/okn/frink/kg/digcfdekg/node/factor/b191e9d231ba42ac544f,AV valve and RV morphogenesis (trait context: Tetralogy of Fallot),Tetralogy of Fallot
Axon degeneration and autophagy,https://purl.org/okn/frink/kg/digcfdekg/node/factor/98b73023d54a3347fea1,Axon degeneration and autophagy (trait context: Amyotrophic lateral sclerosis),Amyotrophic lateral sclerosis
Axon degeneration and motor neurons,https://purl.org/okn/frink/kg/digcfdekg/node/factor/5efec5b22a3542b44fb5,Axon degeneration and motor neurons (trait context: Amyotrophic lateral sclerosis),Amyotrophic lateral sclerosis
Axon degeneration with spastic paraplegia,https://purl.org/okn/frink/kg/digcfdekg/node/factor/6d49455386f34095e911,Axon degeneration with spastic paraplegia (trait context: Hereditary spastic paraplegia),Hereditary spastic paraplegia
Axon morphology and nerve signaling,https://purl.org/okn/frink/kg/digcfdekg/node/factor/052cb29c5f46b1bb3cc2,Axon morphology and nerve signaling (trait context: Hereditary spastic paraplegia),Hereditary spastic paraplegia
Axonal spheroids with autophagy impairment,https://purl.org/okn/frink/kg/digcfdekg/node/factor/f53811ec912d52997e3f,Axonal spheroids with autophagy impairment (trait context: Hereditary spastic paraplegia),Hereditary spastic paraplegia
Axonal transport and motor neurons,https://purl.org/okn/frink/kg/digcfdekg/node/factor/e7aa6151e903436d1a22,Axonal transport and motor neurons (trait context: Hereditary spastic paraplegia),Hereditary spastic paraplegia
B and T cell abnormalities,https://purl.org/okn/frink/kg/digcfdekg/node/factor/ace8e35ac3492290d684,B and T cell abnormalities (trait context: autoimmune disease),autoimmune disease
B and T cell alterations,https://purl.org/okn/frink/kg/digcfdekg/node/factor/e1aa81fde337bd1c8fda,B and T cell alterations (trait context: primary biliary cirrhosis),primary biliary cirrhosis
B and T cell changes,https://purl.org/okn/frink/kg/digcfdekg/node/factor/c0ea7dcce8fe1238ece2,B and T cell changes (trait context: multiple sclerosis),multiple sclerosis
B and T cell development,https://purl.org/okn/frink/kg/digcfdekg/node/factor/d1843e071ff47a29bf82,B and T cell development (trait context: Precursor B-cell acute lymphoblastic leukemia),Precursor B-cell acute lymphoblastic leukemia
B and T cell dysregulation,https://purl.org/okn/frink/kg/digcfdekg/node/factor/b68778237c6ca1046202,B and T cell dysregulation (trait context: primary biliary cirrhosis),primary biliary cirrhosis
B cell activation and antibodies,https://purl.org/okn/frink/kg/digcfdekg/node/factor/9f92be61d1d0ff37a211,B cell activation and antibodies (trait context: Psoriasis),Psoriasis
B cell activation and antibodies,https://purl.org/okn/frink/kg/digcfdekg/node/factor/1014ab334f3520d5aa0c,B cell activation and antibodies (trait context: Systemic lupus erythematosus),Systemic lupus erythematosus
B cell activation and cytokines,https://purl.org/okn/frink/kg/digcfdekg/node/factor/1da19411056e4fe83ba7,B cell activation and cytokines (trait context: Primary sclerosing cholangitis),Primary sclerosing cholangitis
B cell activation and differentiation,https://purl.org/okn/frink/kg/digcfdekg/node/factor/3ccdc6fbc6d258438011,B cell activation and differentiation (trait context: Type 1 diabetes (T1D)),Type 1 diabetes (T1D)
B cell activation and MHCII,https://purl.org/okn/frink/kg/digcfdekg/node/factor/c1703b06f55943ff4ea1,B cell activation and MHCII (trait context: Systemic lupus erythematosus (SLE)),Systemic lupus erythematosus (SLE)
B cell activation and NF-kB,https://purl.org/okn/frink/kg/digcfdekg/node/factor/50f790f904de1da6e9e6,B cell activation and NF-kB (trait context: IGA glomerulonephritis),IGA glomerulonephritis
B cell Activation Pathways,https://purl.org/okn/frink/kg/digcfdekg/node/factor/11832be5f2bb7726e035,B cell Activation Pathways (trait context: Primary biliary cholangitis),Primary biliary cholangitis
B cell and autoantibody amplification,https://purl.org/okn/frink/kg/digcfdekg/node/factor/27e5f58d64b9a1d39af7,B cell and autoantibody amplification (trait context: Systemic lupus erythematosus),Systemic lupus erythematosus
B cell apoptosis and lymphoid,https://purl.org/okn/frink/kg/digcfdekg/node/factor/64afc525d69df93ee807,B cell apoptosis and lymphoid (trait context: Lymphoma),Lymphoma
B cell arrest and leukemia,https://purl.org/okn/frink/kg/digcfdekg/node/factor/012eb7ef17a1e3ef70ec,B cell arrest and leukemia (trait context: Lymphoma),Lymphoma
B cell differentiation and IgM,https://purl.org/okn/frink/kg/digcfdekg/node/factor/3ccce6a9a9a543cf565e,B cell differentiation and IgM (trait context: Type 1 diabetes (T1D)),Type 1 diabetes (T1D)
B cell differentiation and immunoglobulins,https://purl.org/okn/frink/kg/digcfdekg/node/factor/f697a2b383f23bb854ef,B cell differentiation and immunoglobulins (trait context: Lymphoma),Lymphoma
B cell differentiation and markers,https://purl.org/okn/frink/kg/digcfdekg/node/factor/17de6ec4aa75b2ddb6cf,B cell differentiation and markers (trait context: Precursor B-cell acute lymphoblastic leukemia),Precursor B-cell acute lymphoblastic leukemia
B cell differentiation and signaling,https://purl.org/okn/frink/kg/digcfdekg/node/factor/b1430296d8794ad0535f,B cell differentiation and signaling (trait context: Childhood-onset asthma),Childhood-onset asthma
B Cell Differentiation Arrest,https://purl.org/okn/frink/kg/digcfdekg/node/factor/0fd6630bc9fe2e04625a,B Cell Differentiation Arrest (trait context: Non-Hodgkin lymphoma),Non-Hodgkin lymphoma
B cell differentiation regulation,https://purl.org/okn/frink/kg/digcfdekg/node/factor/0dc3caa9c25d00f2beff,B cell differentiation regulation (trait context: Primary biliary cholangitis),Primary biliary cholangitis
B cell expansion and autoimmunity,https://purl.org/okn/frink/kg/digcfdekg/node/factor/64faae8c9ca098c5af2a,B cell expansion and autoimmunity (trait context: Psoriasis),Psoriasis
B cell inhibition and signaling,https://purl.org/okn/frink/kg/digcfdekg/node/factor/6b88fa14676c57f83da0,B cell inhibition and signaling (trait context: Systemic lupus erythematosus),Systemic lupus erythematosus
B Cell Lymphoid Amplification,https://purl.org/okn/frink/kg/digcfdekg/node/factor/354558a9dda98477f7f5,B Cell Lymphoid Amplification (trait context: Non-Hodgkin lymphoma),Non-Hodgkin lymphoma
B cell markers across tissues,https://purl.org/okn/frink/kg/digcfdekg/node/factor/7b9acd27920da4c5f706,B cell markers across tissues (trait context: IgA nephropathy (IgAN)),IgA nephropathy (IgAN)
B cell markers and CXCR4,https://purl.org/okn/frink/kg/digcfdekg/node/factor/44a236192d9e7198a410,B cell markers and CXCR4 (trait context: Systemic lupus erythematosus (SLE)),Systemic lupus erythematosus (SLE)
B cell markers and MAP3K14,https://purl.org/okn/frink/kg/digcfdekg/node/factor/b62d0a581728d9cbe61f,B cell markers and MAP3K14 (trait context: Systemic lupus erythematosus (SLE)),Systemic lupus erythematosus (SLE)
B cell maturation and activation,https://purl.org/okn/frink/kg/digcfdekg/node/factor/57e32d03d8b960c60a73,B cell maturation and activation (trait context: Multiple sclerosis),Multiple sclerosis
B cell mediated adaptive immunity,https://purl.org/okn/frink/kg/digcfdekg/node/factor/47d77258a5f383c774d3,B cell mediated adaptive immunity (trait context: Systemic lupus erythematosus),Systemic lupus erythematosus
B cell proliferation and survival,https://purl.org/okn/frink/kg/digcfdekg/node/factor/e61592e5a259f2682d22,B cell proliferation and survival (trait context: Inflammatory bowel disease (IBD)),Inflammatory bowel disease (IBD)
B cell receptor activation,https://purl.org/okn/frink/kg/digcfdekg/node/factor/0a66f14c14359d9aec4e,B cell receptor activation (trait context: Systemic lupus erythematosus (SLE)),Systemic lupus erythematosus (SLE)
B cell receptor signaling pathway,https://purl.org/okn/frink/kg/digcfdekg/node/factor/afde518a4cf0f257c5dc,B cell receptor signaling pathway (trait context: multiple sclerosis),multiple sclerosis
B Cell Receptor Signaling Up,https://purl.org/okn/frink/kg/digcfdekg/node/factor/0121847b9e536cd94e2d,B Cell Receptor Signaling Up (trait context: Systemic lupus erythematosus),Systemic lupus erythematosus
B cell response to vaccine,https://purl.org/okn/frink/kg/digcfdekg/node/factor/91ca653966f1092da7ec,B cell response to vaccine (trait context: Systemic lupus erythematosus (SLE)),Systemic lupus erythematosus (SLE)
B cell-driven autoimmune risk,https://purl.org/okn/frink/kg/digcfdekg/node/factor/4beb9c16727cc4f7b65c,B cell-driven autoimmune risk (trait context: Systemic lupus erythematosus),Systemic lupus erythematosus
B T cell activation signaling,https://purl.org/okn/frink/kg/digcfdekg/node/factor/304b04d66753223c9e8b,B T cell activation signaling (trait context: Lymphoma),Lymphoma
B-cell development and kinases,https://purl.org/okn/frink/kg/digcfdekg/node/factor/6109f8d06ffdd6c164eb,B-cell development and kinases (trait context: Precursor B-cell acute lymphoblastic leukemia),Precursor B-cell acute lymphoblastic leukemia
B/T and myeloid signaling kinases,https://purl.org/okn/frink/kg/digcfdekg/node/factor/bd98c27f7ce72afc15e4,B/T and myeloid signaling kinases (trait context: Precursor B-cell acute lymphoblastic leukemia),Precursor B-cell acute lymphoblastic leukemia
B/T cell development,https://purl.org/okn/frink/kg/digcfdekg/node/factor/0b15229658153c47e36f,B/T cell development (trait context: Precursor B-cell acute lymphoblastic leukemia),Precursor B-cell acute lymphoblastic leukemia
Basement membrane and sarcolemma abnormalities,https://purl.org/okn/frink/kg/digcfdekg/node/factor/1a0b7de97f53de802ce5,Basement membrane and sarcolemma abnormalities (trait context: Muscular dystrophy),Muscular dystrophy
Basement Membranes and ECM Interactions,https://purl.org/okn/frink/kg/digcfdekg/node/factor/b89319e3423f49576fb2,Basement Membranes and ECM Interactions (trait context: colorectal cancer),colorectal cancer
BBSome cargo trafficking,https://purl.org/okn/frink/kg/digcfdekg/node/factor/22ba929971b2c66d1959,BBSome cargo trafficking (trait context: Retinitis pigmentosa),Retinitis pigmentosa
BCL10,https://purl.org/okn/frink/kg/digcfdekg/node/factor/10d9d4ace8699fcf3e72,BCL10 (trait context: Non-Hodgkin lymphoma),Non-Hodgkin lymphoma
"BCR signaling, reduced B cells",https://purl.org/okn/frink/kg/digcfdekg/node/factor/f3aa4686337384a5b9ea,"BCR signaling, reduced B cells (trait context: Systemic lupus erythematosus)",Systemic lupus erythematosus
Beta cell development and diabetes,https://purl.org/okn/frink/kg/digcfdekg/node/factor/7d60edb861c2fea756f5,Beta cell development and diabetes (trait context: Diabetic retinopathy),Diabetic retinopathy
Beta cell development genes,https://purl.org/okn/frink/kg/digcfdekg/node/factor/317541056c980b13610d,Beta cell development genes (trait context: Type 2 diabetes (T2D) adj BMI),Type 2 diabetes (T2D) adj BMI
Beta cell development pathways,https://purl.org/okn/frink/kg/digcfdekg/node/factor/ee84d699b07ae3cb73ed,Beta cell development pathways (trait context: Type 2 diabetes (recessive model)),Type 2 diabetes (recessive model)
Beta cell dysfunction and apoptosis,https://purl.org/okn/frink/kg/digcfdekg/node/factor/d7544f7dc0ef6c123c57,Beta cell dysfunction and apoptosis (trait context: type 2 diabetes mellitus),type 2 diabetes mellitus
Beta cell gene expression regulation,https://purl.org/okn/frink/kg/digcfdekg/node/factor/95dee374075e8274e6a8,Beta cell gene expression regulation (trait context: Type 2 diabetes (additive model)),Type 2 diabetes (additive model)
Beta cell morphology and glucose,https://purl.org/okn/frink/kg/digcfdekg/node/factor/46bd799caee51e780a36,Beta cell morphology and glucose (trait context: Type 2 diabetes (with history of pregnancy)),Type 2 diabetes (with history of pregnancy)
Beta cells and insulin resistance,https://purl.org/okn/frink/kg/digcfdekg/node/factor/2faab58c9220c240ffb3,Beta cells and insulin resistance (trait context: Type 2 diabetes (T2D) adj BMI),Type 2 diabetes (T2D) adj BMI
Beta-cell apoptosis and energy expenditure,https://purl.org/okn/frink/kg/digcfdekg/node/factor/ac2ce60bd71bc4cef353,Beta-cell apoptosis and energy expenditure (trait context: Type 2 diabetes with neurological manifestations),Type 2 diabetes with neurological manifestations
Beta-cell apoptosis and insulin secretion,https://purl.org/okn/frink/kg/digcfdekg/node/factor/0d91eb9213b478c68d25,Beta-cell apoptosis and insulin secretion (trait context: Type 2 diabetes with neurological manifestations),Type 2 diabetes with neurological manifestations
Beta-cell dysfunction and metabolic changes,https://purl.org/okn/frink/kg/digcfdekg/node/factor/d58c9cdf75c23d1f5c1c,Beta-cell dysfunction and metabolic changes (trait context: Type 2 diabetes (dominant model)),Type 2 diabetes (dominant model)
Beta-cell dysfunction and signaling,https://purl.org/okn/frink/kg/digcfdekg/node/factor/5eb54c8147100a755957,Beta-cell dysfunction and signaling (trait context: Type 2 diabetes with neurological manifestations),Type 2 diabetes with neurological manifestations
Beta-cell dysfunction with muscle lipids,https://purl.org/okn/frink/kg/digcfdekg/node/factor/d5b54368d58b927b5c19,Beta-cell dysfunction with muscle lipids (trait context: Type 2 diabetes (with history of pregnancy)),Type 2 diabetes (with history of pregnancy)
Beta-cell gene regulation,https://purl.org/okn/frink/kg/digcfdekg/node/factor/9b5d296a20c40dea7a93,Beta-cell gene regulation (trait context: Type 2 diabetes (with history of pregnancy)),Type 2 diabetes (with history of pregnancy)
Beta-cell gene regulation and glucose,https://purl.org/okn/frink/kg/digcfdekg/node/factor/c5c0ed0e2519db30089f,Beta-cell gene regulation and glucose (trait context: type 2 diabetes mellitus),type 2 diabetes mellitus
Beta-cell gene regulation in diabetes,https://purl.org/okn/frink/kg/digcfdekg/node/factor/e2abeb877605424c21c9,Beta-cell gene regulation in diabetes (trait context: Type 2 diabetes (T2D)),Type 2 diabetes (T2D)
Beta-cell mass and adipose changes,https://purl.org/okn/frink/kg/digcfdekg/node/factor/62254a1cc17de59cedc6,Beta-cell mass and adipose changes (trait context: Type 2 diabetes (T2D)),Type 2 diabetes (T2D)
Beta-Oxidation and Propanoate Metabolism,https://purl.org/okn/frink/kg/digcfdekg/node/factor/8c3fb981f8aedc2de10c,Beta-Oxidation and Propanoate Metabolism (trait context: Organic aciduria),Organic aciduria
Bile Acids and Steroid Metabolism,https://purl.org/okn/frink/kg/digcfdekg/node/factor/6f4f4e560506c5fc1ac9,Bile Acids and Steroid Metabolism (trait context: Disorder of lipid metabolism),Disorder of lipid metabolism
Bile and lipid metabolism disorders,https://purl.org/okn/frink/kg/digcfdekg/node/factor/489956d4a004e9a9cba7,Bile and lipid metabolism disorders (trait context: Infantile Refsum disease),Infantile Refsum disease
Blood vessel T cell markers,https://purl.org/okn/frink/kg/digcfdekg/node/factor/5f02b1312aa8a66f03e3,Blood vessel T cell markers (trait context: multiple sclerosis),multiple sclerosis
BMP and TGF-beta development signaling,https://purl.org/okn/frink/kg/digcfdekg/node/factor/f553e85682c381b0509e,BMP and TGF-beta development signaling (trait context: Hyperaldosteronism),Hyperaldosteronism
BMP Signaling and Skeletal Development,https://purl.org/okn/frink/kg/digcfdekg/node/factor/8a8e482964a711eea28c,BMP Signaling and Skeletal Development (trait context: colorectal cancer),colorectal cancer
BMP/TGFβ Signaling and SMADs,https://purl.org/okn/frink/kg/digcfdekg/node/factor/9e2b4461ca255c1d24ff,BMP/TGFβ Signaling and SMADs (trait context: colorectal cancer),colorectal cancer
Bone Development and Ossification Genes,https://purl.org/okn/frink/kg/digcfdekg/node/factor/a559eeb7cff8da895a71,Bone Development and Ossification Genes (trait context: Polycystic ovary syndrome (PCOS)),Polycystic ovary syndrome (PCOS)
Bone formation and BMP signaling,https://purl.org/okn/frink/kg/digcfdekg/node/factor/59509c3dfaa5b84e410a,Bone formation and BMP signaling (trait context: Type 1 diabetes with renal manifestations),Type 1 diabetes with renal manifestations
Bone marrow hematopoiesis markers,https://purl.org/okn/frink/kg/digcfdekg/node/factor/55117ad17bbbe885eb87,Bone marrow hematopoiesis markers (trait context: Precursor B-cell acute lymphoblastic leukemia),Precursor B-cell acute lymphoblastic leukemia
Bone marrow progenitors and HSCs,https://purl.org/okn/frink/kg/digcfdekg/node/factor/6c42e7caa5d9b11c54f0,Bone marrow progenitors and HSCs (trait context: Acute myeloid leukemia),Acute myeloid leukemia
Bowel inflammation and asthma signaling,https://purl.org/okn/frink/kg/digcfdekg/node/factor/1587e747e0ea6b203a8c,Bowel inflammation and asthma signaling (trait context: psoriasis),psoriasis
brain and adipose immune signatures,https://purl.org/okn/frink/kg/digcfdekg/node/factor/7f2a794a76ff99c38c0f,brain and adipose immune signatures (trait context: Multiple sclerosis),Multiple sclerosis
Brain and pituitary development defects,https://purl.org/okn/frink/kg/digcfdekg/node/factor/b1234ca45fe780123f90,Brain and pituitary development defects (trait context: Type 1 diabetes with ketoacidosis),Type 1 diabetes with ketoacidosis
Brain mitochondrial gene downregulation,https://purl.org/okn/frink/kg/digcfdekg/node/factor/ab7cac24b7b8924aacdd,Brain mitochondrial gene downregulation (trait context: Rare hypertrophic cardiomyopathy),Rare hypertrophic cardiomyopathy
Branched Chain Amino Acid Metabolism,https://purl.org/okn/frink/kg/digcfdekg/node/factor/27b49fe03dfb6bb75692,Branched Chain Amino Acid Metabolism (trait context: Organic aciduria),Organic aciduria
Branched-Chain and Fatty Acid Metabolism,https://purl.org/okn/frink/kg/digcfdekg/node/factor/62be83eb4694445c5be9,Branched-Chain and Fatty Acid Metabolism (trait context: Organic aciduria),Organic aciduria
Branched-Chain and Organic Acid Catabolism,https://purl.org/okn/frink/kg/digcfdekg/node/factor/38c17995c30069e9b928,Branched-Chain and Organic Acid Catabolism (trait context: Organic aciduria),Organic aciduria
Branching morphogenesis and organ development,https://purl.org/okn/frink/kg/digcfdekg/node/factor/4a6083dcc7d8fdb10792,Branching morphogenesis and organ development (trait context: Type 2 diabetes (additive model)),Type 2 diabetes (additive model)
BRCA-Driven DNA Repair,https://purl.org/okn/frink/kg/digcfdekg/node/factor/c1832fa117f08a492b80,BRCA-Driven DNA Repair (trait context: Hereditary breast and/or ovarian cancer syndrome),Hereditary breast and/or ovarian cancer syndrome
Breast Tissue Development and Cancer,https://purl.org/okn/frink/kg/digcfdekg/node/factor/c0c437a92de2a8c0bd4f,Breast Tissue Development and Cancer (trait context: cancer),cancer
Breast-Stomach Expression Shifts,https://purl.org/okn/frink/kg/digcfdekg/node/factor/8157a7a25e74f34e5aca,Breast-Stomach Expression Shifts (trait context: prostate carcinoma),prostate carcinoma
Brown adipose and liver glycogen,https://purl.org/okn/frink/kg/digcfdekg/node/factor/d2ecb64bae4ae01fc7b5,Brown adipose and liver glycogen (trait context: Type 2 diabetes (T2D)),Type 2 diabetes (T2D)
Brown fat morphology and lipodystrophy,https://purl.org/okn/frink/kg/digcfdekg/node/factor/f47d2312f01a36a2f624,Brown fat morphology and lipodystrophy (trait context: Type 2 diabetes with neurological manifestations),Type 2 diabetes with neurological manifestations
Calcium and cation channel regulation,https://purl.org/okn/frink/kg/digcfdekg/node/factor/bb25e471c87df907fa37,Calcium and cation channel regulation (trait context: Brugada syndrome),Brugada syndrome
Calcium and Membrane Transport Regulation,https://purl.org/okn/frink/kg/digcfdekg/node/factor/58275f89584125a4f4dd,Calcium and Membrane Transport Regulation (trait context: Long QT syndrome),Long QT syndrome
Calcium channel activity and import,https://purl.org/okn/frink/kg/digcfdekg/node/factor/b2cbc5f9642424aa8d73,Calcium channel activity and import (trait context: Brugada syndrome),Brugada syndrome
Calcium Dynamics and Cardiac Conduction,https://purl.org/okn/frink/kg/digcfdekg/node/factor/016ddfb56e24379c9159,Calcium Dynamics and Cardiac Conduction (trait context: Long QT syndrome),Long QT syndrome
Calcium Handling Myocytes,https://purl.org/okn/frink/kg/digcfdekg/node/factor/667a52c0b84961d1737a,Calcium Handling Myocytes (trait context: Dilated cardiomyopathy; strict definition),Dilated cardiomyopathy; strict definition
Calcium Release and Cardiac Conduction,https://purl.org/okn/frink/kg/digcfdekg/node/factor/fedf740bafe48933d613,Calcium Release and Cardiac Conduction (trait context: Long QT syndrome),Long QT syndrome
Cancer and Hair/Bone Pathways,https://purl.org/okn/frink/kg/digcfdekg/node/factor/c2ed8ce0165904f383a3,Cancer and Hair/Bone Pathways (trait context: Astrocytoma),Astrocytoma
Cancer Pathways Across Tumor Types,https://purl.org/okn/frink/kg/digcfdekg/node/factor/325560aa974925a1c8b2,Cancer Pathways Across Tumor Types (trait context: cancer),cancer
Cancer Pathways and Genes Set1,https://purl.org/okn/frink/kg/digcfdekg/node/factor/d8961c2d2197ba398e78,Cancer Pathways and Genes Set1 (trait context: Adult hepatocellular carcinoma),Adult hepatocellular carcinoma
Cancer Pathways and Mutations Set2,https://purl.org/okn/frink/kg/digcfdekg/node/factor/189929f50d03fb152eed,Cancer Pathways and Mutations Set2 (trait context: Adult hepatocellular carcinoma),Adult hepatocellular carcinoma
Cancer Pathways and Regulators,https://purl.org/okn/frink/kg/digcfdekg/node/factor/387c9dfd4b789223ff51,Cancer Pathways and Regulators (trait context: cancer),cancer
Cancer Phenotypes and Oncogenic Genes,https://purl.org/okn/frink/kg/digcfdekg/node/factor/aee1cbed484d81a7fda6,Cancer Phenotypes and Oncogenic Genes (trait context: Rhabdomyosarcoma),Rhabdomyosarcoma
Cancer predisposition and oncogenes,https://purl.org/okn/frink/kg/digcfdekg/node/factor/f7abee4a5a3aa13cfc69,Cancer predisposition and oncogenes (trait context: Lynch syndrome),Lynch syndrome
Cancer signaling and cell cycle,https://purl.org/okn/frink/kg/digcfdekg/node/factor/9ad91dc6cd3080716e43,Cancer signaling and cell cycle (trait context: renal carcinoma),renal carcinoma
Cancers and Tumor Suppressor Genes,https://purl.org/okn/frink/kg/digcfdekg/node/factor/32fd1554df58bc42851f,Cancers and Tumor Suppressor Genes (trait context: Astrocytoma),Astrocytoma
Carbohydrate and insulin secretion,https://purl.org/okn/frink/kg/digcfdekg/node/factor/2db566d8987a85729d96,Carbohydrate and insulin secretion (trait context: Type 2 diabetes (with history of pregnancy)),Type 2 diabetes (with history of pregnancy)
Carbohydrate and lipid homeostasis,https://purl.org/okn/frink/kg/digcfdekg/node/factor/f4a2ecab462749baf890,Carbohydrate and lipid homeostasis (trait context: Type 2 diabetes with renal manifestations),Type 2 diabetes with renal manifestations
Carbohydrate catabolic processes and regulation,https://purl.org/okn/frink/kg/digcfdekg/node/factor/7fa0e750bbcd08b80bf3,Carbohydrate catabolic processes and regulation (trait context: Glycogen storage disease),Glycogen storage disease
Carbohydrate homeostasis and heart development,https://purl.org/okn/frink/kg/digcfdekg/node/factor/eb96abacb654a5e33871,Carbohydrate homeostasis and heart development (trait context: Type 2 diabetes (with history of pregnancy)),Type 2 diabetes (with history of pregnancy)
Carbohydrate homeostasis and pancreas,https://purl.org/okn/frink/kg/digcfdekg/node/factor/677a40fe0a9c8dc04981,Carbohydrate homeostasis and pancreas (trait context: Type 2 diabetes (recessive model)),Type 2 diabetes (recessive model)
Carbohydrate metabolism and glycolysis,https://purl.org/okn/frink/kg/digcfdekg/node/factor/1e8b05c682a741aba217,Carbohydrate metabolism and glycolysis (trait context: Glycogen storage disease),Glycogen storage disease
Carbohydrate metabolism enzymes,https://purl.org/okn/frink/kg/digcfdekg/node/factor/f847f17ac868fc3120ae,Carbohydrate metabolism enzymes (trait context: Glycogen storage disease),Glycogen storage disease
Carbohydrate response and insulin secretion,https://purl.org/okn/frink/kg/digcfdekg/node/factor/d5f9740016b2dd946135,Carbohydrate response and insulin secretion (trait context: Type 2 diabetes (additive model)),Type 2 diabetes (additive model)
Carbohydrate response and insulin secretion,https://purl.org/okn/frink/kg/digcfdekg/node/factor/6936a91bc8cf504ffc42,Carbohydrate response and insulin secretion (trait context: Type 2 diabetes (T2D)),Type 2 diabetes (T2D)
Carbohydrate response and insulin secretion,https://purl.org/okn/frink/kg/digcfdekg/node/factor/950943a40b109d8b6855,Carbohydrate response and insulin secretion (trait context: type 2 diabetes mellitus),type 2 diabetes mellitus
Cardiac action potential phases,https://purl.org/okn/frink/kg/digcfdekg/node/factor/f9110f61b3d15b5b6d5e,Cardiac action potential phases (trait context: Brugada syndrome),Brugada syndrome
Cardiac Action Potential Regulation,https://purl.org/okn/frink/kg/digcfdekg/node/factor/6cbcf087f2eadcc5a5f2,Cardiac Action Potential Regulation (trait context: Long QT syndrome),Long QT syndrome
Cardiac and hepatic development markers,https://purl.org/okn/frink/kg/digcfdekg/node/factor/cf71b2502e22b716baab,Cardiac and hepatic development markers (trait context: Type 2 diabetes (recessive model)),Type 2 diabetes (recessive model)
Cardiac and muscle cell proliferation,https://purl.org/okn/frink/kg/digcfdekg/node/factor/b532d951bf80a8786f3b,Cardiac and muscle cell proliferation (trait context: Primary open-angle glaucoma),Primary open-angle glaucoma
Cardiac and muscle development,https://purl.org/okn/frink/kg/digcfdekg/node/factor/7d41c4032f0c45ba7177,Cardiac and muscle development (trait context: Primary open-angle glaucoma),Primary open-angle glaucoma
Cardiac and muscle development genes,https://purl.org/okn/frink/kg/digcfdekg/node/factor/a716e2f9d91b80b15a12,Cardiac and muscle development genes (trait context: Dilated cardiomyopathy; broad definition),Dilated cardiomyopathy; broad definition
Cardiac and muscle morphogenesis,https://purl.org/okn/frink/kg/digcfdekg/node/factor/ebcfb4db768b49ab039f,Cardiac and muscle morphogenesis (trait context: Type 1 diabetes with neurological manifestations),Type 1 diabetes with neurological manifestations
Cardiac and Prostate Development Genes,https://purl.org/okn/frink/kg/digcfdekg/node/factor/1f6a266d1488962a2196,Cardiac and Prostate Development Genes (trait context: Polycystic ovary syndrome (PCOS)),Polycystic ovary syndrome (PCOS)
Cardiac Conduction and Action Potential,https://purl.org/okn/frink/kg/digcfdekg/node/factor/bf5987617a9899cbd5fd,Cardiac Conduction and Action Potential (trait context: Long QT syndrome),Long QT syndrome
Cardiac conduction and depolarization,https://purl.org/okn/frink/kg/digcfdekg/node/factor/204f5b295cf93357a9f3,Cardiac conduction and depolarization (trait context: Brugada syndrome),Brugada syndrome
Cardiac Conduction and Ion Channels,https://purl.org/okn/frink/kg/digcfdekg/node/factor/65600d2256885d3a1aab,Cardiac Conduction and Ion Channels (trait context: Long QT syndrome),Long QT syndrome
Cardiac conduction cell signaling,https://purl.org/okn/frink/kg/digcfdekg/node/factor/e21f4eb4dff175394cbb,Cardiac conduction cell signaling (trait context: Brugada syndrome),Brugada syndrome
"Cardiac conduction, chambers, valves",https://purl.org/okn/frink/kg/digcfdekg/node/factor/5c82090af03a95a96202,"Cardiac conduction, chambers, valves (trait context: Chronic obstructive pulmonary disease (COPD))",Chronic obstructive pulmonary disease (COPD)
Cardiac cushion morphogenesis and EMT,https://purl.org/okn/frink/kg/digcfdekg/node/factor/7dd9b40f0d86b1cd1123,Cardiac cushion morphogenesis and EMT (trait context: chronic obstructive pulmonary disease),chronic obstructive pulmonary disease
Cardiac Cytoskeleton Program,https://purl.org/okn/frink/kg/digcfdekg/node/factor/1f07aac369b2d53cb61c,Cardiac Cytoskeleton Program (trait context: Dilated cardiomyopathy; strict definition),Dilated cardiomyopathy; strict definition
Cardiac development and growth,https://purl.org/okn/frink/kg/digcfdekg/node/factor/f09608d1073dff216762,Cardiac development and growth (trait context: Membranous nephropathy),Membranous nephropathy
Cardiac development and septum morphogenesis,https://purl.org/okn/frink/kg/digcfdekg/node/factor/8265ad294d4a3ad77bfc,Cardiac development and septum morphogenesis (trait context: Tetralogy of Fallot),Tetralogy of Fallot
Cardiac development defects and genes,https://purl.org/okn/frink/kg/digcfdekg/node/factor/2c2fdddd01e833b71079,Cardiac development defects and genes (trait context: Chronic obstructive pulmonary disease (COPD)),Chronic obstructive pulmonary disease (COPD)
Cardiac Echocardiography and Fibrosis,https://purl.org/okn/frink/kg/digcfdekg/node/factor/4d24920828aabcb616b4,Cardiac Echocardiography and Fibrosis (trait context: Rare cardiomyopathy),Rare cardiomyopathy
Cardiac glycogen and energy metabolism,https://purl.org/okn/frink/kg/digcfdekg/node/factor/9888cc6b1bd506fe95d2,Cardiac glycogen and energy metabolism (trait context: Rare hypertrophic cardiomyopathy),Rare hypertrophic cardiomyopathy
Cardiac Hypertrophy and Contractility,https://purl.org/okn/frink/kg/digcfdekg/node/factor/84573447d5f3e054a075,Cardiac Hypertrophy and Contractility (trait context: Rare cardiomyopathy),Rare cardiomyopathy
Cardiac Hypertrophy and Glycogen,https://purl.org/okn/frink/kg/digcfdekg/node/factor/3cf46a316ff3562723ab,Cardiac Hypertrophy and Glycogen (trait context: Rare cardiomyopathy),Rare cardiomyopathy
Cardiac hypertrophy and signaling,https://purl.org/okn/frink/kg/digcfdekg/node/factor/01ae11d5b4f09f7d9aa7,Cardiac hypertrophy and signaling (trait context: Type 2 diabetes with ketoacidosis),Type 2 diabetes with ketoacidosis
Cardiac ion channels and muscle,https://purl.org/okn/frink/kg/digcfdekg/node/factor/10156d14dddfe95a7cd3,Cardiac ion channels and muscle (trait context: Dilated cardiomyopathy),Dilated cardiomyopathy
Cardiac Morphogenesis and Ventricle,https://purl.org/okn/frink/kg/digcfdekg/node/factor/c4c7ba35b038f3bd5951,Cardiac Morphogenesis and Ventricle (trait context: Rare cardiomyopathy),Rare cardiomyopathy
Cardiac morphology defects and failure,https://purl.org/okn/frink/kg/digcfdekg/node/factor/d72d563fbd3c92976bea,Cardiac morphology defects and failure (trait context: Interatrial communication),Interatrial communication
Cardiac Muscle Contraction,https://purl.org/okn/frink/kg/digcfdekg/node/factor/5916463ae0289d054463,Cardiac Muscle Contraction (trait context: Dilated cardiomyopathy; strict definition),Dilated cardiomyopathy; strict definition
Cardiac muscle development pathways,https://purl.org/okn/frink/kg/digcfdekg/node/factor/dd3b3e20b51a7ef55bbc,Cardiac muscle development pathways (trait context: Dilated cardiomyopathy),Dilated cardiomyopathy
Cardiac muscle diseases genes,https://purl.org/okn/frink/kg/digcfdekg/node/factor/e3c6787a5334ee15fab2,Cardiac muscle diseases genes (trait context: Rare hypertrophic cardiomyopathy),Rare hypertrophic cardiomyopathy
Cardiac muscle morphogenesis genes,https://purl.org/okn/frink/kg/digcfdekg/node/factor/244d819f36128302aec6,Cardiac muscle morphogenesis genes (trait context: Dilated cardiomyopathy),Dilated cardiomyopathy
Cardiac muscle proliferation and growth,https://purl.org/okn/frink/kg/digcfdekg/node/factor/5e6c231fdcc832a4f3fa,Cardiac muscle proliferation and growth (trait context: Chronic obstructive pulmonary disease (COPD)),Chronic obstructive pulmonary disease (COPD)
Cardiac neural crest migration,https://purl.org/okn/frink/kg/digcfdekg/node/factor/b36211484beb56b650b0,Cardiac neural crest migration (trait context: Type 1 diabetes with neurological manifestations),Type 1 diabetes with neurological manifestations
Cardiac Outflow Morphogenesis,https://purl.org/okn/frink/kg/digcfdekg/node/factor/c2b590e6a370a9eae432,Cardiac Outflow Morphogenesis (trait context: Primary angle-closure glaucoma),Primary angle-closure glaucoma
Cardiac pathology and mutations,https://purl.org/okn/frink/kg/digcfdekg/node/factor/beecfeaf77f87338d222,Cardiac pathology and mutations (trait context: Rare hypertrophic cardiomyopathy),Rare hypertrophic cardiomyopathy
Cardiac pathology with genes,https://purl.org/okn/frink/kg/digcfdekg/node/factor/24a35e0c641382c97338,Cardiac pathology with genes (trait context: Rare hypertrophic cardiomyopathy),Rare hypertrophic cardiomyopathy
Cardiac Repolarization and Potassium Channels,https://purl.org/okn/frink/kg/digcfdekg/node/factor/cc1e9d3532abd6bf189d,Cardiac Repolarization and Potassium Channels (trait context: Long QT syndrome),Long QT syndrome
Cardiac Right Ventricle Morphogenesis,https://purl.org/okn/frink/kg/digcfdekg/node/factor/7c1e0ada0cf9d114c7c7,Cardiac Right Ventricle Morphogenesis (trait context: Ovarian cancer),Ovarian cancer
Cardiac Structural Proteins and NPY6R,https://purl.org/okn/frink/kg/digcfdekg/node/factor/c1896741de2cfff3bdea,Cardiac Structural Proteins and NPY6R (trait context: Rare cardiomyopathy),Rare cardiomyopathy
Cardiomyocyte Contractile Program,https://purl.org/okn/frink/kg/digcfdekg/node/factor/80c0c0fd8d3be08daa57,Cardiomyocyte Contractile Program (trait context: Dilated cardiomyopathy; strict definition),Dilated cardiomyopathy; strict definition
Cardiomyocyte Hypertrophy,https://purl.org/okn/frink/kg/digcfdekg/node/factor/03e328fd0dea64ffbcf7,Cardiomyocyte Hypertrophy (trait context: Dilated cardiomyopathy; strict definition),Dilated cardiomyopathy; strict definition
Cardiomyocyte Myofibril Program,https://purl.org/okn/frink/kg/digcfdekg/node/factor/8955af5aff91098eebcb,Cardiomyocyte Myofibril Program (trait context: Dilated cardiomyopathy; strict definition),Dilated cardiomyopathy; strict definition
Cardiomyocyte Remodeling,https://purl.org/okn/frink/kg/digcfdekg/node/factor/cce53a5a8057d80822be,Cardiomyocyte Remodeling (trait context: Dilated cardiomyopathy; strict definition),Dilated cardiomyopathy; strict definition
Cardiomyocyte signaling and fibrosis,https://purl.org/okn/frink/kg/digcfdekg/node/factor/47a4a8bb5c52c1128277,Cardiomyocyte signaling and fibrosis (trait context: Dilated cardiomyopathy),Dilated cardiomyopathy
Cardiomyopathy and fibrosis genes,https://purl.org/okn/frink/kg/digcfdekg/node/factor/6c92178cdd138e4f8778,Cardiomyopathy and fibrosis genes (trait context: Dilated cardiomyopathy),Dilated cardiomyopathy
Cardiovascular Development,https://purl.org/okn/frink/kg/digcfdekg/node/factor/fc2832d1a0b797e21962,Cardiovascular Development (trait context: Peripheral vascular disease (heterodominant model)),Peripheral vascular disease (heterodominant model)
Cardiovascular development and EMT,https://purl.org/okn/frink/kg/digcfdekg/node/factor/b794bb910a6c04120259,Cardiovascular development and EMT (trait context: Any cancer (heterodominant model)),Any cancer (heterodominant model)
Cardiovascular development and EMT signaling,https://purl.org/okn/frink/kg/digcfdekg/node/factor/90b0df4c74bbbd697535,Cardiovascular development and EMT signaling (trait context: Chronic obstructive pulmonary disease (COPD)),Chronic obstructive pulmonary disease (COPD)
Cartilage Development and Chondrocyte Differentiation,https://purl.org/okn/frink/kg/digcfdekg/node/factor/37cfdfcb6d4e4f825668,Cartilage Development and Chondrocyte Differentiation (trait context: colorectal cancer),colorectal cancer
Cartilage development and chondrodysplasia,https://purl.org/okn/frink/kg/digcfdekg/node/factor/827e95422a481bd1d3b9,Cartilage development and chondrodysplasia (trait context: Carpal tunnel syndrome),Carpal tunnel syndrome
Cartilage Development and Ossification WNT7B,https://purl.org/okn/frink/kg/digcfdekg/node/factor/88288811b4b25f784044,Cartilage Development and Ossification WNT7B (trait context: colorectal cancer),colorectal cancer
Caudal and neural plate defects,https://purl.org/okn/frink/kg/digcfdekg/node/factor/934c2045420dde4093da,Caudal and neural plate defects (trait context: Neural tube defect),Neural tube defect
Caudate Brain Voltage Gated Channels,https://purl.org/okn/frink/kg/digcfdekg/node/factor/f6b4bbabbbf40c12ac82,Caudate Brain Voltage Gated Channels (trait context: Juvenile myoclonic epilepsy),Juvenile myoclonic epilepsy
CCND1,https://purl.org/okn/frink/kg/digcfdekg/node/factor/9f596c66908b300b4ae9,CCND1 (trait context: Non-Hodgkin lymphoma),Non-Hodgkin lymphoma
CD4 T Cell Activation,https://purl.org/okn/frink/kg/digcfdekg/node/factor/0a3abd29b567eb543c2d,CD4 T Cell Activation (trait context: Primary biliary cholangitis),Primary biliary cholangitis
CD4 T cell activation genes,https://purl.org/okn/frink/kg/digcfdekg/node/factor/955cd2bf4d11b71dab3e,CD4 T cell activation genes (trait context: multiple sclerosis),multiple sclerosis
CD4 T cell differentiation,https://purl.org/okn/frink/kg/digcfdekg/node/factor/346d7303c78a07a43c67,CD4 T cell differentiation (trait context: atopic eczema),atopic eczema
CD4 T cells in olfactory,https://purl.org/okn/frink/kg/digcfdekg/node/factor/541dd5a8349910af2395,CD4 T cells in olfactory (trait context: multiple sclerosis),multiple sclerosis
CD4/CD8 T cell differentiation,https://purl.org/okn/frink/kg/digcfdekg/node/factor/9881dcddb7c4d9d7f8e8,CD4/CD8 T cell differentiation (trait context: inflammatory bowel disease),inflammatory bowel disease
CD4/CD8 T cells abnormalities,https://purl.org/okn/frink/kg/digcfdekg/node/factor/f11b0fff555222e534d2,CD4/CD8 T cells abnormalities (trait context: Type 1 diabetes (T1D)),Type 1 diabetes (T1D)
CD40 and IL-4 Signaling,https://purl.org/okn/frink/kg/digcfdekg/node/factor/496a5fab0e0426b316cf,CD40 and IL-4 Signaling (trait context: Atopic dermatitis),Atopic dermatitis
CD40 NFkB signaling,https://purl.org/okn/frink/kg/digcfdekg/node/factor/8ee9b3055c4d6ba6996a,CD40 NFkB signaling (trait context: allergic disease),allergic disease
CD40 signaling and Notch targets,https://purl.org/okn/frink/kg/digcfdekg/node/factor/1bde8865da4cdf5a5040,CD40 signaling and Notch targets (trait context: Systemic lupus erythematosus (SLE)),Systemic lupus erythematosus (SLE)
CD8 T Cell Differentiation,https://purl.org/okn/frink/kg/digcfdekg/node/factor/254a46588c695f992341,CD8 T Cell Differentiation (trait context: Primary biliary cholangitis),Primary biliary cholangitis
CD8 T cell differentiation IFN-gamma,https://purl.org/okn/frink/kg/digcfdekg/node/factor/7dfe0cbec81cb7a8eef2,CD8 T cell differentiation IFN-gamma (trait context: Inflammatory bowel disease (IBD)),Inflammatory bowel disease (IBD)
CD8 T Cells and ILCs,https://purl.org/okn/frink/kg/digcfdekg/node/factor/d3e9eba4abe5d5b969f9,CD8 T Cells and ILCs (trait context: childhood onset asthma),childhood onset asthma
CD8 TCR pathway and signaling,https://purl.org/okn/frink/kg/digcfdekg/node/factor/589c7ee59faf2a28e0b0,CD8 TCR pathway and signaling (trait context: Childhood-onset asthma),Childhood-onset asthma
CDK Regulation of Cell Cycle,https://purl.org/okn/frink/kg/digcfdekg/node/factor/16683d19a0263b12fc69,CDK Regulation of Cell Cycle (trait context: Hereditary breast and/or ovarian cancer syndrome),Hereditary breast and/or ovarian cancer syndrome
CDKN2A,https://purl.org/okn/frink/kg/digcfdekg/node/factor/4372a3d0d23a7f1564e2,CDKN2A (trait context: Non-Hodgkin lymphoma),Non-Hodgkin lymphoma
Cecum inflammation and IL-10 signaling,https://purl.org/okn/frink/kg/digcfdekg/node/factor/f6da9111fa9e9809e9a5,Cecum inflammation and IL-10 signaling (trait context: inflammatory bowel disease),inflammatory bowel disease
Cecum inflammation and NF-kB signaling,https://purl.org/okn/frink/kg/digcfdekg/node/factor/640e935a92112fd0ee67,Cecum inflammation and NF-kB signaling (trait context: inflammatory bowel disease),inflammatory bowel disease
Cell cycle and cancer pathways,https://purl.org/okn/frink/kg/digcfdekg/node/factor/9cd32f0b512534c42ce0,Cell cycle and cancer pathways (trait context: type 2 diabetes mellitus),type 2 diabetes mellitus
Cell cycle regulation and inhibitors,https://purl.org/okn/frink/kg/digcfdekg/node/factor/56db497eed2b69a0394e,Cell cycle regulation and inhibitors (trait context: Type 2 diabetes (T2D)),Type 2 diabetes (T2D)
Cellular senescence and cancer pathways,https://purl.org/okn/frink/kg/digcfdekg/node/factor/bdc0996f7e341a9085e3,Cellular senescence and cancer pathways (trait context: Primary open-angle glaucoma),Primary open-angle glaucoma
Ceramide roles in insulin resistance,https://purl.org/okn/frink/kg/digcfdekg/node/factor/edfa1953d9eff2e2fc2c,Ceramide roles in insulin resistance (trait context: Type 2 diabetes (with history of pregnancy)),Type 2 diabetes (with history of pregnancy)
Ceramides in insulin resistance,https://purl.org/okn/frink/kg/digcfdekg/node/factor/239050eb28e9fc8441ea,Ceramides in insulin resistance (trait context: Type 2 diabetes (T2D)),Type 2 diabetes (T2D)
Cerebellar development abnormalities,https://purl.org/okn/frink/kg/digcfdekg/node/factor/2378553112fa88b25788,Cerebellar development abnormalities (trait context: Type 1 diabetes with ketoacidosis),Type 1 diabetes with ketoacidosis
Cerebellar development gene set,https://purl.org/okn/frink/kg/digcfdekg/node/factor/1c2a5b34010247424917,Cerebellar development gene set (trait context: Type 1 diabetes with ophthalmic manifestations),Type 1 diabetes with ophthalmic manifestations
Chloride Channel,https://purl.org/okn/frink/kg/digcfdekg/node/factor/d946566b02077ba5f072,Chloride Channel (trait context: Juvenile myoclonic epilepsy),Juvenile myoclonic epilepsy
Cholesterol and Bile Lipid Imbalance,https://purl.org/okn/frink/kg/digcfdekg/node/factor/e0e3a74c382f0c481903,Cholesterol and Bile Lipid Imbalance (trait context: Disorder of lipid metabolism),Disorder of lipid metabolism
Cholesterol and Fatty Acid Synthesis,https://purl.org/okn/frink/kg/digcfdekg/node/factor/58777abc31d09c842268,Cholesterol and Fatty Acid Synthesis (trait context: Disorder of lipid metabolism),Disorder of lipid metabolism
Cholesterol Efflux,https://purl.org/okn/frink/kg/digcfdekg/node/factor/2377b0490de868c4e039,Cholesterol Efflux (trait context: Chronic primary adrenal insufficiency),Chronic primary adrenal insufficiency
Cholesterol Lipoprotein Remodeling and Statins,https://purl.org/okn/frink/kg/digcfdekg/node/factor/0cb630b53e5f55c61b90,Cholesterol Lipoprotein Remodeling and Statins (trait context: Amyloidosis),Amyloidosis
Cholesterol Metabolism,https://purl.org/okn/frink/kg/digcfdekg/node/factor/d936cc8d5b9cab593ba8,Cholesterol Metabolism (trait context: Chronic primary adrenal insufficiency),Chronic primary adrenal insufficiency
Cholesterol Metabolism and Biosynthesis,https://purl.org/okn/frink/kg/digcfdekg/node/factor/f51a9b422e3d99387e42,Cholesterol Metabolism and Biosynthesis (trait context: Disorder of lipid metabolism),Disorder of lipid metabolism
Cholesterol Metabolism and Transport,https://purl.org/okn/frink/kg/digcfdekg/node/factor/e964ddbc5af518cc0660,Cholesterol Metabolism and Transport (trait context: Disorder of lipid metabolism),Disorder of lipid metabolism
Chondrocyte differentiation and limb development,https://purl.org/okn/frink/kg/digcfdekg/node/factor/058c38ef48a01e2681da,Chondrocyte differentiation and limb development (trait context: Polycystic ovary syndrome; age-adjusted),Polycystic ovary syndrome; age-adjusted
Chondrocyte differentiation and polydactyly,https://purl.org/okn/frink/kg/digcfdekg/node/factor/c8eaa1ae4453c48beb91,Chondrocyte differentiation and polydactyly (trait context: Oligodontia),Oligodontia
Chondrocyte differentiation and skeletogenesis,https://purl.org/okn/frink/kg/digcfdekg/node/factor/4ac2d6a9bad06476061d,Chondrocyte differentiation and skeletogenesis (trait context: Carpal tunnel syndrome),Carpal tunnel syndrome
Chondrogenesis and growth factors,https://purl.org/okn/frink/kg/digcfdekg/node/factor/74e2d8435fefcc697c42,Chondrogenesis and growth factors (trait context: Carpal tunnel syndrome),Carpal tunnel syndrome
Chromosomal Instability and Cancer,https://purl.org/okn/frink/kg/digcfdekg/node/factor/1f96ec2ed7f1bcfe802f,Chromosomal Instability and Cancer (trait context: Hereditary breast and/or ovarian cancer syndrome),Hereditary breast and/or ovarian cancer syndrome
Chromosome Maintenance,https://purl.org/okn/frink/kg/digcfdekg/node/factor/de84e0e9a1fdbc55ae6e,Chromosome Maintenance (trait context: Hereditary breast and/or ovarian cancer syndrome),Hereditary breast and/or ovarian cancer syndrome
Chylomicron and Lipoprotein Metabolism,https://purl.org/okn/frink/kg/digcfdekg/node/factor/7d6ed41336f282e1f57a,Chylomicron and Lipoprotein Metabolism (trait context: Disorder of lipid metabolism),Disorder of lipid metabolism
Chylomicron Assembly and LDL/HDL,https://purl.org/okn/frink/kg/digcfdekg/node/factor/80c0f2f1d673804bc922,Chylomicron Assembly and LDL/HDL (trait context: Disorder of lipid metabolism),Disorder of lipid metabolism
Chylomicron Remodeling and FH5,https://purl.org/okn/frink/kg/digcfdekg/node/factor/b722a1711f19d060ae02,Chylomicron Remodeling and FH5 (trait context: Disorder of lipid metabolism),Disorder of lipid metabolism
Ciliary basal body components,https://purl.org/okn/frink/kg/digcfdekg/node/factor/3587edf6d89df0e29960,Ciliary basal body components (trait context: Retinitis pigmentosa),Retinitis pigmentosa
Ciliary Plasm,https://purl.org/okn/frink/kg/digcfdekg/node/factor/396c97e82bb5f9dea2dc,Ciliary Plasm (trait context: Situs inversus totalis),Situs inversus totalis
Ciliary Symmetry Program,https://purl.org/okn/frink/kg/digcfdekg/node/factor/2b9f9a1105eac3536b73,Ciliary Symmetry Program (trait context: Situs inversus totalis),Situs inversus totalis
Clathrin Endocytosis and Lung Expression,https://purl.org/okn/frink/kg/digcfdekg/node/factor/3063c03fff24da621672,Clathrin Endocytosis and Lung Expression (trait context: COVID-19),COVID-19
Co-stimulation and PD-1 signaling,https://purl.org/okn/frink/kg/digcfdekg/node/factor/242dd6b2c3551430f7fd,Co-stimulation and PD-1 signaling (trait context: Primary biliary cholangitis),Primary biliary cholangitis
Coat pigmentation and melanocyte morphology,https://purl.org/okn/frink/kg/digcfdekg/node/factor/56848924ec74d66b5cc4,Coat pigmentation and melanocyte morphology (trait context: Any cancer),Any cancer
Cochlear development and deafness,https://purl.org/okn/frink/kg/digcfdekg/node/factor/7d83780ea85d4f41b1ad,Cochlear development and deafness (trait context: Type 1 diabetes with renal manifestations),Type 1 diabetes with renal manifestations
Coexpression network of structural genes,https://purl.org/okn/frink/kg/digcfdekg/node/factor/60898b4a5aa2f31aa71e,Coexpression network of structural genes (trait context: Dilated cardiomyopathy; broad definition),Dilated cardiomyopathy; broad definition
Collagen and extracellular matrix,https://purl.org/okn/frink/kg/digcfdekg/node/factor/6e9d42fa6b28db4f5133,Collagen and extracellular matrix (trait context: Carpal tunnel syndrome),Carpal tunnel syndrome
Collagen matrix and ECM genes,https://purl.org/okn/frink/kg/digcfdekg/node/factor/cb105e305b582d143996,Collagen matrix and ECM genes (trait context: Carpal tunnel syndrome),Carpal tunnel syndrome
Colon Mixed Expression Trends,https://purl.org/okn/frink/kg/digcfdekg/node/factor/ae90e5614553b19eaf73,Colon Mixed Expression Trends (trait context: Cystic fibrosis),Cystic fibrosis
Common Cancers and Cell Cycle,https://purl.org/okn/frink/kg/digcfdekg/node/factor/d5a0336ff45c848c94b1,Common Cancers and Cell Cycle (trait context: Rare thyroid carcinoma),Rare thyroid carcinoma
Conduction signaling and contraction,https://purl.org/okn/frink/kg/digcfdekg/node/factor/92066b83782dbfa6b715,Conduction signaling and contraction (trait context: Brugada syndrome),Brugada syndrome
Congenital heart defects,https://purl.org/okn/frink/kg/digcfdekg/node/factor/e603fbdf5456ea69a50b,Congenital heart defects (trait context: Primary open-angle glaucoma),Primary open-angle glaucoma
Congenital heart defects genes,https://purl.org/okn/frink/kg/digcfdekg/node/factor/a5e73749a86675df6538,Congenital heart defects genes (trait context: Hyperaldosteronism),Hyperaldosteronism
Congenital heart development genes,https://purl.org/okn/frink/kg/digcfdekg/node/factor/1e1635c33f31d9fa7925,Congenital heart development genes (trait context: Interatrial communication),Interatrial communication
Congenital malformations and RA receptors,https://purl.org/okn/frink/kg/digcfdekg/node/factor/23c09ef14adb40a148c2,Congenital malformations and RA receptors (trait context: Chronic obstructive pulmonary disease (COPD)),Chronic obstructive pulmonary disease (COPD)
Conotruncal and RV development genes,https://purl.org/okn/frink/kg/digcfdekg/node/factor/4d16f84219e5a2bac70c,Conotruncal and RV development genes (trait context: Tetralogy of Fallot),Tetralogy of Fallot
Conotruncal development and cardiogenesis genes,https://purl.org/okn/frink/kg/digcfdekg/node/factor/ead9e3e88450a2171f26,Conotruncal development and cardiogenesis genes (trait context: Interatrial communication),Interatrial communication
Contractile Fiber Program,https://purl.org/okn/frink/kg/digcfdekg/node/factor/6de5efbe4849cbbc8be7,Contractile Fiber Program (trait context: Dilated cardiomyopathy; strict definition),Dilated cardiomyopathy; strict definition
Contractility and electrophysiology impairment,https://purl.org/okn/frink/kg/digcfdekg/node/factor/c9562f042b516829af60,Contractility and electrophysiology impairment (trait context: Muscular dystrophy),Muscular dystrophy
Cori cycle and sugar metabolism,https://purl.org/okn/frink/kg/digcfdekg/node/factor/c416489e06137e92c0f7,Cori cycle and sugar metabolism (trait context: Glycogen storage disease),Glycogen storage disease
Coronary Artery and Muscle Contraction,https://purl.org/okn/frink/kg/digcfdekg/node/factor/355b468b4ad0de4b1ace,Coronary Artery and Muscle Contraction (trait context: Rare cardiomyopathy),Rare cardiomyopathy
Coronary artery and sarcomere genes,https://purl.org/okn/frink/kg/digcfdekg/node/factor/a3972293d0423cf34ca2,Coronary artery and sarcomere genes (trait context: Dilated cardiomyopathy),Dilated cardiomyopathy
Coronary artery signaling genes,https://purl.org/okn/frink/kg/digcfdekg/node/factor/19b280a341c7faac1e18,Coronary artery signaling genes (trait context: Type 1 diabetes (T1D)),Type 1 diabetes (T1D)
Coronary-artery and sarcomere genes,https://purl.org/okn/frink/kg/digcfdekg/node/factor/7706843911727dd965ff,Coronary-artery and sarcomere genes (trait context: Dilated cardiomyopathy),Dilated cardiomyopathy
Corticospinal and Purkinje neuron degeneration,https://purl.org/okn/frink/kg/digcfdekg/node/factor/ad589c76f4a5770e8ae4,Corticospinal and Purkinje neuron degeneration (trait context: Hereditary spastic paraplegia),Hereditary spastic paraplegia
Costimulation and immune interactions,https://purl.org/okn/frink/kg/digcfdekg/node/factor/880c43235066d08b3a3e,Costimulation and immune interactions (trait context: Primary biliary cholangitis),Primary biliary cholangitis
Craniofacial and Cardiac Defects,https://purl.org/okn/frink/kg/digcfdekg/node/factor/0adc5ea38b3266ce8c49,Craniofacial and Cardiac Defects (trait context: Breast cancer),Breast cancer
Craniofacial and cardiac malformations,https://purl.org/okn/frink/kg/digcfdekg/node/factor/3d92d2326e55ad96f079,Craniofacial and cardiac malformations (trait context: Type 1 diabetes with neurological manifestations),Type 1 diabetes with neurological manifestations
Craniofacial and kidney development signals,https://purl.org/okn/frink/kg/digcfdekg/node/factor/76fd7c31d5693f5c86a3,Craniofacial and kidney development signals (trait context: Hyperaldosteronism),Hyperaldosteronism
Craniofacial and middle ear defects,https://purl.org/okn/frink/kg/digcfdekg/node/factor/ec28df396a2860ecd608,Craniofacial and middle ear defects (trait context: Oligodontia),Oligodontia
Craniofacial and muscle development,https://purl.org/okn/frink/kg/digcfdekg/node/factor/77dedf1b403e7a8af81f,Craniofacial and muscle development (trait context: Dermatophytosis (dominant model)),Dermatophytosis (dominant model)
Craniofacial and neural morphogenesis defects,https://purl.org/okn/frink/kg/digcfdekg/node/factor/fef3a65d504582864241,Craniofacial and neural morphogenesis defects (trait context: Neural tube defect),Neural tube defect
Craniofacial and reproductive development genes,https://purl.org/okn/frink/kg/digcfdekg/node/factor/d91532e16705ddfecd58,Craniofacial and reproductive development genes (trait context: Carpal tunnel syndrome),Carpal tunnel syndrome
Craniofacial and skeletal dysmorphology,https://purl.org/okn/frink/kg/digcfdekg/node/factor/73b57026afd949674aad,Craniofacial and skeletal dysmorphology (trait context: Hyperaldosteronism),Hyperaldosteronism
Craniofacial and tooth anomalies,https://purl.org/okn/frink/kg/digcfdekg/node/factor/e3cdf7ec45ed19642184,Craniofacial and tooth anomalies (trait context: Oligodontia),Oligodontia
Craniofacial and tooth development defects,https://purl.org/okn/frink/kg/digcfdekg/node/factor/051c560204fc3ac2df29,Craniofacial and tooth development defects (trait context: Oligodontia),Oligodontia
Craniofacial and vascular morphogenesis,https://purl.org/okn/frink/kg/digcfdekg/node/factor/8127777fa8e8bbe5b65f,Craniofacial and vascular morphogenesis (trait context: Primary open-angle glaucoma),Primary open-angle glaucoma
Craniofacial anomalies and genes,https://purl.org/okn/frink/kg/digcfdekg/node/factor/9d2e1cc5f8980301c18c,Craniofacial anomalies and genes (trait context: Congenital hypothyroidism),Congenital hypothyroidism
Craniofacial bone abnormalities,https://purl.org/okn/frink/kg/digcfdekg/node/factor/db03242461b0fcce4c84,Craniofacial bone abnormalities (trait context: Type 1 diabetes with neurological manifestations),Type 1 diabetes with neurological manifestations
Craniofacial bone morphologies,https://purl.org/okn/frink/kg/digcfdekg/node/factor/05e7f7103d119ea0a137,Craniofacial bone morphologies (trait context: Carpal tunnel syndrome),Carpal tunnel syndrome
Craniofacial development abnormalities,https://purl.org/okn/frink/kg/digcfdekg/node/factor/b7cf239dbd35e694abe0,Craniofacial development abnormalities (trait context: Type 2 diabetes (additive model)),Type 2 diabetes (additive model)
Craniofacial development genes,https://purl.org/okn/frink/kg/digcfdekg/node/factor/cd8b48faa7a900daae63,Craniofacial development genes (trait context: Carpal tunnel syndrome),Carpal tunnel syndrome
Craniofacial development genes,https://purl.org/okn/frink/kg/digcfdekg/node/factor/8dacaf932305882fba08,Craniofacial development genes (trait context: Type 2 diabetes (with no history of pregnancy)),Type 2 diabetes (with no history of pregnancy)
Craniofacial Morphology Abnormalities,https://purl.org/okn/frink/kg/digcfdekg/node/factor/839d28798d407f27c7c5,Craniofacial Morphology Abnormalities (trait context: Breast cancer),Breast cancer
Craniofacial morphology and genes,https://purl.org/okn/frink/kg/digcfdekg/node/factor/0d98dd8e1bdb5b1af34f,Craniofacial morphology and genes (trait context: Carpal tunnel syndrome),Carpal tunnel syndrome
Craniofacial skeleton and ossification,https://purl.org/okn/frink/kg/digcfdekg/node/factor/78548c70a60780695522,Craniofacial skeleton and ossification (trait context: Carpal tunnel syndrome),Carpal tunnel syndrome
CTLA-4 Mediated Immune Tolerance,https://purl.org/okn/frink/kg/digcfdekg/node/factor/216b3924541007118842,CTLA-4 Mediated Immune Tolerance (trait context: Primary biliary cholangitis),Primary biliary cholangitis
CTLA4,https://purl.org/okn/frink/kg/digcfdekg/node/factor/3e83905dbffbf6b75471,CTLA4 (trait context: Non-Hodgkin lymphoma),Non-Hodgkin lymphoma
CTLA4 and CD28 costimulation,https://purl.org/okn/frink/kg/digcfdekg/node/factor/629a56c7a2e18b5a0868,CTLA4 and CD28 costimulation (trait context: Primary sclerosing cholangitis),Primary sclerosing cholangitis
CTLA4 and regulatory T cells,https://purl.org/okn/frink/kg/digcfdekg/node/factor/88a8486e46f49a4f751c,CTLA4 and regulatory T cells (trait context: Primary sclerosing cholangitis),Primary sclerosing cholangitis
CTLA4 pathway and Tregs,https://purl.org/okn/frink/kg/digcfdekg/node/factor/48957da0fcb314cefd2f,CTLA4 pathway and Tregs (trait context: Type 1 diabetes (T1D)),Type 1 diabetes (T1D)
CTLA4 pathway with regulatory markers,https://purl.org/okn/frink/kg/digcfdekg/node/factor/cdbaa47c12447f78c541,CTLA4 pathway with regulatory markers (trait context: Type 1 diabetes (T1D)),Type 1 diabetes (T1D)
Cytokine dysregulation: TNF-IFN-γ-IL-10,https://purl.org/okn/frink/kg/digcfdekg/node/factor/7874e2d3b84cc8cf427d,Cytokine dysregulation: TNF-IFN-γ-IL-10 (trait context: Behet disease),Behet disease
Cytokine Jak-STAT signaling,https://purl.org/okn/frink/kg/digcfdekg/node/factor/e0e00c9974020e6c8647,Cytokine Jak-STAT signaling (trait context: atopic eczema),atopic eczema
Cytokine JAK-STAT signaling,https://purl.org/okn/frink/kg/digcfdekg/node/factor/d9e7bea4b1950881f5de,Cytokine JAK-STAT signaling (trait context: Inflammatory bowel disease (IBD)),Inflammatory bowel disease (IBD)
Cytokine JAK-STAT signaling,https://purl.org/okn/frink/kg/digcfdekg/node/factor/1f6fa6e4cc2b0c944aa7,Cytokine JAK-STAT signaling (trait context: Primary biliary cholangitis),Primary biliary cholangitis
Cytokine production regulation and signaling,https://purl.org/okn/frink/kg/digcfdekg/node/factor/a9a1adf28b7e13382c78,Cytokine production regulation and signaling (trait context: Psoriasis),Psoriasis
Cytokine Receptor Signaling,https://purl.org/okn/frink/kg/digcfdekg/node/factor/7bee3209ce96ac81335b,Cytokine Receptor Signaling (trait context: Atopic dermatitis),Atopic dermatitis
Cytokine receptor signaling,https://purl.org/okn/frink/kg/digcfdekg/node/factor/63ecdd3a910a2d821aa8,Cytokine receptor signaling (trait context: Inflammatory bowel disease (IBD)),Inflammatory bowel disease (IBD)
Cytokine regulation of IL-17,https://purl.org/okn/frink/kg/digcfdekg/node/factor/6152154bbddd8abcd1ab,Cytokine regulation of IL-17 (trait context: Psoriasis),Psoriasis
Cytokine Signaling,https://purl.org/okn/frink/kg/digcfdekg/node/factor/c962152bae3caec0079d,Cytokine Signaling (trait context: Acute promyelocytic leukemia),Acute promyelocytic leukemia
Cytokine Signaling,https://purl.org/okn/frink/kg/digcfdekg/node/factor/9cf31225b91165561d55,Cytokine Signaling (trait context: Non-Hodgkin lymphoma),Non-Hodgkin lymphoma
Cytokine Signaling,https://purl.org/okn/frink/kg/digcfdekg/node/factor/5076c1d5769e31faea3f,Cytokine Signaling (trait context: psoriasis),psoriasis
Cytokine signaling and chemotaxis,https://purl.org/okn/frink/kg/digcfdekg/node/factor/ec9df212768c4722f337,Cytokine signaling and chemotaxis (trait context: Psoriasis),Psoriasis
Cytokine Signaling and Inflammation,https://purl.org/okn/frink/kg/digcfdekg/node/factor/fb097c843606c7838686,Cytokine Signaling and Inflammation (trait context: Atopic dermatitis),Atopic dermatitis
Cytokine Signaling and Inflammation,https://purl.org/okn/frink/kg/digcfdekg/node/factor/442f845174f2bcfe3c7e,Cytokine Signaling and Inflammation (trait context: Interstitial lung disease),Interstitial lung disease
Cytokine signaling and JAK-STAT,https://purl.org/okn/frink/kg/digcfdekg/node/factor/f657e2a3ab8407de6da8,Cytokine signaling and JAK-STAT (trait context: Psoriasis),Psoriasis
Cytokine Signaling in IBD,https://purl.org/okn/frink/kg/digcfdekg/node/factor/f75c4649cfe860b577cb,Cytokine Signaling in IBD (trait context: childhood onset asthma),childhood onset asthma
Cytokine signaling in inflammation,https://purl.org/okn/frink/kg/digcfdekg/node/factor/72be4eacea025abbbb49,Cytokine signaling in inflammation (trait context: Vasculitis),Vasculitis
Cytokine signaling receptors,https://purl.org/okn/frink/kg/digcfdekg/node/factor/65bf69e250db549c3483,Cytokine signaling receptors (trait context: primary biliary cirrhosis),primary biliary cirrhosis
Cytokine signaling via JAK-STAT,https://purl.org/okn/frink/kg/digcfdekg/node/factor/196e70d314678e1dbb3a,Cytokine signaling via JAK-STAT (trait context: Systemic lupus erythematosus (SLE)),Systemic lupus erythematosus (SLE)
Cytokine signaling via JAK/STAT,https://purl.org/okn/frink/kg/digcfdekg/node/factor/9071835fd7794710b9d2,Cytokine signaling via JAK/STAT (trait context: inflammatory bowel disease),inflammatory bowel disease
Cytokine-Driven Lung Inflammation,https://purl.org/okn/frink/kg/digcfdekg/node/factor/664906f2c0b446ebf810,Cytokine-Driven Lung Inflammation (trait context: Interstitial lung disease),Interstitial lung disease
Cytokines and inflammatory signaling,https://purl.org/okn/frink/kg/digcfdekg/node/factor/e0832be40314b05fc703,Cytokines and inflammatory signaling (trait context: Psoriasis),Psoriasis
D-loop Repair Pathway,https://purl.org/okn/frink/kg/digcfdekg/node/factor/aa198fc823660e892f3c,D-loop Repair Pathway (trait context: Hereditary breast and/or ovarian cancer syndrome),Hereditary breast and/or ovarian cancer syndrome
D-loop SDSA Resolution,https://purl.org/okn/frink/kg/digcfdekg/node/factor/8925ad46015b32e66f33,D-loop SDSA Resolution (trait context: Hereditary breast and/or ovarian cancer syndrome),Hereditary breast and/or ovarian cancer syndrome
Decreased antibodies and immune regulators,https://purl.org/okn/frink/kg/digcfdekg/node/factor/ce7f2ba7987afe689c0b,Decreased antibodies and immune regulators (trait context: psoriasis),psoriasis
Decreased antibodies and immunity,https://purl.org/okn/frink/kg/digcfdekg/node/factor/4b7fb695910c6839400a,Decreased antibodies and immunity (trait context: Primary sclerosing cholangitis),Primary sclerosing cholangitis
Decreased autoimmune susceptibility and inflammation,https://purl.org/okn/frink/kg/digcfdekg/node/factor/7a8416b2dc0680497dd9,Decreased autoimmune susceptibility and inflammation (trait context: inflammatory bowel disease),inflammatory bowel disease
Decreased autoimmunity pathways and cytokines,https://purl.org/okn/frink/kg/digcfdekg/node/factor/1d191f9dec5fd0f859cc,Decreased autoimmunity pathways and cytokines (trait context: inflammatory bowel disease),inflammatory bowel disease
Decreased B cell Maturation,https://purl.org/okn/frink/kg/digcfdekg/node/factor/907a62387ac64005f276,Decreased B cell Maturation (trait context: Primary biliary cholangitis),Primary biliary cholangitis
Decreased B cell numbers,https://purl.org/okn/frink/kg/digcfdekg/node/factor/9880bed66e2cff3d8171,Decreased B cell numbers (trait context: Inflammatory bowel disease (IBD)),Inflammatory bowel disease (IBD)
Decreased cytotoxicity and immune responses,https://purl.org/okn/frink/kg/digcfdekg/node/factor/7389cdaf50df92e4982f,Decreased cytotoxicity and immune responses (trait context: type 1 diabetes mellitus),type 1 diabetes mellitus
Decreased Ear Pigmentation,https://purl.org/okn/frink/kg/digcfdekg/node/factor/b141764acb30767173f0,Decreased Ear Pigmentation (trait context: Germ cell tumor of testis),Germ cell tumor of testis
Decreased early B-cell numbers,https://purl.org/okn/frink/kg/digcfdekg/node/factor/1fc132ba72f3c13fa6bf,Decreased early B-cell numbers (trait context: Acute lymphoblastic leukemia),Acute lymphoblastic leukemia
Decreased early lymphoid cells,https://purl.org/okn/frink/kg/digcfdekg/node/factor/c3a5118bc624a1bc073a,Decreased early lymphoid cells (trait context: Acute lymphoblastic leukemia),Acute lymphoblastic leukemia
Decreased IFN-γ and T proliferation,https://purl.org/okn/frink/kg/digcfdekg/node/factor/a7b2c8eaf3ce748a816a,Decreased IFN-γ and T proliferation (trait context: primary biliary cirrhosis),primary biliary cirrhosis
Decreased IFN-γ signaling; parasite susceptibility,https://purl.org/okn/frink/kg/digcfdekg/node/factor/3771f5b72935f657ba56,Decreased IFN-γ signaling; parasite susceptibility (trait context: Behet disease),Behet disease
Decreased IFN-γ; enhanced infection risk,https://purl.org/okn/frink/kg/digcfdekg/node/factor/ae3e07ed00c4a4e62d92,Decreased IFN-γ; enhanced infection risk (trait context: Behet disease),Behet disease
Decreased IFN-γ; NK/T dysregulation,https://purl.org/okn/frink/kg/digcfdekg/node/factor/4523278500f0a098bc2c,Decreased IFN-γ; NK/T dysregulation (trait context: Behet disease),Behet disease
Decreased IFN-γ; parasite susceptibility,https://purl.org/okn/frink/kg/digcfdekg/node/factor/74168ae42f032fc265c3,Decreased IFN-γ; parasite susceptibility (trait context: Behet disease),Behet disease
Decreased IgA/IgG3; increased T cells,https://purl.org/okn/frink/kg/digcfdekg/node/factor/75b50f0d7c78ddac7319,Decreased IgA/IgG3; increased T cells (trait context: IgA nephropathy (IgAN)),IgA nephropathy (IgAN)
Decreased IgM/IgG; kinase coexpression,https://purl.org/okn/frink/kg/digcfdekg/node/factor/4f8e9043377fed8e3c4d,Decreased IgM/IgG; kinase coexpression (trait context: IgA nephropathy (IgAN)),IgA nephropathy (IgAN)
decreased immunoglobulin isotypes,https://purl.org/okn/frink/kg/digcfdekg/node/factor/3c38c294e1a329726f5c,decreased immunoglobulin isotypes (trait context: Multiple sclerosis),Multiple sclerosis
Decreased immunoglobulin levels,https://purl.org/okn/frink/kg/digcfdekg/node/factor/3c14d4a74bf2e6267481,Decreased immunoglobulin levels (trait context: Inflammatory bowel disease (IBD)),Inflammatory bowel disease (IBD)
Decreased Immunoglobulins and B Cells,https://purl.org/okn/frink/kg/digcfdekg/node/factor/552e7b00a24378a2e327,Decreased Immunoglobulins and B Cells (trait context: childhood onset asthma),childhood onset asthma
Decreased immunoglobulins and B cells,https://purl.org/okn/frink/kg/digcfdekg/node/factor/6ebca2d3c39696f402c7,Decreased immunoglobulins and B cells (trait context: inflammatory bowel disease),inflammatory bowel disease
Decreased Immunoglobulins and NF-kB,https://purl.org/okn/frink/kg/digcfdekg/node/factor/ee4303bfa1b9c5049b4c,Decreased Immunoglobulins and NF-kB (trait context: Atopic dermatitis),Atopic dermatitis
Decreased immunoglobulins and TNF signaling,https://purl.org/okn/frink/kg/digcfdekg/node/factor/de6dbdee04e90b13a1ff,Decreased immunoglobulins and TNF signaling (trait context: IGA glomerulonephritis),IGA glomerulonephritis
Decreased insulin and beta mass,https://purl.org/okn/frink/kg/digcfdekg/node/factor/d4375735a73abdec29e1,Decreased insulin and beta mass (trait context: Type 2 diabetes (additive model)),Type 2 diabetes (additive model)
Decreased insulin secretion,https://purl.org/okn/frink/kg/digcfdekg/node/factor/b2a6217e01f78e16c628,Decreased insulin secretion (trait context: Diabetic retinopathy),Diabetic retinopathy
Decreased insulin secretion in diabetes,https://purl.org/okn/frink/kg/digcfdekg/node/factor/5fe79de00bbf49a1a948,Decreased insulin secretion in diabetes (trait context: Type 2 diabetes (additive model)),Type 2 diabetes (additive model)
Decreased interferon gamma secretion,https://purl.org/okn/frink/kg/digcfdekg/node/factor/6e4449c8418c65030e7b,Decreased interferon gamma secretion (trait context: autoimmune disease),autoimmune disease
Decreased interferon production and response,https://purl.org/okn/frink/kg/digcfdekg/node/factor/887d3a2909b08863932b,Decreased interferon production and response (trait context: autoimmune disease),autoimmune disease
Decreased leptin and insulin,https://purl.org/okn/frink/kg/digcfdekg/node/factor/0736802f3724728438d1,Decreased leptin and insulin (trait context: Type 2 diabetes (additive model)),Type 2 diabetes (additive model)
Decreased memory T cell numbers,https://purl.org/okn/frink/kg/digcfdekg/node/factor/918b1c1b032f8a58bc0d,Decreased memory T cell numbers (trait context: Type 1 diabetes (T1D)),Type 1 diabetes (T1D)
Decreased regulatory T cell numbers,https://purl.org/okn/frink/kg/digcfdekg/node/factor/a3802f0e9a6cbb3bf43d,Decreased regulatory T cell numbers (trait context: multiple sclerosis),multiple sclerosis
Decreased stem cells and progenitors,https://purl.org/okn/frink/kg/digcfdekg/node/factor/ec456ea7a2e680c06551,Decreased stem cells and progenitors (trait context: Myeloproliferative neoplasm),Myeloproliferative neoplasm
decreased thymocytes and T cells,https://purl.org/okn/frink/kg/digcfdekg/node/factor/2019d4c9b4d1295fa6b8,decreased thymocytes and T cells (trait context: Multiple sclerosis),Multiple sclerosis
Decreased thyroid hormones and activity,https://purl.org/okn/frink/kg/digcfdekg/node/factor/99c054858e4198fce86b,Decreased thyroid hormones and activity (trait context: Congenital hypothyroidism),Congenital hypothyroidism
Decreased TLR cytokine signaling,https://purl.org/okn/frink/kg/digcfdekg/node/factor/0199e07ccb7187613051,Decreased TLR cytokine signaling (trait context: Encephalitis),Encephalitis
Decreased triglycerides and fatty acids,https://purl.org/okn/frink/kg/digcfdekg/node/factor/ca5c4debb619b3efb083,Decreased triglycerides and fatty acids (trait context: Type 2 diabetes (additive model)),Type 2 diabetes (additive model)
Decreased Tumor Latency,https://purl.org/okn/frink/kg/digcfdekg/node/factor/aaf8e463e6d1160d00dc,Decreased Tumor Latency (trait context: Neuroendocrine neoplasm),Neuroendocrine neoplasm
Defective myeloid progenitors and regulators,https://purl.org/okn/frink/kg/digcfdekg/node/factor/819dece8445edde53b42,Defective myeloid progenitors and regulators (trait context: Acute lymphoblastic leukemia),Acute lymphoblastic leukemia
Defective T cells and thymocytes,https://purl.org/okn/frink/kg/digcfdekg/node/factor/49cf119b38a2b239e04a,Defective T cells and thymocytes (trait context: Acute lymphoblastic leukemia),Acute lymphoblastic leukemia
Deficient myeloid progenitors and HSC,https://purl.org/okn/frink/kg/digcfdekg/node/factor/3aee4a3d7696a866b9a9,Deficient myeloid progenitors and HSC (trait context: Acute lymphoblastic leukemia),Acute lymphoblastic leukemia
Definitive hematopoiesis and cancer signaling,https://purl.org/okn/frink/kg/digcfdekg/node/factor/680c5627def3dff9c8b0,Definitive hematopoiesis and cancer signaling (trait context: Myeloproliferative neoplasm),Myeloproliferative neoplasm
Dendritic cell chemotaxis and migration,https://purl.org/okn/frink/kg/digcfdekg/node/factor/a83909a1bf0c11c0eaaf,Dendritic cell chemotaxis and migration (trait context: inflammatory bowel disease),inflammatory bowel disease
Dendritic cells and cytokine signaling,https://purl.org/okn/frink/kg/digcfdekg/node/factor/2cf608e2fdae18e38ef1,Dendritic cells and cytokine signaling (trait context: atopic eczema),atopic eczema
Dendritic Cells and T Cells,https://purl.org/okn/frink/kg/digcfdekg/node/factor/0ac65229c3d7417574fb,Dendritic Cells and T Cells (trait context: Severe autoimmune type 2 diabetes),Severe autoimmune type 2 diabetes
Dendritic spine proteins,https://purl.org/okn/frink/kg/digcfdekg/node/factor/19d8a76e8109b1b17bbc,Dendritic spine proteins (trait context: major depressive disorder),major depressive disorder
Dermatan Sulfate Degradation,https://purl.org/okn/frink/kg/digcfdekg/node/factor/30214a6c99d3d0423ec0,Dermatan Sulfate Degradation (trait context: Lysosomal disease),Lysosomal disease
Descartes fetal lymphoid cells,https://purl.org/okn/frink/kg/digcfdekg/node/factor/a92bfba2eae8d710b6f1,Descartes fetal lymphoid cells (trait context: primary biliary cirrhosis),primary biliary cirrhosis
Developmental abnormalities,https://purl.org/okn/frink/kg/digcfdekg/node/factor/d91bb3ef3b55909ad102,Developmental abnormalities (trait context: Type 2 diabetes with peripheral circulatory manifestations),Type 2 diabetes with peripheral circulatory manifestations
Developmental Abnormalities and TP53 Methylation,https://purl.org/okn/frink/kg/digcfdekg/node/factor/f0c73a1f9c3d8d800e2a,Developmental Abnormalities and TP53 Methylation (trait context: prostate carcinoma),prostate carcinoma
Developmental and metabolic abnormalities,https://purl.org/okn/frink/kg/digcfdekg/node/factor/374b48208ae199ddd9f1,Developmental and metabolic abnormalities (trait context: type 2 diabetes mellitus),type 2 diabetes mellitus
Developmental and Metabolic Cardiac Traits,https://purl.org/okn/frink/kg/digcfdekg/node/factor/fb8536a322c81709174e,Developmental and Metabolic Cardiac Traits (trait context: Rare cardiomyopathy),Rare cardiomyopathy
Developmental morphogenesis and limbs,https://purl.org/okn/frink/kg/digcfdekg/node/factor/ca6f2915d0982cffd02b,Developmental morphogenesis and limbs (trait context: Membranous nephropathy),Membranous nephropathy
Developmental pigmentation and glycosylation,https://purl.org/okn/frink/kg/digcfdekg/node/factor/a17ce2aa577a451b5b8a,Developmental pigmentation and glycosylation (trait context: Any cancer),Any cancer
Developmental signaling in multiple tissues,https://purl.org/okn/frink/kg/digcfdekg/node/factor/08ef21658bfa3684aa10,Developmental signaling in multiple tissues (trait context: Type 1 diabetes with ophthalmic manifestations),Type 1 diabetes with ophthalmic manifestations
Diabetes and IGF1 signaling,https://purl.org/okn/frink/kg/digcfdekg/node/factor/13a8cc3a117ae5916894,Diabetes and IGF1 signaling (trait context: Type 2 diabetes (T2D)),Type 2 diabetes (T2D)
Diabetes and insulin regulation genes,https://purl.org/okn/frink/kg/digcfdekg/node/factor/da0a99b4012c2678c7d4,Diabetes and insulin regulation genes (trait context: Type 2 diabetes (with no history of pregnancy)),Type 2 diabetes (with no history of pregnancy)
Diabetes and pancreatic function genes,https://purl.org/okn/frink/kg/digcfdekg/node/factor/48e65c4385df6d52245a,Diabetes and pancreatic function genes (trait context: Type 2 diabetes (with no history of pregnancy)),Type 2 diabetes (with no history of pregnancy)
Diabetes autoimmunity and B markers,https://purl.org/okn/frink/kg/digcfdekg/node/factor/120f2ecd93e6a63b4bdc,Diabetes autoimmunity and B markers (trait context: Childhood-onset asthma),Childhood-onset asthma
Diabetes risk with beta-catenin signaling,https://purl.org/okn/frink/kg/digcfdekg/node/factor/7269f57a2e4dbb1ec7ad,Diabetes risk with beta-catenin signaling (trait context: Type 2 diabetes (with history of pregnancy)),Type 2 diabetes (with history of pregnancy)
Diabetes with beta-cell hyperplasia,https://purl.org/okn/frink/kg/digcfdekg/node/factor/6cd6f7fec7691e4bff76,Diabetes with beta-cell hyperplasia (trait context: Type 2 diabetes (T2D)),Type 2 diabetes (T2D)
Diabetes with impaired insulin secretion,https://purl.org/okn/frink/kg/digcfdekg/node/factor/82e9b3112bf18e336c02,Diabetes with impaired insulin secretion (trait context: Type 2 diabetes (T2D)),Type 2 diabetes (T2D)
Diabetes-related pancreatic islet defects,https://purl.org/okn/frink/kg/digcfdekg/node/factor/3d4bb181c1fff54c8b66,Diabetes-related pancreatic islet defects (trait context: type 2 diabetes mellitus),type 2 diabetes mellitus
Diaphragm morphology abnormalities,https://purl.org/okn/frink/kg/digcfdekg/node/factor/1b430bfe8c679a6f57d0,Diaphragm morphology abnormalities (trait context: Dilated cardiomyopathy; broad definition),Dilated cardiomyopathy; broad definition
Dicarboxylic and Organic Acid Catabolism,https://purl.org/okn/frink/kg/digcfdekg/node/factor/8a20ebac659ff0b8e416,Dicarboxylic and Organic Acid Catabolism (trait context: Organic aciduria),Organic aciduria
Digestive and skeletal development genes,https://purl.org/okn/frink/kg/digcfdekg/node/factor/b63fef47ea17e40aa8cb,Digestive and skeletal development genes (trait context: Type 1 diabetes with neurological manifestations),Type 1 diabetes with neurological manifestations
Digestive Development and Intestinal Morphology,https://purl.org/okn/frink/kg/digcfdekg/node/factor/e488e555bf97f04c92aa,Digestive Development and Intestinal Morphology (trait context: colorectal cancer),colorectal cancer
Digestive tract and craniofacial development,https://purl.org/okn/frink/kg/digcfdekg/node/factor/ea82f4b89b71f4bcd084,Digestive tract and craniofacial development (trait context: Hyperaldosteronism),Hyperaldosteronism
Digestive tract and epithelial morphogenesis,https://purl.org/okn/frink/kg/digcfdekg/node/factor/66d06c22ddce1daf3556,Digestive tract and epithelial morphogenesis (trait context: Hyperaldosteronism),Hyperaldosteronism
Digestive tract and gland development,https://purl.org/okn/frink/kg/digcfdekg/node/factor/6ef687508e794dcc4f57,Digestive tract and gland development (trait context: Type 1 diabetes with ketoacidosis),Type 1 diabetes with ketoacidosis
Digit patterning and limb anomalies,https://purl.org/okn/frink/kg/digcfdekg/node/factor/96bb84d86c8d77238d50,Digit patterning and limb anomalies (trait context: Carpal tunnel syndrome),Carpal tunnel syndrome
Dilated Cardiomyopathy,https://purl.org/okn/frink/kg/digcfdekg/node/factor/7ee399b34f9598b657d3,Dilated Cardiomyopathy (trait context: Dilated cardiomyopathy; strict definition),Dilated cardiomyopathy; strict definition
Diminished progenitors across lineages,https://purl.org/okn/frink/kg/digcfdekg/node/factor/6903ec7bb505273fa1d9,Diminished progenitors across lineages (trait context: Acute lymphoblastic leukemia),Acute lymphoblastic leukemia
Disordered myocardium and muscle proteins,https://purl.org/okn/frink/kg/digcfdekg/node/factor/97869e269ef014d4a6a8,Disordered myocardium and muscle proteins (trait context: Interatrial communication),Interatrial communication
DNA Damage and Apoptosis Regulation,https://purl.org/okn/frink/kg/digcfdekg/node/factor/a27272ca9b9d742fe00e,DNA Damage and Apoptosis Regulation (trait context: cancer),cancer
DNA damage and p53 cycle,https://purl.org/okn/frink/kg/digcfdekg/node/factor/1f4f052934cba27f0c60,DNA damage and p53 cycle (trait context: clear cell renal carcinoma),clear cell renal carcinoma
DNA damage and p53 network,https://purl.org/okn/frink/kg/digcfdekg/node/factor/dafcc97c9de1ad7d5f67,DNA damage and p53 network (trait context: clear cell renal carcinoma),clear cell renal carcinoma
DNA damage and p53 signaling,https://purl.org/okn/frink/kg/digcfdekg/node/factor/fff6a206ef188d554551,DNA damage and p53 signaling (trait context: renal carcinoma),renal carcinoma
DNA damage miRNA and cancer,https://purl.org/okn/frink/kg/digcfdekg/node/factor/0e5f8cff6b7b9604bb2e,DNA damage miRNA and cancer (trait context: clear cell renal carcinoma),clear cell renal carcinoma
DNA damage miRNAs and hematopoiesis,https://purl.org/okn/frink/kg/digcfdekg/node/factor/b4aa70ff0d9d91f738bb,DNA damage miRNAs and hematopoiesis (trait context: Lymphoma),Lymphoma
DNA damage response and cancer,https://purl.org/okn/frink/kg/digcfdekg/node/factor/df2b4ba53c43dd2b9a0f,DNA damage response and cancer (trait context: Diabetic retinopathy),Diabetic retinopathy
DNA damage response and p53,https://purl.org/okn/frink/kg/digcfdekg/node/factor/b8d68268144ee2115c2a,DNA damage response and p53 (trait context: renal carcinoma),renal carcinoma
"DNA damage response miRNAs, kinases",https://purl.org/okn/frink/kg/digcfdekg/node/factor/a140286463e1bb8100e0,"DNA damage response miRNAs, kinases (trait context: Lymphoma)",Lymphoma
DNA Damage Response Pathways,https://purl.org/okn/frink/kg/digcfdekg/node/factor/67090ad740e8274d0e6d,DNA Damage Response Pathways (trait context: Hereditary breast and/or ovarian cancer syndrome),Hereditary breast and/or ovarian cancer syndrome
"DNA damage response, tumor incidence",https://purl.org/okn/frink/kg/digcfdekg/node/factor/339047c716a9a36ad520,"DNA damage response, tumor incidence (trait context: Lymphoma)",Lymphoma
"DNA damage, RB1 defects, AR",https://purl.org/okn/frink/kg/digcfdekg/node/factor/8b361a498d26dc48e689,"DNA damage, RB1 defects, AR (trait context: clear cell renal carcinoma)",clear cell renal carcinoma
DNA Helicase and Replication,https://purl.org/okn/frink/kg/digcfdekg/node/factor/59d8ff819d958cf00aa8,DNA Helicase and Replication (trait context: Hereditary breast and/or ovarian cancer syndrome),Hereditary breast and/or ovarian cancer syndrome
DNA Repair,https://purl.org/okn/frink/kg/digcfdekg/node/factor/d19008544aa1e8451e3e,DNA Repair (trait context: Hereditary breast and/or ovarian cancer syndrome),Hereditary breast and/or ovarian cancer syndrome
Dopamine-related gene changes,https://purl.org/okn/frink/kg/digcfdekg/node/factor/f25de1bb66a55812ed1a,Dopamine-related gene changes (trait context: Membranous nephropathy),Membranous nephropathy
Downregulated signaling and cytoskeleton,https://purl.org/okn/frink/kg/digcfdekg/node/factor/7a28069e754ca203ff03,Downregulated signaling and cytoskeleton (trait context: Dilated cardiomyopathy; broad definition),Dilated cardiomyopathy; broad definition
Downregulated signaling components,https://purl.org/okn/frink/kg/digcfdekg/node/factor/e4ca743ce53c1be756b7,Downregulated signaling components (trait context: Chronic obstructive pulmonary disease (COPD)),Chronic obstructive pulmonary disease (COPD)
Downregulated tissue coexpression genes,https://purl.org/okn/frink/kg/digcfdekg/node/factor/d5b13441e4fe5e6313ee,Downregulated tissue coexpression genes (trait context: multiple sclerosis),multiple sclerosis
DSB Repair and Telomeres,https://purl.org/okn/frink/kg/digcfdekg/node/factor/db97f10cf139e92b9643,DSB Repair and Telomeres (trait context: Hereditary breast and/or ovarian cancer syndrome),Hereditary breast and/or ovarian cancer syndrome
Dyslipidemia and fatty acid signaling,https://purl.org/okn/frink/kg/digcfdekg/node/factor/0e6869b8496b6eabd129,Dyslipidemia and fatty acid signaling (trait context: type 2 diabetes mellitus),type 2 diabetes mellitus
Dystrophic muscle and cardiomyopathy,https://purl.org/okn/frink/kg/digcfdekg/node/factor/74aaf8ae865e0fe169dc,Dystrophic muscle and cardiomyopathy (trait context: Muscular dystrophy),Muscular dystrophy
Dystrophic muscle and fibrosis genes,https://purl.org/okn/frink/kg/digcfdekg/node/factor/529e358c97f62072c71f,Dystrophic muscle and fibrosis genes (trait context: Muscular dystrophy),Muscular dystrophy
Dystrophic muscle and related genes,https://purl.org/okn/frink/kg/digcfdekg/node/factor/3f730fb47a677fe2693e,Dystrophic muscle and related genes (trait context: Muscular dystrophy),Muscular dystrophy
Dystrophic muscles and related genes,https://purl.org/okn/frink/kg/digcfdekg/node/factor/4e750bea6d38826753b2,Dystrophic muscles and related genes (trait context: Muscular dystrophy),Muscular dystrophy
Ear Development and Embryonic Morphogenesis,https://purl.org/okn/frink/kg/digcfdekg/node/factor/30aea71f63e9db2c920c,Ear Development and Embryonic Morphogenesis (trait context: Severe insulin-resistant type 2 diabetes),Severe insulin-resistant type 2 diabetes
EBV-transformed B cell markers,https://purl.org/okn/frink/kg/digcfdekg/node/factor/e8cf71b8bc19d53b0b9b,EBV-transformed B cell markers (trait context: Systemic lupus erythematosus (SLE)),Systemic lupus erythematosus (SLE)
EBV-transformed lymphocytes and adipose,https://purl.org/okn/frink/kg/digcfdekg/node/factor/1071dca69f1e7091c8da,EBV-transformed lymphocytes and adipose (trait context: primary biliary cirrhosis),primary biliary cirrhosis
EBV-transformed lymphocytes coexpression IRF genes,https://purl.org/okn/frink/kg/digcfdekg/node/factor/c15aecbc327a4fb166dd,EBV-transformed lymphocytes coexpression IRF genes (trait context: systemic lupus erythematosus),systemic lupus erythematosus
EBV-transformed lymphocytes gene expression,https://purl.org/okn/frink/kg/digcfdekg/node/factor/cda07388bcdf953f9d01,EBV-transformed lymphocytes gene expression (trait context: multiple sclerosis),multiple sclerosis
EBV-transformed lymphocytes interferon signaling,https://purl.org/okn/frink/kg/digcfdekg/node/factor/5304d120ba80c6b35462,EBV-transformed lymphocytes interferon signaling (trait context: systemic lupus erythematosus),systemic lupus erythematosus
EBV-Transformed Lymphocytes Upregulated,https://purl.org/okn/frink/kg/digcfdekg/node/factor/afcd294567a46cc04b94,EBV-Transformed Lymphocytes Upregulated (trait context: Atopic dermatitis),Atopic dermatitis
EGFR and RAS signaling,https://purl.org/okn/frink/kg/digcfdekg/node/factor/e58778cc9a30a140bdc4,EGFR and RAS signaling (trait context: Rare hypertrophic cardiomyopathy),Rare hypertrophic cardiomyopathy
EGFR RAS MAPK Signaling,https://purl.org/okn/frink/kg/digcfdekg/node/factor/4e7498fccda2170ad89b,EGFR RAS MAPK Signaling (trait context: Rare hypertrophic cardiomyopathy),Rare hypertrophic cardiomyopathy
EGFR resistance and development genes,https://purl.org/okn/frink/kg/digcfdekg/node/factor/83da1fb27a23f862d617,EGFR resistance and development genes (trait context: Type 2 diabetes with renal manifestations),Type 2 diabetes with renal manifestations
EGFR signaling and RAS cascade,https://purl.org/okn/frink/kg/digcfdekg/node/factor/b05201d4fafee282dcde,EGFR signaling and RAS cascade (trait context: Rare hypertrophic cardiomyopathy),Rare hypertrophic cardiomyopathy
EGFR/PDGFR and Ras-PI3K signaling,https://purl.org/okn/frink/kg/digcfdekg/node/factor/a499aef86bfbe327deb9,EGFR/PDGFR and Ras-PI3K signaling (trait context: Rare hypertrophic cardiomyopathy),Rare hypertrophic cardiomyopathy
EGFRVIII and FGFR4 signaling,https://purl.org/okn/frink/kg/digcfdekg/node/factor/d0e01ade5fcff0b03136,EGFRVIII and FGFR4 signaling (trait context: Rare hypertrophic cardiomyopathy),Rare hypertrophic cardiomyopathy
EGFRVIII and RTK signaling,https://purl.org/okn/frink/kg/digcfdekg/node/factor/66e1b6c658d56dfe1d4b,EGFRVIII and RTK signaling (trait context: Rare hypertrophic cardiomyopathy),Rare hypertrophic cardiomyopathy
Elevated B cells and plasma,https://purl.org/okn/frink/kg/digcfdekg/node/factor/18805d7f5b4e2c501dc1,Elevated B cells and plasma (trait context: systemic lupus erythematosus),systemic lupus erythematosus
Elevated immunoglobulins and B cells,https://purl.org/okn/frink/kg/digcfdekg/node/factor/2b9d87d35fe52a33e9cf,Elevated immunoglobulins and B cells (trait context: psoriatic arthritis),psoriatic arthritis
Embryo lethality and growth genes,https://purl.org/okn/frink/kg/digcfdekg/node/factor/f06dc48b0878a5300b76,Embryo lethality and growth genes (trait context: Type 1 diabetes with neurological manifestations),Type 1 diabetes with neurological manifestations
Embryonic development and skeletal morphology,https://purl.org/okn/frink/kg/digcfdekg/node/factor/60d4d968ccd1348ecc17,Embryonic development and skeletal morphology (trait context: Any cancer),Any cancer
Embryonic development signaling pathways,https://purl.org/okn/frink/kg/digcfdekg/node/factor/c601c6d64aebb4f24519,Embryonic development signaling pathways (trait context: Hyperaldosteronism),Hyperaldosteronism
Embryonic Heart Tube Morphogenesis,https://purl.org/okn/frink/kg/digcfdekg/node/factor/95e4ddf79e13595c52a2,Embryonic Heart Tube Morphogenesis (trait context: Situs inversus totalis),Situs inversus totalis
Embryonic lethality and cancer pathways,https://purl.org/okn/frink/kg/digcfdekg/node/factor/bd7e40a2bf078ccaf93e,Embryonic lethality and cancer pathways (trait context: Chronic obstructive pulmonary disease (COPD)),Chronic obstructive pulmonary disease (COPD)
Embryonic limb and digit morphogenesis,https://purl.org/okn/frink/kg/digcfdekg/node/factor/c7f1201b9514ff3ef257,Embryonic limb and digit morphogenesis (trait context: Primary open-angle glaucoma),Primary open-angle glaucoma
Embryonic limb and heart morphogenesis,https://purl.org/okn/frink/kg/digcfdekg/node/factor/91759ef385fdc2c7293f,Embryonic limb and heart morphogenesis (trait context: Chronic obstructive pulmonary disease (COPD)),Chronic obstructive pulmonary disease (COPD)
Embryonic Limb and Mammary Development,https://purl.org/okn/frink/kg/digcfdekg/node/factor/e3fd71a284e947a20e3d,Embryonic Limb and Mammary Development (trait context: Breast cancer),Breast cancer
Embryonic limb morphogenesis genes,https://purl.org/okn/frink/kg/digcfdekg/node/factor/5bd7824e83a3046debcf,Embryonic limb morphogenesis genes (trait context: Carpal tunnel syndrome),Carpal tunnel syndrome
Embryonic patterning and vascular morphogenesis,https://purl.org/okn/frink/kg/digcfdekg/node/factor/cc1bdd105fce23debefb,Embryonic patterning and vascular morphogenesis (trait context: Primary open-angle glaucoma),Primary open-angle glaucoma
EMT and ECM interactions,https://purl.org/okn/frink/kg/digcfdekg/node/factor/7cc8173a9fd219c903a9,EMT and ECM interactions (trait context: Primary open-angle glaucoma),Primary open-angle glaucoma
EMT and osteoblast differentiation,https://purl.org/okn/frink/kg/digcfdekg/node/factor/024bd78e1788ed03256d,EMT and osteoblast differentiation (trait context: Primary open-angle glaucoma),Primary open-angle glaucoma
Endocardial cushions and digit morphogenesis,https://purl.org/okn/frink/kg/digcfdekg/node/factor/7e45f5ab7108ee90c5a1,Endocardial cushions and digit morphogenesis (trait context: Primary open-angle glaucoma),Primary open-angle glaucoma
Endocardial cushions and EMT regulation,https://purl.org/okn/frink/kg/digcfdekg/node/factor/e95836661172924c78aa,Endocardial cushions and EMT regulation (trait context: Primary open-angle glaucoma),Primary open-angle glaucoma
Endocardial cushions and SMAD signaling,https://purl.org/okn/frink/kg/digcfdekg/node/factor/08757ffedca27f2bc8fd,Endocardial cushions and SMAD signaling (trait context: Primary open-angle glaucoma),Primary open-angle glaucoma
Endocrine and cardiac development,https://purl.org/okn/frink/kg/digcfdekg/node/factor/ef3c91ec30cf78fd3724,Endocrine and cardiac development (trait context: Chronic obstructive pulmonary disease (COPD)),Chronic obstructive pulmonary disease (COPD)
Endocrine development and hormone regulation,https://purl.org/okn/frink/kg/digcfdekg/node/factor/6adea76bb0f23d90209d,Endocrine development and hormone regulation (trait context: Congenital hypothyroidism),Congenital hypothyroidism
Endocrine development with heart defects,https://purl.org/okn/frink/kg/digcfdekg/node/factor/ace86040e3fa425134f6,Endocrine development with heart defects (trait context: Congenital hypothyroidism),Congenital hypothyroidism
Endocrine traits and signaling genes,https://purl.org/okn/frink/kg/digcfdekg/node/factor/e36e44f716a779bd091f,Endocrine traits and signaling genes (trait context: Polycystic ovary syndrome; age-adjusted),Polycystic ovary syndrome; age-adjusted
Endometrial and B-cell signaling,https://purl.org/okn/frink/kg/digcfdekg/node/factor/5de6b8d4b16ae0c890b5,Endometrial and B-cell signaling (trait context: Rare hypertrophic cardiomyopathy),Rare hypertrophic cardiomyopathy
Endothelial and vascular development,https://purl.org/okn/frink/kg/digcfdekg/node/factor/e291f027730578e9cdee,Endothelial and vascular development (trait context: Type 2 diabetes with ketoacidosis),Type 2 diabetes with ketoacidosis
Endothelial migration and proliferation,https://purl.org/okn/frink/kg/digcfdekg/node/factor/0e116b72b66352606f49,Endothelial migration and proliferation (trait context: Hyperaldosteronism),Hyperaldosteronism
Enhanced glucose tolerance and sensitivity,https://purl.org/okn/frink/kg/digcfdekg/node/factor/7006987d3436015f4240,Enhanced glucose tolerance and sensitivity (trait context: Type 2 diabetes (additive model)),Type 2 diabetes (additive model)
Enhanced glucose tolerance and sensitivity,https://purl.org/okn/frink/kg/digcfdekg/node/factor/0a035e6d8212a2846f22,Enhanced glucose tolerance and sensitivity (trait context: Type 2 diabetes (T2D)),Type 2 diabetes (T2D)
Enteric nervous system development,https://purl.org/okn/frink/kg/digcfdekg/node/factor/9b6e4341bde192128f8a,Enteric nervous system development (trait context: Hirschsprung disease),Hirschsprung disease
Enteric neural crest development,https://purl.org/okn/frink/kg/digcfdekg/node/factor/55033f162b5dea85c85a,Enteric neural crest development (trait context: Hirschsprung disease),Hirschsprung disease
Enterocyte and Hepatic Sterol Metabolism,https://purl.org/okn/frink/kg/digcfdekg/node/factor/a71d9d76cdd3202bea5c,Enterocyte and Hepatic Sterol Metabolism (trait context: Disorder of lipid metabolism),Disorder of lipid metabolism
Envelope Proteins and Cardiac Development,https://purl.org/okn/frink/kg/digcfdekg/node/factor/f8ecd60c68b626d4f369,Envelope Proteins and Cardiac Development (trait context: Rare cardiomyopathy),Rare cardiomyopathy
Environmental stress response genes,https://purl.org/okn/frink/kg/digcfdekg/node/factor/65e9cd518490519d780a,Environmental stress response genes (trait context: chronic obstructive pulmonary disease),chronic obstructive pulmonary disease
Epithelial Adhesion Program,https://purl.org/okn/frink/kg/digcfdekg/node/factor/50c8614dbb0751ad6525,Epithelial Adhesion Program (trait context: Squamous cell carcinoma of the esophagus),Squamous cell carcinoma of the esophagus
Epithelial morphogenesis and branching,https://purl.org/okn/frink/kg/digcfdekg/node/factor/ea7c299e6cffe3bee602,Epithelial morphogenesis and branching (trait context: chronic obstructive pulmonary disease),chronic obstructive pulmonary disease
ER luminal membrane HLA proteins,https://purl.org/okn/frink/kg/digcfdekg/node/factor/5f0f1423cc2d0f66b583,ER luminal membrane HLA proteins (trait context: systemic lupus erythematosus),systemic lupus erythematosus
ERG and photoreceptor abnormalities,https://purl.org/okn/frink/kg/digcfdekg/node/factor/58e551a4c375c82d7208,ERG and photoreceptor abnormalities (trait context: Retinitis pigmentosa),Retinitis pigmentosa
Erythroblast and AML markers,https://purl.org/okn/frink/kg/digcfdekg/node/factor/e115a3d472115ba7528a,Erythroblast and AML markers (trait context: Porphyria),Porphyria
Erythroblast genes in blood,https://purl.org/okn/frink/kg/digcfdekg/node/factor/65bc971d56407a022cab,Erythroblast genes in blood (trait context: Porphyria),Porphyria
Erythroblast heme metabolism signature,https://purl.org/okn/frink/kg/digcfdekg/node/factor/ca49d42dcc941a64733b,Erythroblast heme metabolism signature (trait context: Porphyria),Porphyria
Erythroblast markers across tissues,https://purl.org/okn/frink/kg/digcfdekg/node/factor/d114a9c2b201ce41df34,Erythroblast markers across tissues (trait context: Porphyria),Porphyria
Erythroblast markers in fetal organs,https://purl.org/okn/frink/kg/digcfdekg/node/factor/23c31a6a62f7cdf1d4a1,Erythroblast markers in fetal organs (trait context: Porphyria),Porphyria
Erythrocyte morphology and anemia,https://purl.org/okn/frink/kg/digcfdekg/node/factor/a2718436621e3ff12ba8,Erythrocyte morphology and anemia (trait context: Porphyria),Porphyria
Erythroid and heme pathway genes,https://purl.org/okn/frink/kg/digcfdekg/node/factor/6d07cf106ebdda074997,Erythroid and heme pathway genes (trait context: Porphyria),Porphyria
Erythroid Expression Program,https://purl.org/okn/frink/kg/digcfdekg/node/factor/ce4a3cc058d464e2cfef,Erythroid Expression Program (trait context: Sideroblastic anemia),Sideroblastic anemia
Erythroid lineage genes signature,https://purl.org/okn/frink/kg/digcfdekg/node/factor/41577854865840aa4733,Erythroid lineage genes signature (trait context: Porphyria),Porphyria
Erythroid markers across tissues,https://purl.org/okn/frink/kg/digcfdekg/node/factor/6c178ab391593f5003c4,Erythroid markers across tissues (trait context: Porphyria),Porphyria
Erythroid/heme metabolism core,https://purl.org/okn/frink/kg/digcfdekg/node/factor/814a758c811b9b5280c6,Erythroid/heme metabolism core (trait context: Porphyria),Porphyria
Esophagus Expression Shifts With Age,https://purl.org/okn/frink/kg/digcfdekg/node/factor/80acd48bb360bfd5881a,Esophagus Expression Shifts With Age (trait context: Cystic fibrosis),Cystic fibrosis
Ether Lipid Biosynthesis,https://purl.org/okn/frink/kg/digcfdekg/node/factor/00ab7fcae3abcd9ee3ec,Ether Lipid Biosynthesis (trait context: Chronic primary adrenal insufficiency),Chronic primary adrenal insufficiency
Excitation Contraction Coupling,https://purl.org/okn/frink/kg/digcfdekg/node/factor/ed7c162ea6a292d35e7d,Excitation Contraction Coupling (trait context: Dilated cardiomyopathy; strict definition),Dilated cardiomyopathy; strict definition
Exogenous Antigen Processing and Presentation,https://purl.org/okn/frink/kg/digcfdekg/node/factor/0e00ca024b5737ebb9bd,Exogenous Antigen Processing and Presentation (trait context: Severe autoimmune type 2 diabetes),Severe autoimmune type 2 diabetes
Exosome inhibition and RAS signaling,https://purl.org/okn/frink/kg/digcfdekg/node/factor/e8a827ea6e714c130951,Exosome inhibition and RAS signaling (trait context: Rare hypertrophic cardiomyopathy),Rare hypertrophic cardiomyopathy
Expanded B cell subsets; splenomegaly,https://purl.org/okn/frink/kg/digcfdekg/node/factor/01975e3405f784488b79,Expanded B cell subsets; splenomegaly (trait context: IgA nephropathy (IgAN)),IgA nephropathy (IgAN)
Expansion of immune cell numbers,https://purl.org/okn/frink/kg/digcfdekg/node/factor/9e792767dd1e1cbeeb63,Expansion of immune cell numbers (trait context: Systemic lupus erythematosus),Systemic lupus erythematosus
Extracellular matrix and vasculature genes,https://purl.org/okn/frink/kg/digcfdekg/node/factor/15d9c65eb06eda4ab3c4,Extracellular matrix and vasculature genes (trait context: Carpal tunnel syndrome),Carpal tunnel syndrome
Eye and ear pigmentation,https://purl.org/okn/frink/kg/digcfdekg/node/factor/29d7f7d65ac8d8a6f34f,Eye and ear pigmentation (trait context: Any cancer),Any cancer
Eye and sensory organ development,https://purl.org/okn/frink/kg/digcfdekg/node/factor/ab2bc2e8f7afc5f1510e,Eye and sensory organ development (trait context: Primary open-angle glaucoma),Primary open-angle glaucoma
Eye anterior segment development,https://purl.org/okn/frink/kg/digcfdekg/node/factor/873fc4f181c2641f13ec,Eye anterior segment development (trait context: open-angle glaucoma),open-angle glaucoma
Eye development and retina,https://purl.org/okn/frink/kg/digcfdekg/node/factor/5ac404cde4f4cb8cb39e,Eye development and retina (trait context: Type 2 diabetes with ketoacidosis),Type 2 diabetes with ketoacidosis
Eye pigmentation and coat color,https://purl.org/okn/frink/kg/digcfdekg/node/factor/fe546a2cb290f506bd12,Eye pigmentation and coat color (trait context: Any cancer),Any cancer
Fanconi and DNA damage response,https://purl.org/okn/frink/kg/digcfdekg/node/factor/63b81267e8c6427174d4,Fanconi and DNA damage response (trait context: Rare aplastic anemia),Rare aplastic anemia
Fanconi DNA Repair Pathways,https://purl.org/okn/frink/kg/digcfdekg/node/factor/efeeb9f783a04bdcd090,Fanconi DNA Repair Pathways (trait context: Rare aplastic anemia),Rare aplastic anemia
Fatty Acid and Lipid Metabolism,https://purl.org/okn/frink/kg/digcfdekg/node/factor/452ad76fab85cd2e2ed7,Fatty Acid and Lipid Metabolism (trait context: Organic aciduria),Organic aciduria
Fatty Acid Metabolism and Synthesis,https://purl.org/okn/frink/kg/digcfdekg/node/factor/6848df5e3e4b64d09efd,Fatty Acid Metabolism and Synthesis (trait context: Disorder of lipid metabolism),Disorder of lipid metabolism
Fatty acid oxidation and mitochondria,https://purl.org/okn/frink/kg/digcfdekg/node/factor/8f2b8641da649ac011d5,Fatty acid oxidation and mitochondria (trait context: Rare hypertrophic cardiomyopathy),Rare hypertrophic cardiomyopathy
Fatty Acid Oxidation Metabolism,https://purl.org/okn/frink/kg/digcfdekg/node/factor/e86ba8e1a1dca087172e,Fatty Acid Oxidation Metabolism (trait context: Organic aciduria),Organic aciduria
FBL renal tubule epithelial cells,https://purl.org/okn/frink/kg/digcfdekg/node/factor/ab3ca66c4d9f6a39b572,FBL renal tubule epithelial cells (trait context: Rare aplastic anemia),Rare aplastic anemia
Female fertility hormone signaling,https://purl.org/okn/frink/kg/digcfdekg/node/factor/4547ca00691c3ac30cfe,Female fertility hormone signaling (trait context: Polycystic ovary syndrome; age-adjusted),Polycystic ovary syndrome; age-adjusted
Fetal adrenal steroid metabolism,https://purl.org/okn/frink/kg/digcfdekg/node/factor/3c9e4ecf045550cb3928,Fetal adrenal steroid metabolism (trait context: Congenital adrenal hyperplasia),Congenital adrenal hyperplasia
Fetal androgen synthesis and phenotypes,https://purl.org/okn/frink/kg/digcfdekg/node/factor/6dd0e0272b9a2ab31e1b,Fetal androgen synthesis and phenotypes (trait context: Congenital adrenal hyperplasia),Congenital adrenal hyperplasia
Fetal cardiomyocyte and sarcomere genes,https://purl.org/okn/frink/kg/digcfdekg/node/factor/6c99ca564ff9b282b5e3,Fetal cardiomyocyte and sarcomere genes (trait context: Dilated cardiomyopathy),Dilated cardiomyopathy
Fetal erythroblast genes across tissues,https://purl.org/okn/frink/kg/digcfdekg/node/factor/243bc1b9fc24d18637ee,Fetal erythroblast genes across tissues (trait context: Porphyria),Porphyria
Fetal erythroblast signatures across organs,https://purl.org/okn/frink/kg/digcfdekg/node/factor/2ed126148d5f6cb0a189,Fetal erythroblast signatures across organs (trait context: Porphyria),Porphyria
Fetal erythroblast signatures in tissues,https://purl.org/okn/frink/kg/digcfdekg/node/factor/5f199d31b792052ad54c,Fetal erythroblast signatures in tissues (trait context: Porphyria),Porphyria
Fetal lethality genes and CHD,https://purl.org/okn/frink/kg/digcfdekg/node/factor/a94ad17e4fb4d5beafd6,Fetal lethality genes and CHD (trait context: Type 1 diabetes with ketoacidosis),Type 1 diabetes with ketoacidosis
Fetal lethality with gene mutations,https://purl.org/okn/frink/kg/digcfdekg/node/factor/76a729846ac4aa54d327,Fetal lethality with gene mutations (trait context: Type 2 diabetes (additive model)),Type 2 diabetes (additive model)
Fetal lung erythrocyte markers,https://purl.org/okn/frink/kg/digcfdekg/node/factor/f2e6f203cfdfd4e1d4f4,Fetal lung erythrocyte markers (trait context: Porphyria),Porphyria
fetal lymphoid cell markers,https://purl.org/okn/frink/kg/digcfdekg/node/factor/cd3fbceaf961b9b9eb4c,fetal lymphoid cell markers (trait context: Multiple sclerosis),Multiple sclerosis
Fetal lymphoid cells,https://purl.org/okn/frink/kg/digcfdekg/node/factor/7d3d85775f1a5c79845f,Fetal lymphoid cells (trait context: autoimmune disease),autoimmune disease
Fetal lymphoid cells,https://purl.org/okn/frink/kg/digcfdekg/node/factor/506f622015774d8947f6,Fetal lymphoid cells (trait context: Type 1 diabetes (T1D)),Type 1 diabetes (T1D)
Fetal Lymphoid Cells and T,https://purl.org/okn/frink/kg/digcfdekg/node/factor/a5da8136473f2906abd3,Fetal Lymphoid Cells and T (trait context: Atopic dermatitis),Atopic dermatitis
Fetal lymphoid cells and thymus,https://purl.org/okn/frink/kg/digcfdekg/node/factor/50dae6b9b3ae8a6252c1,Fetal lymphoid cells and thymus (trait context: allergic disease),allergic disease
Fetal Lymphoid Cells Development,https://purl.org/okn/frink/kg/digcfdekg/node/factor/45e9c6dc41667398ad1a,Fetal Lymphoid Cells Development (trait context: childhood onset asthma),childhood onset asthma
Fetal mesothelial cells and FGFs,https://purl.org/okn/frink/kg/digcfdekg/node/factor/8b3cb0419664563c350c,Fetal mesothelial cells and FGFs (trait context: chronic obstructive pulmonary disease),chronic obstructive pulmonary disease
Fetal myeloid and macrophage markers,https://purl.org/okn/frink/kg/digcfdekg/node/factor/8fb7e08eacd362bf71c4,Fetal myeloid and macrophage markers (trait context: Systemic lupus erythematosus (SLE)),Systemic lupus erythematosus (SLE)
Fetal photoreceptor development,https://purl.org/okn/frink/kg/digcfdekg/node/factor/09df019b435b3db6ec26,Fetal photoreceptor development (trait context: Retinitis pigmentosa),Retinitis pigmentosa
FGF signaling and growth factors,https://purl.org/okn/frink/kg/digcfdekg/node/factor/e3d7e17fefb9c9ad490a,FGF signaling and growth factors (trait context: chronic obstructive pulmonary disease),chronic obstructive pulmonary disease
FGF signaling pathways and stemness,https://purl.org/okn/frink/kg/digcfdekg/node/factor/9554cd03c4febd43982d,FGF signaling pathways and stemness (trait context: Chronic obstructive pulmonary disease (COPD)),Chronic obstructive pulmonary disease (COPD)
FGFR CALR SHH signaling alterations,https://purl.org/okn/frink/kg/digcfdekg/node/factor/4723a10433fbd0246d27,FGFR CALR SHH signaling alterations (trait context: Myeloproliferative neoplasm),Myeloproliferative neoplasm
FGFR FLT3 Signaling,https://purl.org/okn/frink/kg/digcfdekg/node/factor/785d3ded221c654eec13,FGFR FLT3 Signaling (trait context: Rare hypertrophic cardiomyopathy),Rare hypertrophic cardiomyopathy
FGFR/RAS/ERK Signaling in Cancers,https://purl.org/okn/frink/kg/digcfdekg/node/factor/fda6c0bff9d95e317c2e,FGFR/RAS/ERK Signaling in Cancers (trait context: Astrocytoma),Astrocytoma
Fibroblast gene regulation profile,https://purl.org/okn/frink/kg/digcfdekg/node/factor/75a00e62e3a1a2a96936,Fibroblast gene regulation profile (trait context: Type 1 diabetes with ophthalmic manifestations),Type 1 diabetes with ophthalmic manifestations
Fibrosis and Immune Signaling Pathways,https://purl.org/okn/frink/kg/digcfdekg/node/factor/9c1cb4c22c47cc6b069c,Fibrosis and Immune Signaling Pathways (trait context: Interstitial lung disease),Interstitial lung disease
Flavoprotein-Dependent Fatty Acid Oxidation,https://purl.org/okn/frink/kg/digcfdekg/node/factor/e7e1207e7ed20afe29c6,Flavoprotein-Dependent Fatty Acid Oxidation (trait context: Organic aciduria),Organic aciduria
FLT3,https://purl.org/okn/frink/kg/digcfdekg/node/factor/f3a3361eafd0cde513d9,FLT3 (trait context: Non-Hodgkin lymphoma),Non-Hodgkin lymphoma
Forebrain neuron differentiation,https://purl.org/okn/frink/kg/digcfdekg/node/factor/bc5f69c0dcdae4824e83,Forebrain neuron differentiation (trait context: Hirschsprung disease),Hirschsprung disease
FOXO transcription and RB pathways,https://purl.org/okn/frink/kg/digcfdekg/node/factor/e6eb68adc2cd108ca791,FOXO transcription and RB pathways (trait context: Type 2 diabetes (additive model)),Type 2 diabetes (additive model)
FOXO-mediated metabolism regulation,https://purl.org/okn/frink/kg/digcfdekg/node/factor/d3d46b88592136ca7a63,FOXO-mediated metabolism regulation (trait context: Type 2 diabetes with renal manifestations),Type 2 diabetes with renal manifestations
FOXP3 regulatory T cell development,https://purl.org/okn/frink/kg/digcfdekg/node/factor/43129a8c2edfbcf9b3bb,FOXP3 regulatory T cell development (trait context: Primary sclerosing cholangitis),Primary sclerosing cholangitis
Frontal lobe pathology and autophagy,https://purl.org/okn/frink/kg/digcfdekg/node/factor/22c50216aa279dbdfc59,Frontal lobe pathology and autophagy (trait context: Amyotrophic lateral sclerosis),Amyotrophic lateral sclerosis
Fructose metabolism and energy pathways,https://purl.org/okn/frink/kg/digcfdekg/node/factor/80d975305d7606e2822b,Fructose metabolism and energy pathways (trait context: Glycogen storage disease),Glycogen storage disease
Fructose metabolism and glycolysis,https://purl.org/okn/frink/kg/digcfdekg/node/factor/20531ff579046433d433,Fructose metabolism and glycolysis (trait context: Glycogen storage disease),Glycogen storage disease
FSHD1 DUX4 Physiology and Genes,https://purl.org/okn/frink/kg/digcfdekg/node/factor/4589fe28c710620d1e3a,FSHD1 DUX4 Physiology and Genes (trait context: Familial medullary thyroid carcinoma),Familial medullary thyroid carcinoma
Fungal Susceptibility and Myeloid Markers,https://purl.org/okn/frink/kg/digcfdekg/node/factor/585a2b92725e66f22f0a,Fungal Susceptibility and Myeloid Markers (trait context: Interstitial lung disease),Interstitial lung disease
G1/S transition and p53 control,https://purl.org/okn/frink/kg/digcfdekg/node/factor/e35bc78a898ec65937e7,G1/S transition and p53 control (trait context: renal carcinoma),renal carcinoma
G2/M Checkpoint and DSB Repair,https://purl.org/okn/frink/kg/digcfdekg/node/factor/a214e4b650952626f282,G2/M Checkpoint and DSB Repair (trait context: Hereditary breast and/or ovarian cancer syndrome),Hereditary breast and/or ovarian cancer syndrome
G2/M Checkpoint Signaling,https://purl.org/okn/frink/kg/digcfdekg/node/factor/4b8c1641d3b0034c34d7,G2/M Checkpoint Signaling (trait context: Hereditary breast and/or ovarian cancer syndrome),Hereditary breast and/or ovarian cancer syndrome
GABA receptor channel activity,https://purl.org/okn/frink/kg/digcfdekg/node/factor/9c3f3790f2db1748cab4,GABA receptor channel activity (trait context: Childhood absence epilepsy),Childhood absence epilepsy
GAG and proteoglycan metabolism,https://purl.org/okn/frink/kg/digcfdekg/node/factor/c13d897b1ea36fd9efdc,GAG and proteoglycan metabolism (trait context: Mucopolysaccharidosis),Mucopolysaccharidosis
GAG catabolism in mucopolysaccharidoses,https://purl.org/okn/frink/kg/digcfdekg/node/factor/cf7f329e7aa30d3c14b6,GAG catabolism in mucopolysaccharidoses (trait context: Mucopolysaccharidosis),Mucopolysaccharidosis
GAG metabolism and metabolic diseases,https://purl.org/okn/frink/kg/digcfdekg/node/factor/51198b67a2b036610811,GAG metabolism and metabolic diseases (trait context: Mucopolysaccharidosis),Mucopolysaccharidosis
Gamma delta T cell activation,https://purl.org/okn/frink/kg/digcfdekg/node/factor/74a1971626207487539b,Gamma delta T cell activation (trait context: Rare aplastic anemia),Rare aplastic anemia
Gastric Lysozyme Positive Cells,https://purl.org/okn/frink/kg/digcfdekg/node/factor/2d5ff4d3d93b373d7d25,Gastric Lysozyme Positive Cells (trait context: Rare aplastic anemia),Rare aplastic anemia
Gaucher responses and MBD4,https://purl.org/okn/frink/kg/digcfdekg/node/factor/91ac0accfa26e17d05f3,Gaucher responses and MBD4 (trait context: Rare aplastic anemia),Rare aplastic anemia
Gene Coexpression in Vascular Tissues,https://purl.org/okn/frink/kg/digcfdekg/node/factor/3b545e8c23c842311ac8,Gene Coexpression in Vascular Tissues (trait context: Rare cardiomyopathy),Rare cardiomyopathy
Genetic disorders and cancer genes,https://purl.org/okn/frink/kg/digcfdekg/node/factor/9ff47155d9ed7c634406,Genetic disorders and cancer genes (trait context: Glioblastoma),Glioblastoma
Genetic obesity factors,https://purl.org/okn/frink/kg/digcfdekg/node/factor/75c88b60f3041cb6bbf4,Genetic obesity factors (trait context: Type 2 diabetes with peripheral circulatory manifestations),Type 2 diabetes with peripheral circulatory manifestations
Germ layer and organ formation,https://purl.org/okn/frink/kg/digcfdekg/node/factor/7661e72e6151b779b7e9,Germ layer and organ formation (trait context: Dermatophytosis),Dermatophytosis
Germinal B cell proliferation,https://purl.org/okn/frink/kg/digcfdekg/node/factor/7414eb2491f3de746149,Germinal B cell proliferation (trait context: Systemic lupus erythematosus (SLE)),Systemic lupus erythematosus (SLE)
Germinal Center Deficiency,https://purl.org/okn/frink/kg/digcfdekg/node/factor/6c03fcc7c38f476ca688,Germinal Center Deficiency (trait context: Non-Hodgkin lymphoma),Non-Hodgkin lymphoma
Gland and Epithelial Tube Morphogenesis,https://purl.org/okn/frink/kg/digcfdekg/node/factor/7e995e78e7f09939715d,Gland and Epithelial Tube Morphogenesis (trait context: colorectal cancer),colorectal cancer
Gland and osteoblast differentiation,https://purl.org/okn/frink/kg/digcfdekg/node/factor/4266a8ffa42450745f30,Gland and osteoblast differentiation (trait context: Chronic obstructive pulmonary disease (COPD)),Chronic obstructive pulmonary disease (COPD)
Glaucoma-associated anterior segment defects,https://purl.org/okn/frink/kg/digcfdekg/node/factor/52d77872ec1afc8aee03,Glaucoma-associated anterior segment defects (trait context: open-angle glaucoma),open-angle glaucoma
Glaucoma-related anterior segment anomalies,https://purl.org/okn/frink/kg/digcfdekg/node/factor/0ad507bb6966cad9090d,Glaucoma-related anterior segment anomalies (trait context: open-angle glaucoma),open-angle glaucoma
Glial activation and apolipoprotein binding,https://purl.org/okn/frink/kg/digcfdekg/node/factor/33d63e4b1127afa149b2,Glial activation and apolipoprotein binding (trait context: Frontotemporal dementia),Frontotemporal dementia
Glioblastoma and Cancer Signaling,https://purl.org/okn/frink/kg/digcfdekg/node/factor/a73acb62ae420e00fde3,Glioblastoma and Cancer Signaling (trait context: cancer),cancer
Glioblastoma and Cell Cycle Signaling,https://purl.org/okn/frink/kg/digcfdekg/node/factor/4a9619d6dc183126f72f,Glioblastoma and Cell Cycle Signaling (trait context: cancer),cancer
Glioblastoma signaling and cell cycle,https://purl.org/okn/frink/kg/digcfdekg/node/factor/a68f5381334e7bd3ac74,Glioblastoma signaling and cell cycle (trait context: Type 2 diabetes (T2D) adj BMI),Type 2 diabetes (T2D) adj BMI
Glioblastoma signaling pathways,https://purl.org/okn/frink/kg/digcfdekg/node/factor/f158d1750a9fc2f63d20,Glioblastoma signaling pathways (trait context: Diabetic retinopathy),Diabetic retinopathy
Glioblastoma signaling pathways,https://purl.org/okn/frink/kg/digcfdekg/node/factor/c82f7762dcdbf6f2e3c6,Glioblastoma signaling pathways (trait context: Type 2 diabetes with neurological manifestations),Type 2 diabetes with neurological manifestations
Glomerulus pathology and signaling,https://purl.org/okn/frink/kg/digcfdekg/node/factor/0a43993dd79ee6b7531d,Glomerulus pathology and signaling (trait context: Diabetic retinopathy),Diabetic retinopathy
Glucan and glycogen metabolism,https://purl.org/okn/frink/kg/digcfdekg/node/factor/16b8ca9101345717eb2f,Glucan and glycogen metabolism (trait context: Glycogen storage disease),Glycogen storage disease
Glucocorticoid-downregulated targets,https://purl.org/okn/frink/kg/digcfdekg/node/factor/19552273db4cbfc8c74e,Glucocorticoid-downregulated targets (trait context: Type 1 diabetes with ophthalmic manifestations),Type 1 diabetes with ophthalmic manifestations
Glucose and insulin dysregulation,https://purl.org/okn/frink/kg/digcfdekg/node/factor/21084226113b75d8f7ef,Glucose and insulin dysregulation (trait context: type 2 diabetes mellitus),type 2 diabetes mellitus
Glucose and insulin resistance,https://purl.org/okn/frink/kg/digcfdekg/node/factor/b6707af89313edfa88d1,Glucose and insulin resistance (trait context: Type 2 diabetes (T2D)),Type 2 diabetes (T2D)
Glucose and insulin resistance,https://purl.org/okn/frink/kg/digcfdekg/node/factor/fbf298d531edd8712c0b,Glucose and insulin resistance (trait context: type 2 diabetes mellitus),type 2 diabetes mellitus
Glucose and lipid homeostasis,https://purl.org/okn/frink/kg/digcfdekg/node/factor/e0b856b1de9f7b804f19,Glucose and lipid homeostasis (trait context: Type 2 diabetes (T2D)),Type 2 diabetes (T2D)
Glucose and lipid homeostasis,https://purl.org/okn/frink/kg/digcfdekg/node/factor/01aaba17d4cf94cf342c,Glucose and lipid homeostasis (trait context: Type 2 diabetes (T2D) adj BMI),Type 2 diabetes (T2D) adj BMI
Glucose dysregulation with adipose loss,https://purl.org/okn/frink/kg/digcfdekg/node/factor/205012ed5514a15dbb91,Glucose dysregulation with adipose loss (trait context: Type 2 diabetes (with history of pregnancy)),Type 2 diabetes (with history of pregnancy)
Glucose dysregulation with adipose signals,https://purl.org/okn/frink/kg/digcfdekg/node/factor/295f43bff4c186ec8e70,Glucose dysregulation with adipose signals (trait context: Type 2 diabetes (dominant model)),Type 2 diabetes (dominant model)
Glucose homeostasis and hormone signaling,https://purl.org/okn/frink/kg/digcfdekg/node/factor/0f59143861fa7e4f652b,Glucose homeostasis and hormone signaling (trait context: Type 2 diabetes with neurological manifestations),Type 2 diabetes with neurological manifestations
Glucose homeostasis and insulin,https://purl.org/okn/frink/kg/digcfdekg/node/factor/a9fea0b8eb269461300d,Glucose homeostasis and insulin (trait context: Type 2 diabetes (recessive model)),Type 2 diabetes (recessive model)
Glucose homeostasis and obesity signals,https://purl.org/okn/frink/kg/digcfdekg/node/factor/bb49f477e05e55737f46,Glucose homeostasis and obesity signals (trait context: type 2 diabetes mellitus),type 2 diabetes mellitus
Glucose homeostasis with beta-cell deficits,https://purl.org/okn/frink/kg/digcfdekg/node/factor/268d67080547098c56ec,Glucose homeostasis with beta-cell deficits (trait context: Type 2 diabetes (dominant model)),Type 2 diabetes (dominant model)
Glucose intolerance and obesity risk,https://purl.org/okn/frink/kg/digcfdekg/node/factor/5a9477e8cddb8b039568,Glucose intolerance and obesity risk (trait context: Type 2 diabetes with renal manifestations),Type 2 diabetes with renal manifestations
Glucose metabolism and glycogen regulation,https://purl.org/okn/frink/kg/digcfdekg/node/factor/d4d619d7888ec1a36ba3,Glucose metabolism and glycogen regulation (trait context: Glycogen storage disease),Glycogen storage disease
Glucose metabolism regulation enzymes,https://purl.org/okn/frink/kg/digcfdekg/node/factor/71c6c8fe9cd0ad363800,Glucose metabolism regulation enzymes (trait context: type 2 diabetes mellitus),type 2 diabetes mellitus
Glucose regulation and beta-cell factors,https://purl.org/okn/frink/kg/digcfdekg/node/factor/68b7ef6d4038a4bdd411,Glucose regulation and beta-cell factors (trait context: Type 2 diabetes with neurological manifestations),Type 2 diabetes with neurological manifestations
Glucose regulation and GPCR signaling,https://purl.org/okn/frink/kg/digcfdekg/node/factor/6bed3f1efe3079313c0b,Glucose regulation and GPCR signaling (trait context: Type 2 diabetes (T2D) adj BMI),Type 2 diabetes (T2D) adj BMI
Glycan and glycosphingolipid degradation,https://purl.org/okn/frink/kg/digcfdekg/node/factor/330ced8d13f2431dda2b,Glycan and glycosphingolipid degradation (trait context: Mucopolysaccharidosis),Mucopolysaccharidosis
Glycero-Phospholipid Metabolism and Biosynthesis,https://purl.org/okn/frink/kg/digcfdekg/node/factor/d343f90302884244e6d4,Glycero-Phospholipid Metabolism and Biosynthesis (trait context: Disorder of lipid metabolism),Disorder of lipid metabolism
Glycogen and carbohydrate metabolism,https://purl.org/okn/frink/kg/digcfdekg/node/factor/1c82674bf091b674e6bb,Glycogen and carbohydrate metabolism (trait context: Glycogen storage disease),Glycogen storage disease
Glycogen and insulin signaling,https://purl.org/okn/frink/kg/digcfdekg/node/factor/2071360760aa68350051,Glycogen and insulin signaling (trait context: Rare hypertrophic cardiomyopathy),Rare hypertrophic cardiomyopathy
Glycogen metabolism and galactose metabolism,https://purl.org/okn/frink/kg/digcfdekg/node/factor/d808ccac25e65e394604,Glycogen metabolism and galactose metabolism (trait context: Glycogen storage disease),Glycogen storage disease
Glycogen metabolism and insulin signaling,https://purl.org/okn/frink/kg/digcfdekg/node/factor/0884564cf783c6692814,Glycogen metabolism and insulin signaling (trait context: Glycogen storage disease),Glycogen storage disease
Glycogen metabolism and storage diseases,https://purl.org/okn/frink/kg/digcfdekg/node/factor/8b2888ac4c65efce78a2,Glycogen metabolism and storage diseases (trait context: Glycogen storage disease),Glycogen storage disease
Glycogen storage and carbohydrate metabolism,https://purl.org/okn/frink/kg/digcfdekg/node/factor/18eb11783ca9809f6335,Glycogen storage and carbohydrate metabolism (trait context: Glycogen storage disease),Glycogen storage disease
Glycogen storage and metabolism disorders,https://purl.org/okn/frink/kg/digcfdekg/node/factor/8cde28d40a9ca43a3f65,Glycogen storage and metabolism disorders (trait context: Glycogen storage disease),Glycogen storage disease
Glycogen storage diseases and galactose,https://purl.org/okn/frink/kg/digcfdekg/node/factor/dcfa68ff207467a04fb5,Glycogen storage diseases and galactose (trait context: Glycogen storage disease),Glycogen storage disease
Glycolysis and carbohydrate catabolism,https://purl.org/okn/frink/kg/digcfdekg/node/factor/447afef2c8349663be81,Glycolysis and carbohydrate catabolism (trait context: Glycogen storage disease),Glycogen storage disease
Glycolysis and carbohydrate metabolism,https://purl.org/okn/frink/kg/digcfdekg/node/factor/85992eda2f0f49e2af0b,Glycolysis and carbohydrate metabolism (trait context: Glycogen storage disease),Glycogen storage disease
Glycolysis and HIF1 targets,https://purl.org/okn/frink/kg/digcfdekg/node/factor/448c3324d8520c739d5f,Glycolysis and HIF1 targets (trait context: Glycogen storage disease),Glycogen storage disease
Glycolysis and monosaccharide metabolism,https://purl.org/okn/frink/kg/digcfdekg/node/factor/df4494ab6c2f459f8911,Glycolysis and monosaccharide metabolism (trait context: Glycogen storage disease),Glycogen storage disease
Glycolysis enzymes,https://purl.org/okn/frink/kg/digcfdekg/node/factor/bd44873feeb2beed63db,Glycolysis enzymes (trait context: Glycogen storage disease),Glycogen storage disease
"Glycolysis, hypoxia, and Cori cycle",https://purl.org/okn/frink/kg/digcfdekg/node/factor/ed648f2b8f9866324789,"Glycolysis, hypoxia, and Cori cycle (trait context: Glycogen storage disease)",Glycogen storage disease
Glycoprotein and proteoglycan metabolism,https://purl.org/okn/frink/kg/digcfdekg/node/factor/f25558b9db4e52543a50,Glycoprotein and proteoglycan metabolism (trait context: Mucopolysaccharidosis),Mucopolysaccharidosis
Glycoprotein Catabolism,https://purl.org/okn/frink/kg/digcfdekg/node/factor/021aef2471505d216d7e,Glycoprotein Catabolism (trait context: Lysosomal disease),Lysosomal disease
Glycosylation and ADAMTS genes,https://purl.org/okn/frink/kg/digcfdekg/node/factor/9247b9dcb454ca14ceb1,Glycosylation and ADAMTS genes (trait context: Carpal tunnel syndrome),Carpal tunnel syndrome
Glycosylation and membrane components,https://purl.org/okn/frink/kg/digcfdekg/node/factor/c7bc943d0278bc820a6c,Glycosylation and membrane components (trait context: Muscular dystrophy),Muscular dystrophy
Glycosylation pathways and enzymes,https://purl.org/okn/frink/kg/digcfdekg/node/factor/e0ed7f4a23bc1d4bcce2,Glycosylation pathways and enzymes (trait context: Muscular dystrophy),Muscular dystrophy
Gonadal fat and insulin signaling,https://purl.org/okn/frink/kg/digcfdekg/node/factor/79222269855bb0261b7e,Gonadal fat and insulin signaling (trait context: type 2 diabetes mellitus),type 2 diabetes mellitus
GPCR and leukocyte markers,https://purl.org/okn/frink/kg/digcfdekg/node/factor/2432609c20cbc6e04130,GPCR and leukocyte markers (trait context: Inflammatory bowel disease (IBD)),Inflammatory bowel disease (IBD)
GPCR coexpression and T-cell signaling,https://purl.org/okn/frink/kg/digcfdekg/node/factor/32ef32ffdb37ee529460,GPCR coexpression and T-cell signaling (trait context: Juvenile idiopathic arthritis),Juvenile idiopathic arthritis
GPCR Coexpression in Immune Signaling,https://purl.org/okn/frink/kg/digcfdekg/node/factor/9e92373166569b68cf36,GPCR Coexpression in Immune Signaling (trait context: childhood onset asthma),childhood onset asthma
GPCR Coexpression in Small Intestine,https://purl.org/okn/frink/kg/digcfdekg/node/factor/e2f099ee6f19b5b4a4fa,GPCR Coexpression in Small Intestine (trait context: Atopic dermatitis),Atopic dermatitis
GPCR coexpression with FAM26F,https://purl.org/okn/frink/kg/digcfdekg/node/factor/455486d1ac4db982098d,GPCR coexpression with FAM26F (trait context: systemic lupus erythematosus),systemic lupus erythematosus
GPCR coexpression with leukocyte markers,https://purl.org/okn/frink/kg/digcfdekg/node/factor/51c9a498ddaac7cdff7d,GPCR coexpression with leukocyte markers (trait context: Inflammatory bowel disease (IBD)),Inflammatory bowel disease (IBD)
GPCR coexpression with P2RY10,https://purl.org/okn/frink/kg/digcfdekg/node/factor/53a6d50a238aa8c46c91,GPCR coexpression with P2RY10 (trait context: systemic lupus erythematosus),systemic lupus erythematosus
GPCR coexpression with TSSK4,https://purl.org/okn/frink/kg/digcfdekg/node/factor/f9835caed97dc427db90,GPCR coexpression with TSSK4 (trait context: Childhood-onset asthma),Childhood-onset asthma
GPCR kinases and cytokine signaling,https://purl.org/okn/frink/kg/digcfdekg/node/factor/1bdfabbf292d1e6fac81,GPCR kinases and cytokine signaling (trait context: Childhood-onset asthma),Childhood-onset asthma
GPCR signaling and cytoskeleton components,https://purl.org/okn/frink/kg/digcfdekg/node/factor/4286edd68f92e51048ee,GPCR signaling and cytoskeleton components (trait context: Primary open-angle glaucoma),Primary open-angle glaucoma
GPCRs and adhesion in adipose,https://purl.org/okn/frink/kg/digcfdekg/node/factor/9c1d6e8a8fc5475adffd,GPCRs and adhesion in adipose (trait context: Systemic lupus erythematosus (SLE)),Systemic lupus erythematosus (SLE)
GPR171 coexpression with T cells,https://purl.org/okn/frink/kg/digcfdekg/node/factor/fb21d8193cb385ca7c6e,GPR171 coexpression with T cells (trait context: Type 1 diabetes (T1D)),Type 1 diabetes (T1D)
GPR174 and P2RY10 coexpression,https://purl.org/okn/frink/kg/digcfdekg/node/factor/d1026d2abbd549fabbef,GPR174 and P2RY10 coexpression (trait context: multiple sclerosis),multiple sclerosis
Granulocytes and myeloid hyperplasia,https://purl.org/okn/frink/kg/digcfdekg/node/factor/ad9a3500f9f20aa11c31,Granulocytes and myeloid hyperplasia (trait context: inflammatory bowel disease),inflammatory bowel disease
Granulomatous Inflammation and Neutrophil Markers,https://purl.org/okn/frink/kg/digcfdekg/node/factor/2503c0f841f683ee1461,Granulomatous Inflammation and Neutrophil Markers (trait context: Interstitial lung disease),Interstitial lung disease
Granulopoiesis and extramedullary hematopoiesis,https://purl.org/okn/frink/kg/digcfdekg/node/factor/9decf958126b3c37c813,Granulopoiesis and extramedullary hematopoiesis (trait context: Acute myeloid leukemia),Acute myeloid leukemia
Granulopoiesis and megakaryocyte abnormalities,https://purl.org/okn/frink/kg/digcfdekg/node/factor/cf0a8f4ebc83eaed8a70,Granulopoiesis and megakaryocyte abnormalities (trait context: Acute myeloid leukemia),Acute myeloid leukemia
Granulopoiesis regulation and signaling,https://purl.org/okn/frink/kg/digcfdekg/node/factor/b11a0b998c0e82e24368,Granulopoiesis regulation and signaling (trait context: Lymphoma),Lymphoma
Granulopoiesis regulation in leukemia,https://purl.org/okn/frink/kg/digcfdekg/node/factor/ce630b3d665871ecd735,Granulopoiesis regulation in leukemia (trait context: Acute myeloid leukemia),Acute myeloid leukemia
Granulopoiesis signaling in disease,https://purl.org/okn/frink/kg/digcfdekg/node/factor/6c9c8df3e7b33abf8498,Granulopoiesis signaling in disease (trait context: Acute myeloid leukemia),Acute myeloid leukemia
Granulopoiesis transcriptional regulation,https://purl.org/okn/frink/kg/digcfdekg/node/factor/02d042520bd4a8b5ddb9,Granulopoiesis transcriptional regulation (trait context: Acute myeloid leukemia),Acute myeloid leukemia
Group 1 cancer gene set,https://purl.org/okn/frink/kg/digcfdekg/node/factor/93be8b17486c898053d3,Group 1 cancer gene set (trait context: Hepatocellular carcinoma),Hepatocellular carcinoma
Group 2 cancer signaling genes,https://purl.org/okn/frink/kg/digcfdekg/node/factor/be98042e340a58b9177e,Group 2 cancer signaling genes (trait context: Hepatocellular carcinoma),Hepatocellular carcinoma
Group 3 IGF/EGFR signaling genes,https://purl.org/okn/frink/kg/digcfdekg/node/factor/691556be5020a3b84441,Group 3 IGF/EGFR signaling genes (trait context: Hepatocellular carcinoma),Hepatocellular carcinoma
Growth Factor and Immune Signaling,https://purl.org/okn/frink/kg/digcfdekg/node/factor/70956b12e8a48fa9de2d,Growth Factor and Immune Signaling (trait context: Astrocytoma),Astrocytoma
Growth Factor Signaling,https://purl.org/okn/frink/kg/digcfdekg/node/factor/b5d291a602faab21e964,Growth Factor Signaling (trait context: Pyruvate dehydrogenase deficiency),Pyruvate dehydrogenase deficiency
Growth Factor Signaling,https://purl.org/okn/frink/kg/digcfdekg/node/factor/03968b9d69b60cdc8a81,Growth Factor Signaling (trait context: Rectal cancer),Rectal cancer
Growth factor signaling regulation,https://purl.org/okn/frink/kg/digcfdekg/node/factor/dc7a1214175cee308ca4,Growth factor signaling regulation (trait context: chronic obstructive pulmonary disease),chronic obstructive pulmonary disease
Growth signaling and AKT pathways,https://purl.org/okn/frink/kg/digcfdekg/node/factor/0eca9f54a4f3131a223a,Growth signaling and AKT pathways (trait context: PTEN hamartoma tumor syndrome),PTEN hamartoma tumor syndrome
gtex intestinal immune coexpression,https://purl.org/okn/frink/kg/digcfdekg/node/factor/f3b5ed84f67dcc551f98,gtex intestinal immune coexpression (trait context: Multiple sclerosis),Multiple sclerosis
Hair and eyelid development defects,https://purl.org/okn/frink/kg/digcfdekg/node/factor/ac4a4ec96e589944b6a0,Hair and eyelid development defects (trait context: Oligodontia),Oligodontia
Hair and nephron development signals,https://purl.org/okn/frink/kg/digcfdekg/node/factor/0440c0ac17ca7521c163,Hair and nephron development signals (trait context: Cervical cancer),Cervical cancer
Hallmark Bile Acid Metabolism,https://purl.org/okn/frink/kg/digcfdekg/node/factor/2e6f3aa455fea2553f55,Hallmark Bile Acid Metabolism (trait context: Chronic primary adrenal insufficiency),Chronic primary adrenal insufficiency
Head Spot Head Spot,https://purl.org/okn/frink/kg/digcfdekg/node/factor/e8e78f592d01738bd86e,Head Spot Head Spot (trait context: Clear cell renal carcinoma),Clear cell renal carcinoma
Hearing loss and cochlear defects,https://purl.org/okn/frink/kg/digcfdekg/node/factor/31ef9797a42dd042cf5f,Hearing loss and cochlear defects (trait context: Type 2 diabetes (recessive model)),Type 2 diabetes (recessive model)
Hearing loss and hair cells,https://purl.org/okn/frink/kg/digcfdekg/node/factor/dfb053805dd57828e8d8,Hearing loss and hair cells (trait context: Type 2 diabetes with ketoacidosis),Type 2 diabetes with ketoacidosis
Hearing loss with ear defects,https://purl.org/okn/frink/kg/digcfdekg/node/factor/2a99247772212ef4ffce,Hearing loss with ear defects (trait context: Congenital hypothyroidism),Congenital hypothyroidism
Heart and Palate Mesenchymal Proliferation,https://purl.org/okn/frink/kg/digcfdekg/node/factor/626aa84eded8c4cb2114,Heart and Palate Mesenchymal Proliferation (trait context: Severe insulin-resistant type 2 diabetes),Severe insulin-resistant type 2 diabetes
Heart and skeletal muscle genes,https://purl.org/okn/frink/kg/digcfdekg/node/factor/1a68adc653d27a79c294,Heart and skeletal muscle genes (trait context: Dilated cardiomyopathy),Dilated cardiomyopathy
Heart comparison genes and XIRP,https://purl.org/okn/frink/kg/digcfdekg/node/factor/de93904f9256fb9786ac,Heart comparison genes and XIRP (trait context: Dilated cardiomyopathy),Dilated cardiomyopathy
Heart development and arch anomalies,https://purl.org/okn/frink/kg/digcfdekg/node/factor/732543288e721f97c73f,Heart development and arch anomalies (trait context: Chronic obstructive pulmonary disease (COPD)),Chronic obstructive pulmonary disease (COPD)
Heart development and EMT signaling,https://purl.org/okn/frink/kg/digcfdekg/node/factor/efbb62a8e43c26efbdd2,Heart development and EMT signaling (trait context: Type 1 diabetes with neurological manifestations),Type 1 diabetes with neurological manifestations
Heart Gene Coexpression and Markers,https://purl.org/okn/frink/kg/digcfdekg/node/factor/fa7b4fed564ab5d49c2c,Heart Gene Coexpression and Markers (trait context: Rare cardiomyopathy),Rare cardiomyopathy
Heart growth and development,https://purl.org/okn/frink/kg/digcfdekg/node/factor/fe156aca9fd8a1cdc788,Heart growth and development (trait context: chronic obstructive pulmonary disease),chronic obstructive pulmonary disease
Heart Kinase Coexpression and Markers,https://purl.org/okn/frink/kg/digcfdekg/node/factor/fb9a613e7a3411e5f32d,Heart Kinase Coexpression and Markers (trait context: Rare cardiomyopathy),Rare cardiomyopathy
Heart Morphogenesis and Development,https://purl.org/okn/frink/kg/digcfdekg/node/factor/30e00d2f2a375f49b1fb,Heart Morphogenesis and Development (trait context: Long QT syndrome),Long QT syndrome
Heart Morphogenesis and Endocardial Cushion,https://purl.org/okn/frink/kg/digcfdekg/node/factor/196f8a72d56fa421522d,Heart Morphogenesis and Endocardial Cushion (trait context: colorectal cancer),colorectal cancer
Heart morphogenesis and outflow tract,https://purl.org/okn/frink/kg/digcfdekg/node/factor/447ede33446acd070c3b,Heart morphogenesis and outflow tract (trait context: Type 1 diabetes with renal manifestations),Type 1 diabetes with renal manifestations
Heart muscle and sarcomere genes,https://purl.org/okn/frink/kg/digcfdekg/node/factor/fdd69013e6c0f40d1dfd,Heart muscle and sarcomere genes (trait context: Dilated cardiomyopathy),Dilated cardiomyopathy
Heart muscle structural genes,https://purl.org/okn/frink/kg/digcfdekg/node/factor/6ef1399747112f913dfe,Heart muscle structural genes (trait context: Dilated cardiomyopathy),Dilated cardiomyopathy
Heart rate and action potential,https://purl.org/okn/frink/kg/digcfdekg/node/factor/9c3e1fac52f654482a4c,Heart rate and action potential (trait context: Brugada syndrome),Brugada syndrome
Heart Rate and Cardiac Conduction,https://purl.org/okn/frink/kg/digcfdekg/node/factor/e6f468a521e653b2e234,Heart Rate and Cardiac Conduction (trait context: Long QT syndrome),Long QT syndrome
Heart sarcomere and muscle genes,https://purl.org/okn/frink/kg/digcfdekg/node/factor/0a58cd5babdaf13c2ec7,Heart sarcomere and muscle genes (trait context: Dilated cardiomyopathy),Dilated cardiomyopathy
Heart ventricle expression changes,https://purl.org/okn/frink/kg/digcfdekg/node/factor/f80f7f3040e47eec361b,Heart ventricle expression changes (trait context: Dilated cardiomyopathy; broad definition),Dilated cardiomyopathy; broad definition
Heart ventricle function genes,https://purl.org/okn/frink/kg/digcfdekg/node/factor/8c3eba22a5f115a7b5a7,Heart ventricle function genes (trait context: Dilated cardiomyopathy),Dilated cardiomyopathy
Hedgehog and WNT signaling pathways,https://purl.org/okn/frink/kg/digcfdekg/node/factor/cda7b378a025a966057d,Hedgehog and WNT signaling pathways (trait context: Chronic obstructive pulmonary disease (COPD)),Chronic obstructive pulmonary disease (COPD)
Hedgehog signaling and organogenesis,https://purl.org/okn/frink/kg/digcfdekg/node/factor/bd23ca87d09a6cc6ab95,Hedgehog signaling and organogenesis (trait context: Chronic obstructive pulmonary disease (COPD)),Chronic obstructive pulmonary disease (COPD)
Helper T cell differentiation,https://purl.org/okn/frink/kg/digcfdekg/node/factor/7f66f3af3887ab8f554b,Helper T cell differentiation (trait context: allergic disease),allergic disease
Hematologic neoplasia and anisocytosis,https://purl.org/okn/frink/kg/digcfdekg/node/factor/74bf882a413ab470912b,Hematologic neoplasia and anisocytosis (trait context: Acute myeloid leukemia),Acute myeloid leukemia
Hematopoiesis defects and signaling genes,https://purl.org/okn/frink/kg/digcfdekg/node/factor/aa0b71d1180db25cb42a,Hematopoiesis defects and signaling genes (trait context: Myeloproliferative neoplasm),Myeloproliferative neoplasm
Hematopoietic and cardiac developmental defects,https://purl.org/okn/frink/kg/digcfdekg/node/factor/2c18529536e216f17d46,Hematopoietic and cardiac developmental defects (trait context: open-angle glaucoma),open-angle glaucoma
Hematopoietic and developmental signaling,https://purl.org/okn/frink/kg/digcfdekg/node/factor/638279daf6ebb77bfb6e,Hematopoietic and developmental signaling (trait context: Type 2 diabetes (T2D) adj BMI),Type 2 diabetes (T2D) adj BMI
"Hematopoietic progenitor morphology, leukemia drivers",https://purl.org/okn/frink/kg/digcfdekg/node/factor/d3243d27a24cfdded177,"Hematopoietic progenitor morphology, leukemia drivers (trait context: Lymphoma)",Lymphoma
Hematopoietic regulation and signaling pathways,https://purl.org/okn/frink/kg/digcfdekg/node/factor/dda9009f56ccce17e978,Hematopoietic regulation and signaling pathways (trait context: Lymphoma),Lymphoma
Hematopoietic stem cells and B/T,https://purl.org/okn/frink/kg/digcfdekg/node/factor/c1096a35eec058b8b0d5,Hematopoietic stem cells and B/T (trait context: Precursor B-cell acute lymphoblastic leukemia),Precursor B-cell acute lymphoblastic leukemia
Hematopoietic tumor incidence and regulation,https://purl.org/okn/frink/kg/digcfdekg/node/factor/c8cc9dc43b202112e959,Hematopoietic tumor incidence and regulation (trait context: Acute myeloid leukemia),Acute myeloid leukemia
Heme metabolism erythroid genes,https://purl.org/okn/frink/kg/digcfdekg/node/factor/09b94cdd5d4870d0cc76,Heme metabolism erythroid genes (trait context: Porphyria),Porphyria
Hepatic Enlargement Program,https://purl.org/okn/frink/kg/digcfdekg/node/factor/ddced8a410e3e81154f4,Hepatic Enlargement Program (trait context: Type 2 diabetes with ophthalmic manifestations),Type 2 diabetes with ophthalmic manifestations
Hepatic glucose and glycogen abnormalities,https://purl.org/okn/frink/kg/digcfdekg/node/factor/d5b9da3f2faf00923206,Hepatic glucose and glycogen abnormalities (trait context: type 2 diabetes mellitus),type 2 diabetes mellitus
Hepatic Glucose Homeostasis,https://purl.org/okn/frink/kg/digcfdekg/node/factor/93ae5e8f2436474b3c4a,Hepatic Glucose Homeostasis (trait context: Type 2 diabetes with ophthalmic manifestations),Type 2 diabetes with ophthalmic manifestations
Hepatic steatosis and triglycerides,https://purl.org/okn/frink/kg/digcfdekg/node/factor/dc82f716b797d42e4e31,Hepatic steatosis and triglycerides (trait context: Diabetic retinopathy),Diabetic retinopathy
Hereditary SPG genes and spasticity,https://purl.org/okn/frink/kg/digcfdekg/node/factor/c630ba66d330f67ea994,Hereditary SPG genes and spasticity (trait context: Hereditary spastic paraplegia),Hereditary spastic paraplegia
Hindlimb morphogenesis and organogenesis,https://purl.org/okn/frink/kg/digcfdekg/node/factor/6763a7cc6d4be9665e93,Hindlimb morphogenesis and organogenesis (trait context: chronic obstructive pulmonary disease),chronic obstructive pulmonary disease
Hindlimb paralysis and motor genes,https://purl.org/okn/frink/kg/digcfdekg/node/factor/3e46ee033af442ddf4bd,Hindlimb paralysis and motor genes (trait context: Hereditary spastic paraplegia),Hereditary spastic paraplegia
HLA alleles and immune markers,https://purl.org/okn/frink/kg/digcfdekg/node/factor/86a2d2231c32737e11f1,HLA alleles and immune markers (trait context: Non-Hodgkin's lymphoma),Non-Hodgkin's lymphoma
HNF3B and RB pathways,https://purl.org/okn/frink/kg/digcfdekg/node/factor/ba87d709622cbe676e9a,HNF3B and RB pathways (trait context: Diabetic retinopathy),Diabetic retinopathy
Homologous Recombination and Forks,https://purl.org/okn/frink/kg/digcfdekg/node/factor/7a66d7e18fd2605fd387,Homologous Recombination and Forks (trait context: Hereditary breast and/or ovarian cancer syndrome),Hereditary breast and/or ovarian cancer syndrome
Homologous recombination and SDSA,https://purl.org/okn/frink/kg/digcfdekg/node/factor/761c88cf0ae22685d4aa,Homologous recombination and SDSA (trait context: Rare aplastic anemia),Rare aplastic anemia
Homologous Recombination and Telomeres,https://purl.org/okn/frink/kg/digcfdekg/node/factor/58208d52becd8f72518e,Homologous Recombination and Telomeres (trait context: Hereditary breast and/or ovarian cancer syndrome),Hereditary breast and/or ovarian cancer syndrome
Homologous Recombination Pathways,https://purl.org/okn/frink/kg/digcfdekg/node/factor/ecf3f3a3ae48b468b7e5,Homologous Recombination Pathways (trait context: Hereditary breast and/or ovarian cancer syndrome),Hereditary breast and/or ovarian cancer syndrome
Hormone secretion and signaling,https://purl.org/okn/frink/kg/digcfdekg/node/factor/f45b2f0d2ae8ab200e1a,Hormone secretion and signaling (trait context: Type 2 diabetes with renal manifestations),Type 2 diabetes with renal manifestations
Host pathogen interaction and apoptosis,https://purl.org/okn/frink/kg/digcfdekg/node/factor/d0c4f0136dad9012fc72,Host pathogen interaction and apoptosis (trait context: Any cancer),Any cancer
Hyperglycemia and diabetes features,https://purl.org/okn/frink/kg/digcfdekg/node/factor/bfe0c3fd6140f069ca5c,Hyperglycemia and diabetes features (trait context: Type 1 diabetes (T1D)),Type 1 diabetes (T1D)
Hyperglycemia and lipid dysregulation,https://purl.org/okn/frink/kg/digcfdekg/node/factor/8ef34cf5940534be8b17,Hyperglycemia and lipid dysregulation (trait context: Type 2 diabetes (with history of pregnancy)),Type 2 diabetes (with history of pregnancy)
Hyperglycemia and obesity-related genes,https://purl.org/okn/frink/kg/digcfdekg/node/factor/b7e02d42255bb988276f,Hyperglycemia and obesity-related genes (trait context: Type 2 diabetes with neurological manifestations),Type 2 diabetes with neurological manifestations
Hyperglycemia with lipid-beta cell morphology,https://purl.org/okn/frink/kg/digcfdekg/node/factor/4e59393f13ea290bf93a,Hyperglycemia with lipid-beta cell morphology (trait context: Type 2 diabetes with neurological manifestations),Type 2 diabetes with neurological manifestations
Hyperglycemia with lipids and insulin,https://purl.org/okn/frink/kg/digcfdekg/node/factor/552a5627da792aff729f,Hyperglycemia with lipids and insulin (trait context: Type 2 diabetes (with history of pregnancy)),Type 2 diabetes (with history of pregnancy)
Hyperinsulinemia with glucose dysregulation,https://purl.org/okn/frink/kg/digcfdekg/node/factor/b4028fcaea41ac442c4c,Hyperinsulinemia with glucose dysregulation (trait context: Type 2 diabetes (with history of pregnancy)),Type 2 diabetes (with history of pregnancy)
Hyperlipidemia and cholesterol abnormalities,https://purl.org/okn/frink/kg/digcfdekg/node/factor/afb2bfed601b1a88068b,Hyperlipidemia and cholesterol abnormalities (trait context: Type 2 diabetes (additive model)),Type 2 diabetes (additive model)
Hyperlipidemia and liver lipid changes,https://purl.org/okn/frink/kg/digcfdekg/node/factor/848d43ae6ba9696db163,Hyperlipidemia and liver lipid changes (trait context: Type 2 diabetes (T2D)),Type 2 diabetes (T2D)
Hyperphagia and enlarged islets,https://purl.org/okn/frink/kg/digcfdekg/node/factor/27aaf423440c94065b1c,Hyperphagia and enlarged islets (trait context: type 2 diabetes mellitus),type 2 diabetes mellitus
Hyperpigmentation,https://purl.org/okn/frink/kg/digcfdekg/node/factor/7b26a9d1e2891d907a65,Hyperpigmentation (trait context: Non-Hodgkin lymphoma),Non-Hodgkin lymphoma
Hypertrophy and contractility genes,https://purl.org/okn/frink/kg/digcfdekg/node/factor/30b0fe5d7d105dbde136,Hypertrophy and contractility genes (trait context: Muscular dystrophy),Muscular dystrophy
Hypoinsulinemia and incretin signaling,https://purl.org/okn/frink/kg/digcfdekg/node/factor/bdbe05e55386d456dc2e,Hypoinsulinemia and incretin signaling (trait context: Type 2 diabetes with neurological manifestations),Type 2 diabetes with neurological manifestations
Hypoxia and cancer predisposition genes,https://purl.org/okn/frink/kg/digcfdekg/node/factor/1d4d3ff32331a18eaa07,Hypoxia and cancer predisposition genes (trait context: PTEN hamartoma tumor syndrome),PTEN hamartoma tumor syndrome
Hypoxia and glycogen metabolism,https://purl.org/okn/frink/kg/digcfdekg/node/factor/312050fb079e941e2d6f,Hypoxia and glycogen metabolism (trait context: Glycogen storage disease),Glycogen storage disease
Hypoxia and mitochondrial energy production,https://purl.org/okn/frink/kg/digcfdekg/node/factor/a54afb43f66f8fe0b177,Hypoxia and mitochondrial energy production (trait context: PTEN hamartoma tumor syndrome),PTEN hamartoma tumor syndrome
Hypoxia-related miRNA signaling genes,https://purl.org/okn/frink/kg/digcfdekg/node/factor/7998f94e52e4eb9c5825,Hypoxia-related miRNA signaling genes (trait context: PTEN hamartoma tumor syndrome),PTEN hamartoma tumor syndrome
IBD signaling with ILC development,https://purl.org/okn/frink/kg/digcfdekg/node/factor/adfde59c7109c7535d9e,IBD signaling with ILC development (trait context: atopic eczema),atopic eczema
IFN-gamma and IL-12 axis,https://purl.org/okn/frink/kg/digcfdekg/node/factor/f9442579ef2429382f9d,IFN-gamma and IL-12 axis (trait context: Behcet's syndrome),Behcet's syndrome
IFN-gamma signaling and T cells,https://purl.org/okn/frink/kg/digcfdekg/node/factor/c8b8ffcb244fb5dba5fe,IFN-gamma signaling and T cells (trait context: Primary sclerosing cholangitis),Primary sclerosing cholangitis
IgA production and allograft rejection,https://purl.org/okn/frink/kg/digcfdekg/node/factor/3523489b945d9e0855f2,IgA production and allograft rejection (trait context: Hodgkins lymphoma),Hodgkins lymphoma
IgA production and B cells,https://purl.org/okn/frink/kg/digcfdekg/node/factor/40e9a2032eea16ba207f,IgA production and B cells (trait context: Inflammatory bowel disease (IBD)),Inflammatory bowel disease (IBD)
IGF1 Signaling,https://purl.org/okn/frink/kg/digcfdekg/node/factor/0c758c685525066c0555,IGF1 Signaling (trait context: Type 2 diabetes with ophthalmic manifestations),Type 2 diabetes with ophthalmic manifestations
IgG subtypes with inflammation,https://purl.org/okn/frink/kg/digcfdekg/node/factor/1eec981d26349efe1a5a,IgG subtypes with inflammation (trait context: Systemic lupus erythematosus),Systemic lupus erythematosus
II Pneumocyte and Surfactant Defects,https://purl.org/okn/frink/kg/digcfdekg/node/factor/eddd1c05819a5c61e89a,II Pneumocyte and Surfactant Defects (trait context: Interstitial lung disease),Interstitial lung disease
IKZF1,https://purl.org/okn/frink/kg/digcfdekg/node/factor/c13580e9944a795ccc7c,IKZF1 (trait context: Non-Hodgkin lymphoma),Non-Hodgkin lymphoma
Il 2 Jak Stat Signaling,https://purl.org/okn/frink/kg/digcfdekg/node/factor/44864d04f0d9d3b2b80b,Il 2 Jak Stat Signaling (trait context: Atopic dermatitis),Atopic dermatitis
Il 2 Jak Stat Signaling,https://purl.org/okn/frink/kg/digcfdekg/node/factor/5602817a9f4e097db05c,Il 2 Jak Stat Signaling (trait context: Primary biliary cholangitis),Primary biliary cholangitis
IL-10 and IL-4/13 signaling,https://purl.org/okn/frink/kg/digcfdekg/node/factor/bc1cb7aa665544e2c14e,IL-10 and IL-4/13 signaling (trait context: Inflammatory bowel disease (IBD)),Inflammatory bowel disease (IBD)
IL-10 signaling and NKT pathway,https://purl.org/okn/frink/kg/digcfdekg/node/factor/c65234bf2cd25369ef86,IL-10 signaling and NKT pathway (trait context: Vasculitis),Vasculitis
IL-10 signaling and T cells,https://purl.org/okn/frink/kg/digcfdekg/node/factor/a0398a55aedf72f3962f,IL-10 signaling and T cells (trait context: primary biliary cirrhosis),primary biliary cirrhosis
IL-10 signaling with TLRs,https://purl.org/okn/frink/kg/digcfdekg/node/factor/26d70cfbfbf26f80ccdd,IL-10 signaling with TLRs (trait context: Vasculitis),Vasculitis
IL-12 and JAK-STAT Signaling,https://purl.org/okn/frink/kg/digcfdekg/node/factor/ef21dccb124ee8532a17,IL-12 and JAK-STAT Signaling (trait context: Interstitial lung disease),Interstitial lung disease
IL-12 Signaling in T Cells,https://purl.org/okn/frink/kg/digcfdekg/node/factor/e60425c2a2ce1b76ecbb,IL-12 Signaling in T Cells (trait context: systemic scleroderma),systemic scleroderma
IL-12/IL-23 signaling and T cells,https://purl.org/okn/frink/kg/digcfdekg/node/factor/3d983bfb5ed270f663c2,IL-12/IL-23 signaling and T cells (trait context: psoriasis),psoriasis
IL-2 signaling and activation,https://purl.org/okn/frink/kg/digcfdekg/node/factor/1fc0cea9b3a53fa6dcfb,IL-2 signaling and activation (trait context: Type 1 diabetes (T1D)),Type 1 diabetes (T1D)
IL-2 STAT signaling pathways,https://purl.org/okn/frink/kg/digcfdekg/node/factor/e1c3fb1f0f3f7ff0989f,IL-2 STAT signaling pathways (trait context: atopic eczema),atopic eczema
IL-2/JAK-STAT signaling,https://purl.org/okn/frink/kg/digcfdekg/node/factor/b055191c3b528fbbfb6b,IL-2/JAK-STAT signaling (trait context: Multiple sclerosis),Multiple sclerosis
IL-2/JAK-STAT Signaling and Memory,https://purl.org/okn/frink/kg/digcfdekg/node/factor/0558b3080394f48deec0,IL-2/JAK-STAT Signaling and Memory (trait context: Atopic dermatitis),Atopic dermatitis
IL-2/JAK-STAT Signaling in Sjogren,https://purl.org/okn/frink/kg/digcfdekg/node/factor/073864b47af846286065,IL-2/JAK-STAT Signaling in Sjogren (trait context: childhood onset asthma),childhood onset asthma
IL-2/JAK-STAT signaling pathway,https://purl.org/okn/frink/kg/digcfdekg/node/factor/e511353f7114d11db45c,IL-2/JAK-STAT signaling pathway (trait context: multiple sclerosis),multiple sclerosis
IL-2/JAK-STAT Signaling Pathways,https://purl.org/okn/frink/kg/digcfdekg/node/factor/c7724f35921550c1ed0c,IL-2/JAK-STAT Signaling Pathways (trait context: childhood onset asthma),childhood onset asthma
IL-2/JAK-STAT signaling pathways,https://purl.org/okn/frink/kg/digcfdekg/node/factor/e324bf14d5a37abb6480,IL-2/JAK-STAT signaling pathways (trait context: Childhood-onset asthma),Childhood-onset asthma
IL-2/STAT5 signaling pathways,https://purl.org/okn/frink/kg/digcfdekg/node/factor/b2c32711007e8873b02d,IL-2/STAT5 signaling pathways (trait context: Childhood-onset asthma),Childhood-onset asthma
IL-4 and cytokine signaling,https://purl.org/okn/frink/kg/digcfdekg/node/factor/58fa7b8575cbdff109ee,IL-4 and cytokine signaling (trait context: inflammatory bowel disease),inflammatory bowel disease
IL-4 and GM-CSF signaling,https://purl.org/okn/frink/kg/digcfdekg/node/factor/2dddc2e59f69128d3128,IL-4 and GM-CSF signaling (trait context: Inflammatory bowel disease (IBD)),Inflammatory bowel disease (IBD)
IL-4 and leptin signaling,https://purl.org/okn/frink/kg/digcfdekg/node/factor/1cd0bb286a7c663cecc1,IL-4 and leptin signaling (trait context: Type 1 diabetes (T1D)),Type 1 diabetes (T1D)
IL-4 and Type 2 Immunity,https://purl.org/okn/frink/kg/digcfdekg/node/factor/8a49e7b4b550d1ef0213,IL-4 and Type 2 Immunity (trait context: Atopic dermatitis),Atopic dermatitis
IL-4/IL-5 signaling and ILCs,https://purl.org/okn/frink/kg/digcfdekg/node/factor/c222c5795dd62e117e5d,IL-4/IL-5 signaling and ILCs (trait context: Childhood-onset asthma),Childhood-onset asthma
IL2 and IL7 signaling pathways,https://purl.org/okn/frink/kg/digcfdekg/node/factor/339d91c5c011b4aa6a00,IL2 and IL7 signaling pathways (trait context: Lymphoma),Lymphoma
IL2 JAK STAT receptors,https://purl.org/okn/frink/kg/digcfdekg/node/factor/13507cd52cb85623f48a,IL2 JAK STAT receptors (trait context: allergic disease),allergic disease
IL2 JAK STAT signaling,https://purl.org/okn/frink/kg/digcfdekg/node/factor/ad435f72c15e1be52c98,IL2 JAK STAT signaling (trait context: allergic disease),allergic disease
IL2-STAT5 T cell activation,https://purl.org/okn/frink/kg/digcfdekg/node/factor/9460790af1460fbec491,IL2-STAT5 T cell activation (trait context: Inflammatory bowel disease (IBD)),Inflammatory bowel disease (IBD)
IL27 Immune Signaling,https://purl.org/okn/frink/kg/digcfdekg/node/factor/fae32ae3de9fd8b1cf9c,IL27 Immune Signaling (trait context: Non-Hodgkin lymphoma),Non-Hodgkin lymphoma
IL4 and IL12 signaling,https://purl.org/okn/frink/kg/digcfdekg/node/factor/0a1052f2bc6dc1c5dc1e,IL4 and IL12 signaling (trait context: allergic disease),allergic disease
ILC development and inflammatory signaling,https://purl.org/okn/frink/kg/digcfdekg/node/factor/d975ddee6b18b556651f,ILC development and inflammatory signaling (trait context: atopic eczema),atopic eczema
Immune activation and signaling pathways,https://purl.org/okn/frink/kg/digcfdekg/node/factor/b75f9036f8d7364cc212,Immune activation and signaling pathways (trait context: Non-Hodgkin's lymphoma),Non-Hodgkin's lymphoma
immune cell interactions and activation,https://purl.org/okn/frink/kg/digcfdekg/node/factor/9a03afd566259fcc84ea,immune cell interactions and activation (trait context: Multiple sclerosis),Multiple sclerosis
Immune Cell Microenvironment and Tregs,https://purl.org/okn/frink/kg/digcfdekg/node/factor/02dd4c4b18a39c62c2be,Immune Cell Microenvironment and Tregs (trait context: Interstitial lung disease),Interstitial lung disease
immune cell surface markers,https://purl.org/okn/frink/kg/digcfdekg/node/factor/bfa953434d4751f81e15,immune cell surface markers (trait context: Multiple sclerosis),Multiple sclerosis
Immune cells across tissues,https://purl.org/okn/frink/kg/digcfdekg/node/factor/8d72a0800f9dbf5edf8e,Immune cells across tissues (trait context: Psoriasis),Psoriasis
Immune infiltration and signaling factors,https://purl.org/okn/frink/kg/digcfdekg/node/factor/3513a0193a13c608dac4,Immune infiltration and signaling factors (trait context: IGA glomerulonephritis),IGA glomerulonephritis
Immune Interactions and IFNG Signaling,https://purl.org/okn/frink/kg/digcfdekg/node/factor/c894be3ec2f622993938,Immune Interactions and IFNG Signaling (trait context: Atopic dermatitis),Atopic dermatitis
Immune organ morphology and mutations,https://purl.org/okn/frink/kg/digcfdekg/node/factor/30a69c4debafc3f20197,Immune organ morphology and mutations (trait context: Precursor B-cell acute lymphoblastic leukemia),Precursor B-cell acute lymphoblastic leukemia
Immune regulation and MHC II,https://purl.org/okn/frink/kg/digcfdekg/node/factor/f97a347518fdac7cdc27,Immune regulation and MHC II (trait context: Takayasu arteritis),Takayasu arteritis
Immune signaling and dendritic cells,https://purl.org/okn/frink/kg/digcfdekg/node/factor/ca49ef5cfe3c1805cad4,Immune signaling and dendritic cells (trait context: Psoriasis),Psoriasis
Immune Signaling and Phagocytosis,https://purl.org/okn/frink/kg/digcfdekg/node/factor/65360612df4e2828ad0c,Immune Signaling and Phagocytosis (trait context: COVID-19),COVID-19
Immune signaling with lymphoid abnormalities,https://purl.org/okn/frink/kg/digcfdekg/node/factor/067ac38a4fbc151c4f38,Immune signaling with lymphoid abnormalities (trait context: atopic eczema),atopic eczema
Immune System Abnormalities and Ig,https://purl.org/okn/frink/kg/digcfdekg/node/factor/3c9ec9ad1b703dddedb5,Immune System Abnormalities and Ig (trait context: childhood onset asthma),childhood onset asthma
Immune system physiology and regulation,https://purl.org/okn/frink/kg/digcfdekg/node/factor/5392b91d916e13819dd7,Immune system physiology and regulation (trait context: Psoriasis),Psoriasis
Immune tolerance and inflammatory signaling,https://purl.org/okn/frink/kg/digcfdekg/node/factor/5e5f2753c8969903743d,Immune tolerance and inflammatory signaling (trait context: Vasculitis),Vasculitis
Immune tolerance and rejection markers,https://purl.org/okn/frink/kg/digcfdekg/node/factor/667847a0d8b36bd0f02b,Immune tolerance and rejection markers (trait context: primary biliary cirrhosis),primary biliary cirrhosis
Immunoglobulin deficiency and differentiation,https://purl.org/okn/frink/kg/digcfdekg/node/factor/c69dc367ea6a16358425,Immunoglobulin deficiency and differentiation (trait context: primary biliary cirrhosis),primary biliary cirrhosis
Immunoglobulin Production and B Cells,https://purl.org/okn/frink/kg/digcfdekg/node/factor/729449b1483dd3160661,Immunoglobulin Production and B Cells (trait context: childhood onset asthma),childhood onset asthma
Impaired B cell Activation,https://purl.org/okn/frink/kg/digcfdekg/node/factor/8d2f48665c587ce36b47,Impaired B cell Activation (trait context: Primary biliary cholangitis),Primary biliary cholangitis
Impaired glucose regulation with genes,https://purl.org/okn/frink/kg/digcfdekg/node/factor/762493dc6268c98d61d2,Impaired glucose regulation with genes (trait context: Type 2 diabetes (with history of pregnancy)),Type 2 diabetes (with history of pregnancy)
Impaired inflammatory signaling; NK dysfunction,https://purl.org/okn/frink/kg/digcfdekg/node/factor/ed5c0a30dc40a64c9233,Impaired inflammatory signaling; NK dysfunction (trait context: Behet disease),Behet disease
Impaired T cell activation,https://purl.org/okn/frink/kg/digcfdekg/node/factor/bbf3d1ef5ebaeb3ed410,Impaired T cell activation (trait context: autoimmune disease),autoimmune disease
Improved glucose tolerance and sensitivity,https://purl.org/okn/frink/kg/digcfdekg/node/factor/d8a6a88daee8813483dd,Improved glucose tolerance and sensitivity (trait context: Diabetic retinopathy),Diabetic retinopathy
Increased activated T cells,https://purl.org/okn/frink/kg/digcfdekg/node/factor/d016be3d4bbd54f349f6,Increased activated T cells (trait context: type 1 diabetes mellitus),type 1 diabetes mellitus
Increased antibodies and plasma cells,https://purl.org/okn/frink/kg/digcfdekg/node/factor/61e775d25fe76dda1ee6,Increased antibodies and plasma cells (trait context: Type 1 diabetes (T1D)),Type 1 diabetes (T1D)
Increased antibodies; lupus markers,https://purl.org/okn/frink/kg/digcfdekg/node/factor/7ddf6385cbbdc5bfbca1,Increased antibodies; lupus markers (trait context: IgA nephropathy (IgAN)),IgA nephropathy (IgAN)
Increased autoantibodies and plasma cells,https://purl.org/okn/frink/kg/digcfdekg/node/factor/f9adc151bd8e90a67e6a,Increased autoantibodies and plasma cells (trait context: allergic disease),allergic disease
Increased Autoimmune Susceptibility and Humoral,https://purl.org/okn/frink/kg/digcfdekg/node/factor/c87ce6ab2e4415b688ff,Increased Autoimmune Susceptibility and Humoral (trait context: childhood onset asthma),childhood onset asthma
Increased B and T cells,https://purl.org/okn/frink/kg/digcfdekg/node/factor/159c386e977a6e711d57,Increased B and T cells (trait context: Primary biliary cholangitis),Primary biliary cholangitis
Increased B cells and immunoglobulin,https://purl.org/okn/frink/kg/digcfdekg/node/factor/6e1a26125c22894791cc,Increased B cells and immunoglobulin (trait context: IGA glomerulonephritis),IGA glomerulonephritis
Increased B-1 cells,https://purl.org/okn/frink/kg/digcfdekg/node/factor/4e28439d013483fddf68,Increased B-1 cells (trait context: autoimmune disease),autoimmune disease
Increased B-1b cell number,https://purl.org/okn/frink/kg/digcfdekg/node/factor/34158c24f9fe4761fcda,Increased B-1b cell number (trait context: Type 1 diabetes (T1D)),Type 1 diabetes (T1D)
Increased bacterial susceptibility; TNF decreased,https://purl.org/okn/frink/kg/digcfdekg/node/factor/2d39310f8847003c6e06,Increased bacterial susceptibility; TNF decreased (trait context: IgA nephropathy (IgAN)),IgA nephropathy (IgAN)
Increased cancer incidence and genes,https://purl.org/okn/frink/kg/digcfdekg/node/factor/b9b852173a0fff09ac73,Increased cancer incidence and genes (trait context: Precursor B-cell acute lymphoblastic leukemia),Precursor B-cell acute lymphoblastic leukemia
Increased Circulating Glucose Level,https://purl.org/okn/frink/kg/digcfdekg/node/factor/656001fedbdb3d2f6424,Increased Circulating Glucose Level (trait context: Type 2 diabetes with ophthalmic manifestations),Type 2 diabetes with ophthalmic manifestations
Increased circulating triglycerides and glucagon,https://purl.org/okn/frink/kg/digcfdekg/node/factor/5a13fe51bbf610acc0c1,Increased circulating triglycerides and glucagon (trait context: Diabetic retinopathy),Diabetic retinopathy
Increased fat cell size,https://purl.org/okn/frink/kg/digcfdekg/node/factor/6a0bd19097a4c2a36d14,Increased fat cell size (trait context: Diabetic retinopathy),Diabetic retinopathy
Increased gastrointestinal tumor incidence,https://purl.org/okn/frink/kg/digcfdekg/node/factor/fd5b2713262a641a58f1,Increased gastrointestinal tumor incidence (trait context: Type 2 diabetes with peripheral circulatory manifestations),Type 2 diabetes with peripheral circulatory manifestations
Increased GI cancers and MMR,https://purl.org/okn/frink/kg/digcfdekg/node/factor/8e8cf2c59e72b96a9669,Increased GI cancers and MMR (trait context: Lynch syndrome),Lynch syndrome
Increased glucose with impaired tolerance,https://purl.org/okn/frink/kg/digcfdekg/node/factor/3481e4c78461eda7ba69,Increased glucose with impaired tolerance (trait context: Diabetic retinopathy),Diabetic retinopathy
Increased glucose with insulin resistance,https://purl.org/okn/frink/kg/digcfdekg/node/factor/6d742d0c76db175aec22,Increased glucose with insulin resistance (trait context: Type 2 diabetes (T2D) adj BMI),Type 2 diabetes (T2D) adj BMI
Increased granulocytes and leukemia risk,https://purl.org/okn/frink/kg/digcfdekg/node/factor/e72abf226a92a58d5861,Increased granulocytes and leukemia risk (trait context: Type 1 diabetes (T1D)),Type 1 diabetes (T1D)
Increased granulocytes/macrophages; reduced lymphocytes,https://purl.org/okn/frink/kg/digcfdekg/node/factor/35335b64e972d48f4690,Increased granulocytes/macrophages; reduced lymphocytes (trait context: IgA nephropathy (IgAN)),IgA nephropathy (IgAN)
Increased HSC number and leukemia,https://purl.org/okn/frink/kg/digcfdekg/node/factor/55f2a868396986da2064,Increased HSC number and leukemia (trait context: Acute myeloid leukemia),Acute myeloid leukemia
increased immunoglobulin and T cells,https://purl.org/okn/frink/kg/digcfdekg/node/factor/eff34637ebcb1331edad,increased immunoglobulin and T cells (trait context: Multiple sclerosis),Multiple sclerosis
Increased Immunoglobulin Levels,https://purl.org/okn/frink/kg/digcfdekg/node/factor/a6f3ca9130961562e437,Increased Immunoglobulin Levels (trait context: Primary biliary cholangitis),Primary biliary cholangitis
Increased Immunoglobulins and Plasma Cells,https://purl.org/okn/frink/kg/digcfdekg/node/factor/cc1ad9c09fcb70c1ad72,Increased Immunoglobulins and Plasma Cells (trait context: Atopic dermatitis),Atopic dermatitis
Increased immunoglobulins and T cells,https://purl.org/okn/frink/kg/digcfdekg/node/factor/9459c35720d1289a4c5a,Increased immunoglobulins and T cells (trait context: psoriasis),psoriasis
Increased Insulin Secretion,https://purl.org/okn/frink/kg/digcfdekg/node/factor/c2915028ba0c31d0a0c7,Increased Insulin Secretion (trait context: Type 2 diabetes with ophthalmic manifestations),Type 2 diabetes with ophthalmic manifestations
Increased leukemia and stem cells,https://purl.org/okn/frink/kg/digcfdekg/node/factor/41b7602b55f8dfa0b830,Increased leukemia and stem cells (trait context: Acute myeloid leukemia),Acute myeloid leukemia
Increased leukemia and tumors,https://purl.org/okn/frink/kg/digcfdekg/node/factor/6eb61172409bcd65866d,Increased leukemia and tumors (trait context: Acute lymphoblastic leukemia),Acute lymphoblastic leukemia
Increased leukemia incidence and hyperpigmentation,https://purl.org/okn/frink/kg/digcfdekg/node/factor/33d6cc164c52d42ef904,Increased leukemia incidence and hyperpigmentation (trait context: Lymphoma),Lymphoma
Increased leukemia with myeloid hyperplasia,https://purl.org/okn/frink/kg/digcfdekg/node/factor/6b2e876b96cc21343d0c,Increased leukemia with myeloid hyperplasia (trait context: Acute lymphoblastic leukemia),Acute lymphoblastic leukemia
Increased lupus susceptibility and infections,https://purl.org/okn/frink/kg/digcfdekg/node/factor/cce3b8c53c00991c3612,Increased lupus susceptibility and infections (trait context: inflammatory bowel disease),inflammatory bowel disease
Increased muscle fiber size variability,https://purl.org/okn/frink/kg/digcfdekg/node/factor/c051d9c6eb21f295dacd,Increased muscle fiber size variability (trait context: Dilated cardiomyopathy; broad definition),Dilated cardiomyopathy; broad definition
Increased T and B cells,https://purl.org/okn/frink/kg/digcfdekg/node/factor/906e33d217c182104826,Increased T and B cells (trait context: autoimmune disease),autoimmune disease
Increased T and B cells,https://purl.org/okn/frink/kg/digcfdekg/node/factor/54eecf3fd423a660deff,Increased T and B cells (trait context: Primary sclerosing cholangitis),Primary sclerosing cholangitis
Increased Thyroid Carcinoma Incidence,https://purl.org/okn/frink/kg/digcfdekg/node/factor/9218173d655a42d51747,Increased Thyroid Carcinoma Incidence (trait context: Diabetic retinopathy (DR) vs no DR acct DoD-GC),Diabetic retinopathy (DR) vs no DR acct DoD-GC
Increased TNF; reduced B cells,https://purl.org/okn/frink/kg/digcfdekg/node/factor/a91ba412999320064261,Increased TNF; reduced B cells (trait context: IgA nephropathy (IgAN)),IgA nephropathy (IgAN)
Increased transitional B cell number,https://purl.org/okn/frink/kg/digcfdekg/node/factor/770f18e6ef1c848a244e,Increased transitional B cell number (trait context: systemic lupus erythematosus),systemic lupus erythematosus
Increased transitional B cells,https://purl.org/okn/frink/kg/digcfdekg/node/factor/3b3b5a9306541e180884,Increased transitional B cells (trait context: systemic lupus erythematosus),systemic lupus erythematosus
Increased TSH and thyroid development,https://purl.org/okn/frink/kg/digcfdekg/node/factor/5468db611ff110ba5e9f,Increased TSH and thyroid development (trait context: Congenital hypothyroidism),Congenital hypothyroidism
Infection Susceptibility and Inflammation,https://purl.org/okn/frink/kg/digcfdekg/node/factor/3504b2eedefd80d406e0,Infection Susceptibility and Inflammation (trait context: Interstitial lung disease),Interstitial lung disease
Infigratinib,https://purl.org/okn/frink/kg/digcfdekg/node/factor/60a8703052629bb3251d,Infigratinib (trait context: Non-Hodgkin lymphoma),Non-Hodgkin lymphoma
Inflammation and immune signaling,https://purl.org/okn/frink/kg/digcfdekg/node/factor/da80b3f299f6fadab388,Inflammation and immune signaling (trait context: Inflammatory bowel disease (IBD)),Inflammatory bowel disease (IBD)
Inflammation signals and lymphocyte genes,https://purl.org/okn/frink/kg/digcfdekg/node/factor/3f7b6e047746bbde790b,Inflammation signals and lymphocyte genes (trait context: primary biliary cirrhosis),primary biliary cirrhosis
Inflammation with IFN-gamma and IL-1beta,https://purl.org/okn/frink/kg/digcfdekg/node/factor/b815c8a830ef1ba3d76a,Inflammation with IFN-gamma and IL-1beta (trait context: Inflammatory bowel disease (IBD)),Inflammatory bowel disease (IBD)
Inflammatory Bowel Disease and Immunity,https://purl.org/okn/frink/kg/digcfdekg/node/factor/2de5cac1b408932b24d2,Inflammatory Bowel Disease and Immunity (trait context: Interstitial lung disease),Interstitial lung disease
Inflammatory bowel disease and Th2,https://purl.org/okn/frink/kg/digcfdekg/node/factor/bd3975525c6fbc1d0ad8,Inflammatory bowel disease and Th2 (trait context: inflammatory bowel disease),inflammatory bowel disease
Inflammatory cytokine signaling,https://purl.org/okn/frink/kg/digcfdekg/node/factor/a04b5672a8e00d7ebcb8,Inflammatory cytokine signaling (trait context: Behet disease),Behet disease
Inflammatory pathways and cytokines,https://purl.org/okn/frink/kg/digcfdekg/node/factor/021553e53dbccc1b21bb,Inflammatory pathways and cytokines (trait context: Type 1 diabetes (T1D)),Type 1 diabetes (T1D)
Inflammatory Signaling in IBD,https://purl.org/okn/frink/kg/digcfdekg/node/factor/bb2620c0814e4640953c,Inflammatory Signaling in IBD (trait context: childhood onset asthma),childhood onset asthma
Inflammatory signaling; Th17/IL12 axis,https://purl.org/okn/frink/kg/digcfdekg/node/factor/9e81cd230e72fdd70802,Inflammatory signaling; Th17/IL12 axis (trait context: IgA nephropathy (IgAN)),IgA nephropathy (IgAN)
Inhibitors Target RTK/ERK Pathways,https://purl.org/okn/frink/kg/digcfdekg/node/factor/9fe50a66cabc8995fe6b,Inhibitors Target RTK/ERK Pathways (trait context: Astrocytoma),Astrocytoma
Innate immune activation and infection,https://purl.org/okn/frink/kg/digcfdekg/node/factor/cbab7a4cd6b0e3334784,Innate immune activation and infection (trait context: Vasculitis),Vasculitis
Innate interferon induction pathways,https://purl.org/okn/frink/kg/digcfdekg/node/factor/dd2e13ed20b500f12ec7,Innate interferon induction pathways (trait context: Encephalitis),Encephalitis
Inner ear development and morphogenesis,https://purl.org/okn/frink/kg/digcfdekg/node/factor/bc63b3fc84ecefeaee54,Inner ear development and morphogenesis (trait context: Cervical cancer),Cervical cancer
Inositol Phosphate Biosynthetic,https://purl.org/okn/frink/kg/digcfdekg/node/factor/02908ad630963783762c,Inositol Phosphate Biosynthetic (trait context: Young- and early-onset Parkinson's disease),Young- and early-onset Parkinson's disease
Insulin Deficiency Lipids,https://purl.org/okn/frink/kg/digcfdekg/node/factor/18d85348752dff3ebc1a,Insulin Deficiency Lipids (trait context: Type 2 diabetes with ophthalmic manifestations),Type 2 diabetes with ophthalmic manifestations
Insulin deficit and cochlear defects,https://purl.org/okn/frink/kg/digcfdekg/node/factor/3b5d981794dc8c7eab41,Insulin deficit and cochlear defects (trait context: Type 2 diabetes (recessive model)),Type 2 diabetes (recessive model)
Insulin resistance and diabetes pathways,https://purl.org/okn/frink/kg/digcfdekg/node/factor/bbdcddf31394657ef4c6,Insulin resistance and diabetes pathways (trait context: Type 2 diabetes (T2D) adj BMI),Type 2 diabetes (T2D) adj BMI
insulin resistance and obesity markers,https://purl.org/okn/frink/kg/digcfdekg/node/factor/71f488923aa2ce4c1c15,insulin resistance and obesity markers (trait context: Diabetic retinopathy),Diabetic retinopathy
Insulin secretion and adipose defects,https://purl.org/okn/frink/kg/digcfdekg/node/factor/e8e8d61de462001bc543,Insulin secretion and adipose defects (trait context: Type 2 diabetes (T2D)),Type 2 diabetes (T2D)
Insulin secretion and beta-cell pathology,https://purl.org/okn/frink/kg/digcfdekg/node/factor/4f4b53f4dee6a26e82a2,Insulin secretion and beta-cell pathology (trait context: type 2 diabetes mellitus),type 2 diabetes mellitus
Insulin secretion and development,https://purl.org/okn/frink/kg/digcfdekg/node/factor/d973c8b22e332be9a5bd,Insulin secretion and development (trait context: Type 2 diabetes with renal manifestations),Type 2 diabetes with renal manifestations
Insulin secretion and liver abnormalities,https://purl.org/okn/frink/kg/digcfdekg/node/factor/1d19442398be50485093,Insulin secretion and liver abnormalities (trait context: Type 2 diabetes with renal manifestations),Type 2 diabetes with renal manifestations
Insulin secretion and metabolism,https://purl.org/okn/frink/kg/digcfdekg/node/factor/d015bc24dbb9d2997a83,Insulin secretion and metabolism (trait context: Diabetic retinopathy),Diabetic retinopathy
Insulin secretion and peptide signaling,https://purl.org/okn/frink/kg/digcfdekg/node/factor/3015050a727785fa18b4,Insulin secretion and peptide signaling (trait context: Type 2 diabetes with neurological manifestations),Type 2 diabetes with neurological manifestations
Insulin secretion regulation and signaling,https://purl.org/okn/frink/kg/digcfdekg/node/factor/3e1a7331fa29b4899db4,Insulin secretion regulation and signaling (trait context: Type 2 diabetes (additive model)),Type 2 diabetes (additive model)
Insulin sensitivity and energy expenditure,https://purl.org/okn/frink/kg/digcfdekg/node/factor/d865543340360ea0144f,Insulin sensitivity and energy expenditure (trait context: type 2 diabetes mellitus),type 2 diabetes mellitus
Insulin signaling and AMPK pathways,https://purl.org/okn/frink/kg/digcfdekg/node/factor/4149541cd895b163433f,Insulin signaling and AMPK pathways (trait context: Glycogen storage disease),Glycogen storage disease
Integrated Cancer Pathway,https://purl.org/okn/frink/kg/digcfdekg/node/factor/2bb8ca814b88ae1fe141,Integrated Cancer Pathway (trait context: Hereditary breast and/or ovarian cancer syndrome),Hereditary breast and/or ovarian cancer syndrome
Integrated Cancer Pathways and Signaling,https://purl.org/okn/frink/kg/digcfdekg/node/factor/f98cc6fc559833a6bc58,Integrated Cancer Pathways and Signaling (trait context: cancer),cancer
"Integrated cancer, DNA damage, AR",https://purl.org/okn/frink/kg/digcfdekg/node/factor/68bb59b21e30a70c6c32,"Integrated cancer, DNA damage, AR (trait context: clear cell renal carcinoma)",clear cell renal carcinoma
Interferon and IL-2 Signaling,https://purl.org/okn/frink/kg/digcfdekg/node/factor/72117292d4c4c0ff6925,Interferon and IL-2 Signaling (trait context: COVID-19),COVID-19
Interferon Gamma TB Immunity,https://purl.org/okn/frink/kg/digcfdekg/node/factor/7214b34b47bdd3d9f4c3,Interferon Gamma TB Immunity (trait context: COVID-19),COVID-19
Interferon Response and Induction,https://purl.org/okn/frink/kg/digcfdekg/node/factor/f3124c9a5e119208a3fa,Interferon Response and Induction (trait context: COVID-19),COVID-19
Interferon Signaling and Response,https://purl.org/okn/frink/kg/digcfdekg/node/factor/df5ca83f43fb8b3a2512,Interferon Signaling and Response (trait context: COVID-19),COVID-19
Interferon signaling in T cells,https://purl.org/okn/frink/kg/digcfdekg/node/factor/c5d8454652f091198634,Interferon signaling in T cells (trait context: systemic lupus erythematosus),systemic lupus erythematosus
Interferon signaling with miRNA roles,https://purl.org/okn/frink/kg/digcfdekg/node/factor/d13de562337d8f166197,Interferon signaling with miRNA roles (trait context: systemic lupus erythematosus),systemic lupus erythematosus
Interferon signaling with OAS genes,https://purl.org/okn/frink/kg/digcfdekg/node/factor/7222e1c2dbe7db264031,Interferon signaling with OAS genes (trait context: systemic lupus erythematosus),systemic lupus erythematosus
Interleukin 2 Family Signaling,https://purl.org/okn/frink/kg/digcfdekg/node/factor/f407aac15d4a8ea0a43f,Interleukin 2 Family Signaling (trait context: Non-Hodgkin lymphoma),Non-Hodgkin lymphoma
Interleukin signaling and JAK-STAT,https://purl.org/okn/frink/kg/digcfdekg/node/factor/95c3e687d3cd7c9d4729,Interleukin signaling and JAK-STAT (trait context: primary biliary cirrhosis),primary biliary cirrhosis
Interleukin signaling pathways,https://purl.org/okn/frink/kg/digcfdekg/node/factor/51cbdf53d5cc7a8bc74b,Interleukin signaling pathways (trait context: multiple sclerosis),multiple sclerosis
Interleukin-10 signaling and inflammation,https://purl.org/okn/frink/kg/digcfdekg/node/factor/d582b5458c2f05564c47,Interleukin-10 signaling and inflammation (trait context: inflammatory bowel disease),inflammatory bowel disease
Intestinal coexpression regulators,https://purl.org/okn/frink/kg/digcfdekg/node/factor/78fa0bbb9315be344718,Intestinal coexpression regulators (trait context: allergic disease),allergic disease
Intestinal EMT and Crypt Abnormalities,https://purl.org/okn/frink/kg/digcfdekg/node/factor/bd2dc41bd3c92c631069,Intestinal EMT and Crypt Abnormalities (trait context: colorectal cancer),colorectal cancer
Intestinal Epithelial Program,https://purl.org/okn/frink/kg/digcfdekg/node/factor/dfaa32ce5a08a44ac18c,Intestinal Epithelial Program (trait context: Cleft palate),Cleft palate
Intestinal Epithelial Program,https://purl.org/okn/frink/kg/digcfdekg/node/factor/f9cea824290758841bbf,Intestinal Epithelial Program (trait context: IgA nephropathy (IgAN)),IgA nephropathy (IgAN)
Intestinal immune tolerance and Tregs,https://purl.org/okn/frink/kg/digcfdekg/node/factor/f624b192a3cfb22f9464,Intestinal immune tolerance and Tregs (trait context: Primary sclerosing cholangitis),Primary sclerosing cholangitis
Intraflagellar transport genes,https://purl.org/okn/frink/kg/digcfdekg/node/factor/a3ade1cebe1413a69281,Intraflagellar transport genes (trait context: Retinitis pigmentosa),Retinitis pigmentosa
Ion Channels and Synaptic Adhesion,https://purl.org/okn/frink/kg/digcfdekg/node/factor/9bec3b94bc53e36bebfc,Ion Channels and Synaptic Adhesion (trait context: COVID-19),COVID-19
Islet morphology and diabetes,https://purl.org/okn/frink/kg/digcfdekg/node/factor/23709f9434b0976d0f12,Islet morphology and diabetes (trait context: Type 2 diabetes with peripheral circulatory manifestations),Type 2 diabetes with peripheral circulatory manifestations
Jak-STAT signaling in T cells,https://purl.org/okn/frink/kg/digcfdekg/node/factor/4e772dd0b138fde869cc,Jak-STAT signaling in T cells (trait context: atopic eczema),atopic eczema
Kidney and cartilage development genes,https://purl.org/okn/frink/kg/digcfdekg/node/factor/0e23a7a69e0ea231b2c8,Kidney and cartilage development genes (trait context: Polycystic ovary syndrome; age-adjusted),Polycystic ovary syndrome; age-adjusted
Kidney and heart development signals,https://purl.org/okn/frink/kg/digcfdekg/node/factor/1fd9c763f4600fce47d3,Kidney and heart development signals (trait context: Hyperaldosteronism),Hyperaldosteronism
Kidney and Heart Nephrogenesis Genes,https://purl.org/okn/frink/kg/digcfdekg/node/factor/bb42b6c3997023cdac00,Kidney and Heart Nephrogenesis Genes (trait context: Polycystic ovary syndrome (PCOS)),Polycystic ovary syndrome (PCOS)
Kidney development and morphogenesis,https://purl.org/okn/frink/kg/digcfdekg/node/factor/d4bd9f7f5e29e0928e3f,Kidney development and morphogenesis (trait context: Type 1 diabetes with ketoacidosis),Type 1 diabetes with ketoacidosis
Kidney development and morphogenesis,https://purl.org/okn/frink/kg/digcfdekg/node/factor/5af4be07e237a51717d2,Kidney development and morphogenesis (trait context: Type 1 diabetes with neurological manifestations),Type 1 diabetes with neurological manifestations
Kidney development and morphology,https://purl.org/okn/frink/kg/digcfdekg/node/factor/aeb78802d0e4da12bc05,Kidney development and morphology (trait context: Nephroblastoma),Nephroblastoma
Kidney development and nephrogenesis regulation,https://purl.org/okn/frink/kg/digcfdekg/node/factor/5d53a369988f05a23622,Kidney development and nephrogenesis regulation (trait context: Cervical cancer),Cervical cancer
Kidney development and nephron epithelium,https://purl.org/okn/frink/kg/digcfdekg/node/factor/1a3fd5c7a27ff63cb665,Kidney development and nephron epithelium (trait context: Primary open-angle glaucoma),Primary open-angle glaucoma
Kidney development and nephron formation,https://purl.org/okn/frink/kg/digcfdekg/node/factor/04fb543772ce2e8569f6,Kidney development and nephron formation (trait context: Type 1 diabetes with renal manifestations),Type 1 diabetes with renal manifestations
Kidney development and ureteric branching,https://purl.org/okn/frink/kg/digcfdekg/node/factor/f0b245a2b6fbbd21a096,Kidney development and ureteric branching (trait context: Hyperaldosteronism),Hyperaldosteronism
Kidney development defects genes,https://purl.org/okn/frink/kg/digcfdekg/node/factor/e9f46875629a6078c65f,Kidney development defects genes (trait context: Hyperaldosteronism),Hyperaldosteronism
Kidney disease and glomerular biology,https://purl.org/okn/frink/kg/digcfdekg/node/factor/d391fc21c717644fb484,Kidney disease and glomerular biology (trait context: Primary open-angle glaucoma),Primary open-angle glaucoma
Kinase and transcription factor regulators,https://purl.org/okn/frink/kg/digcfdekg/node/factor/c1ad4fc55c87333c5bdb,Kinase and transcription factor regulators (trait context: psoriasis),psoriasis
Kinase coexpression and ECM genes,https://purl.org/okn/frink/kg/digcfdekg/node/factor/f082e2fcade0bbd29ce9,Kinase coexpression and ECM genes (trait context: Carpal tunnel syndrome),Carpal tunnel syndrome
Kinase inhibitors and SRC family,https://purl.org/okn/frink/kg/digcfdekg/node/factor/11bcacc9df1d4a62086c,Kinase inhibitors and SRC family (trait context: Myeloproliferative neoplasm),Myeloproliferative neoplasm
Kinase inhibitors and targets,https://purl.org/okn/frink/kg/digcfdekg/node/factor/3f4df0a1c7a0d312853e,Kinase inhibitors and targets (trait context: Myeloproliferative neoplasm),Myeloproliferative neoplasm
Kinase signaling regulation and AKT1,https://purl.org/okn/frink/kg/digcfdekg/node/factor/7ee985e232d47844e789,Kinase signaling regulation and AKT1 (trait context: Type 2 diabetes (additive model)),Type 2 diabetes (additive model)
Kinase targets in myeloid progenitors,https://purl.org/okn/frink/kg/digcfdekg/node/factor/21799e84d330b5818165,Kinase targets in myeloid progenitors (trait context: Lymphoma),Lymphoma
Kupffer Cells and Immune Markers,https://purl.org/okn/frink/kg/digcfdekg/node/factor/bbaa2bccd93e26e0bdaa,Kupffer Cells and Immune Markers (trait context: Primary biliary cholangitis),Primary biliary cholangitis
Kupffer cells and macrophage markers,https://purl.org/okn/frink/kg/digcfdekg/node/factor/63a77cbdd5113308928d,Kupffer cells and macrophage markers (trait context: Inflammatory bowel disease (IBD)),Inflammatory bowel disease (IBD)
Lacrimal and salivary gland inflammation,https://purl.org/okn/frink/kg/digcfdekg/node/factor/1deb661d90884e7b423a,Lacrimal and salivary gland inflammation (trait context: inflammatory bowel disease),inflammatory bowel disease
Lamellar Body and Surfactant Genes,https://purl.org/okn/frink/kg/digcfdekg/node/factor/247c9ca8a44ea7f13a58,Lamellar Body and Surfactant Genes (trait context: Interstitial lung disease),Interstitial lung disease
Laminopathies and Cartilage Signaling,https://purl.org/okn/frink/kg/digcfdekg/node/factor/6563572b345c690ecdde,Laminopathies and Cartilage Signaling (trait context: colorectal cancer),colorectal cancer
Left Ventricle Gene Signatures,https://purl.org/okn/frink/kg/digcfdekg/node/factor/b74cd1f5fea48a282928,Left Ventricle Gene Signatures (trait context: Rare cardiomyopathy),Rare cardiomyopathy
Left Ventricle Gene Upregulation,https://purl.org/okn/frink/kg/digcfdekg/node/factor/db530b196a246991126b,Left Ventricle Gene Upregulation (trait context: Rare cardiomyopathy),Rare cardiomyopathy
Left ventricular hypertrophy genes,https://purl.org/okn/frink/kg/digcfdekg/node/factor/24671cde4ab8cbf9cd14,Left ventricular hypertrophy genes (trait context: Rare hypertrophic cardiomyopathy),Rare hypertrophic cardiomyopathy
Leishmania and TLR-NFKB Signaling,https://purl.org/okn/frink/kg/digcfdekg/node/factor/ea856a1bdc10549ea918,Leishmania and TLR-NFKB Signaling (trait context: Interstitial lung disease),Interstitial lung disease
Leishmania Infection and Neutrophil Signaling,https://purl.org/okn/frink/kg/digcfdekg/node/factor/73897660051f47f140a5,Leishmania Infection and Neutrophil Signaling (trait context: Interstitial lung disease),Interstitial lung disease
Leishmania-related T cell changes,https://purl.org/okn/frink/kg/digcfdekg/node/factor/4808f7959fc7a86c8ebf,Leishmania-related T cell changes (trait context: Systemic lupus erythematosus),Systemic lupus erythematosus
Leishmaniasis-Related Lung Inflammation,https://purl.org/okn/frink/kg/digcfdekg/node/factor/e707894a4f9ec1431083,Leishmaniasis-Related Lung Inflammation (trait context: Interstitial lung disease),Interstitial lung disease
Leptin Signaling,https://purl.org/okn/frink/kg/digcfdekg/node/factor/9d81533d98cdbe94e586,Leptin Signaling (trait context: Type 2 diabetes with ophthalmic manifestations),Type 2 diabetes with ophthalmic manifestations
Leukemia and immune genes,https://purl.org/okn/frink/kg/digcfdekg/node/factor/f9359987be6232a83528,Leukemia and immune genes (trait context: Precursor B-cell acute lymphoblastic leukemia),Precursor B-cell acute lymphoblastic leukemia
Leukemia and myeloid development genes,https://purl.org/okn/frink/kg/digcfdekg/node/factor/9b45cb864e5171ee91c0,Leukemia and myeloid development genes (trait context: Precursor B-cell acute lymphoblastic leukemia),Precursor B-cell acute lymphoblastic leukemia
Leukemia incidence and hematopoiesis abnormalities,https://purl.org/okn/frink/kg/digcfdekg/node/factor/bf8bcef7a9b91125d0e7,Leukemia incidence and hematopoiesis abnormalities (trait context: Myeloproliferative neoplasm),Myeloproliferative neoplasm
Leukemia risk with myeloid hyperplasia,https://purl.org/okn/frink/kg/digcfdekg/node/factor/386c4cfbafe775b2d80d,Leukemia risk with myeloid hyperplasia (trait context: Mastocytosis),Mastocytosis
Leukemia subtypes and B-cell markers,https://purl.org/okn/frink/kg/digcfdekg/node/factor/112be951717518c52929,Leukemia subtypes and B-cell markers (trait context: Precursor B-cell acute lymphoblastic leukemia),Precursor B-cell acute lymphoblastic leukemia
Leukemia types and mutations,https://purl.org/okn/frink/kg/digcfdekg/node/factor/68dd82925a58e966fdc8,Leukemia types and mutations (trait context: Precursor B-cell acute lymphoblastic leukemia),Precursor B-cell acute lymphoblastic leukemia
Leukocyte and myeloid abnormalities,https://purl.org/okn/frink/kg/digcfdekg/node/factor/662f25c9b07b32e1e63d,Leukocyte and myeloid abnormalities (trait context: Acute myeloid leukemia),Acute myeloid leukemia
leukocyte and T cell differentiation,https://purl.org/okn/frink/kg/digcfdekg/node/factor/2f16becdedff69e5a508,leukocyte and T cell differentiation (trait context: Multiple sclerosis),Multiple sclerosis
Limb and craniofacial development genes,https://purl.org/okn/frink/kg/digcfdekg/node/factor/23482cfbe550e123c444,Limb and craniofacial development genes (trait context: Carpal tunnel syndrome),Carpal tunnel syndrome
Limb and Hair Follicle Development,https://purl.org/okn/frink/kg/digcfdekg/node/factor/5055354b5884e6bde1c1,Limb and Hair Follicle Development (trait context: Breast cancer),Breast cancer
Limb and heart development signaling,https://purl.org/okn/frink/kg/digcfdekg/node/factor/0fbf6264907c11fd48a1,Limb and heart development signaling (trait context: Chronic obstructive pulmonary disease (COPD)),Chronic obstructive pulmonary disease (COPD)
Limb and jaw cartilage defects,https://purl.org/okn/frink/kg/digcfdekg/node/factor/1c8932c062200e6895e5,Limb and jaw cartilage defects (trait context: Oligodontia),Oligodontia
Limb and Muscle Development Genes,https://purl.org/okn/frink/kg/digcfdekg/node/factor/78612a0283de137f3330,Limb and Muscle Development Genes (trait context: Polycystic ovary syndrome (PCOS)),Polycystic ovary syndrome (PCOS)
Limb and palate development abnormalities,https://purl.org/okn/frink/kg/digcfdekg/node/factor/72186f319fb87436a6f0,Limb and palate development abnormalities (trait context: chronic obstructive pulmonary disease),chronic obstructive pulmonary disease
Limb bone development genes,https://purl.org/okn/frink/kg/digcfdekg/node/factor/41b846925bec8930f9c3,Limb bone development genes (trait context: Any cancer (heterodominant model)),Any cancer (heterodominant model)
Limb development and patterning,https://purl.org/okn/frink/kg/digcfdekg/node/factor/f932abce0529b0477837,Limb development and patterning (trait context: Hyperaldosteronism),Hyperaldosteronism
Limb morphology and mineralization,https://purl.org/okn/frink/kg/digcfdekg/node/factor/50f356ec24ca4e8383c6,Limb morphology and mineralization (trait context: Carpal tunnel syndrome),Carpal tunnel syndrome
Lipid homeostasis and storage,https://purl.org/okn/frink/kg/digcfdekg/node/factor/f18b062e7d18c8a86602,Lipid homeostasis and storage (trait context: Type 2 diabetes (T2D) adj BMI),Type 2 diabetes (T2D) adj BMI
Lipid Metabolism,https://purl.org/okn/frink/kg/digcfdekg/node/factor/cf1e58cb6a131b88229e,Lipid Metabolism (trait context: Chronic primary adrenal insufficiency),Chronic primary adrenal insufficiency
Lipid metabolism and adiposity,https://purl.org/okn/frink/kg/digcfdekg/node/factor/1220ff87c7f0d44dc381,Lipid metabolism and adiposity (trait context: Type 2 diabetes with neurological manifestations),Type 2 diabetes with neurological manifestations
Lipid Metabolism and Cholesterol Dysregulation,https://purl.org/okn/frink/kg/digcfdekg/node/factor/d2c944082e52f808519a,Lipid Metabolism and Cholesterol Dysregulation (trait context: Disorder of lipid metabolism),Disorder of lipid metabolism
Lipodystrophy and adipose loss,https://purl.org/okn/frink/kg/digcfdekg/node/factor/f02968c3776103929aa9,Lipodystrophy and adipose loss (trait context: Type 2 diabetes with neurological manifestations),Type 2 diabetes with neurological manifestations
Lipoprotein Metabolism,https://purl.org/okn/frink/kg/digcfdekg/node/factor/0bbfe48a0bf16d5dd1a5,Lipoprotein Metabolism (trait context: multiple sclerosis),multiple sclerosis
Lipoprotein Metabolism,https://purl.org/okn/frink/kg/digcfdekg/node/factor/12bfc36059af20e787e3,Lipoprotein Metabolism (trait context: Primary biliary cholangitis),Primary biliary cholangitis
Lipoprotein Metabolism Pathway,https://purl.org/okn/frink/kg/digcfdekg/node/factor/33aa7f65dda772af6325,Lipoprotein Metabolism Pathway (trait context: Disorder of lipid metabolism),Disorder of lipid metabolism
Liver and developmental genes,https://purl.org/okn/frink/kg/digcfdekg/node/factor/e993be077a933cf6a628,Liver and developmental genes (trait context: Type 2 diabetes with renal manifestations),Type 2 diabetes with renal manifestations
Liver and heart ventricle morphology,https://purl.org/okn/frink/kg/digcfdekg/node/factor/12505b4835be71c33e92,Liver and heart ventricle morphology (trait context: Dilated cardiomyopathy),Dilated cardiomyopathy
Liver cancer and stem cells,https://purl.org/okn/frink/kg/digcfdekg/node/factor/a64fe3c1df38f8ed45f2,Liver cancer and stem cells (trait context: Rare aplastic anemia),Rare aplastic anemia
Liver changes and triglycerides,https://purl.org/okn/frink/kg/digcfdekg/node/factor/ea54648525104035492c,Liver changes and triglycerides (trait context: Type 2 diabetes (T2D) adj BMI),Type 2 diabetes (T2D) adj BMI
Liver enlargement and hematopoiesis abnormalities,https://purl.org/okn/frink/kg/digcfdekg/node/factor/e7023ac074e67320cca1,Liver enlargement and hematopoiesis abnormalities (trait context: Diabetic retinopathy),Diabetic retinopathy
Liver enlargement and leukemia risk,https://purl.org/okn/frink/kg/digcfdekg/node/factor/df7b04006f851b40affe,Liver enlargement and leukemia risk (trait context: Type 2 diabetes (T2D)),Type 2 diabetes (T2D)
Liver enlargement and morphology changes,https://purl.org/okn/frink/kg/digcfdekg/node/factor/2f59764717f81a856655,Liver enlargement and morphology changes (trait context: Type 2 diabetes with neurological manifestations),Type 2 diabetes with neurological manifestations
Liver enlargement and steatosis,https://purl.org/okn/frink/kg/digcfdekg/node/factor/1538a9d857c6f7ea83e3,Liver enlargement and steatosis (trait context: Type 2 diabetes (T2D)),Type 2 diabetes (T2D)
Liver lipid overload and growth,https://purl.org/okn/frink/kg/digcfdekg/node/factor/c595d39af7a0361e609c,Liver lipid overload and growth (trait context: Type 2 diabetes (with history of pregnancy)),Type 2 diabetes (with history of pregnancy)
Liver pathology and signaling,https://purl.org/okn/frink/kg/digcfdekg/node/factor/3ceb57c690ac9e89de3c,Liver pathology and signaling (trait context: type 2 diabetes mellitus),type 2 diabetes mellitus
Liver X Receptor and SREBP,https://purl.org/okn/frink/kg/digcfdekg/node/factor/c82091972ddc6d624bd8,Liver X Receptor and SREBP (trait context: Disorder of lipid metabolism),Disorder of lipid metabolism
Low glycogen and lipid homeostasis,https://purl.org/okn/frink/kg/digcfdekg/node/factor/3cbf6cba6415b097e6fb,Low glycogen and lipid homeostasis (trait context: Type 2 diabetes (with history of pregnancy)),Type 2 diabetes (with history of pregnancy)
Low insulin and development genes,https://purl.org/okn/frink/kg/digcfdekg/node/factor/3f6395f14b66deb75417,Low insulin and development genes (trait context: Type 2 diabetes with renal manifestations),Type 2 diabetes with renal manifestations
Lung and Cardiac Morphogenesis,https://purl.org/okn/frink/kg/digcfdekg/node/factor/4e859f6e6c61f565efc4,Lung and Cardiac Morphogenesis (trait context: Breast cancer),Breast cancer
Lung and thyroid immune genes,https://purl.org/okn/frink/kg/digcfdekg/node/factor/9e670700054b8540a6a9,Lung and thyroid immune genes (trait context: multiple sclerosis),multiple sclerosis
Lung and thyroid immune signals,https://purl.org/okn/frink/kg/digcfdekg/node/factor/e5f0607b1ec4b84fd960,Lung and thyroid immune signals (trait context: multiple sclerosis),multiple sclerosis
Lung branching morphogenesis and signaling,https://purl.org/okn/frink/kg/digcfdekg/node/factor/da6b9fd65703b33703d0,Lung branching morphogenesis and signaling (trait context: chronic obstructive pulmonary disease),chronic obstructive pulmonary disease
Lung club cells and kidney,https://purl.org/okn/frink/kg/digcfdekg/node/factor/e40c4f189f133ffd7e5a,Lung club cells and kidney (trait context: Rare aplastic anemia),Rare aplastic anemia
Lung Development and Morphogenesis,https://purl.org/okn/frink/kg/digcfdekg/node/factor/8327ab9d7ec8c13addbe,Lung Development and Morphogenesis (trait context: Breast cancer),Breast cancer
Lung development and morphogenesis,https://purl.org/okn/frink/kg/digcfdekg/node/factor/f375ae24b00c271a09e3,Lung development and morphogenesis (trait context: Type 1 diabetes with renal manifestations),Type 1 diabetes with renal manifestations
Lung Fibrosis and Bacterial Susceptibility,https://purl.org/okn/frink/kg/digcfdekg/node/factor/4325e22ab0551faad34c,Lung Fibrosis and Bacterial Susceptibility (trait context: Interstitial lung disease),Interstitial lung disease
Lung Fibrosis and Inflammation Markers,https://purl.org/okn/frink/kg/digcfdekg/node/factor/79ea05d627d3b7f56422,Lung Fibrosis and Inflammation Markers (trait context: COVID-19),COVID-19
Lung Fibrosis Telomere Maintenance,https://purl.org/okn/frink/kg/digcfdekg/node/factor/8a3aad0d1de6649b6967,Lung Fibrosis Telomere Maintenance (trait context: Interstitial lung disease),Interstitial lung disease
Lung Inflammation and COVID Pathways,https://purl.org/okn/frink/kg/digcfdekg/node/factor/3c11f1d82c13916d2c58,Lung Inflammation and COVID Pathways (trait context: Interstitial lung disease),Interstitial lung disease
Lung inflammation and innate signaling,https://purl.org/okn/frink/kg/digcfdekg/node/factor/404d0ec4cdb4416c41df,Lung inflammation and innate signaling (trait context: psoriasis),psoriasis
Lung Inflammation and T Cells,https://purl.org/okn/frink/kg/digcfdekg/node/factor/8c2ed08d5705ab379aad,Lung Inflammation and T Cells (trait context: Interstitial lung disease),Interstitial lung disease
Lung Trachea and Mesenchymal Proliferation,https://purl.org/okn/frink/kg/digcfdekg/node/factor/25207dcad5133b9b50bd,Lung Trachea and Mesenchymal Proliferation (trait context: colorectal cancer),colorectal cancer
Lymphocyte and T cell differentiation,https://purl.org/okn/frink/kg/digcfdekg/node/factor/d957d54e5e359203618c,Lymphocyte and T cell differentiation (trait context: Childhood-onset asthma),Childhood-onset asthma
Lymphocyte differentiation and activation,https://purl.org/okn/frink/kg/digcfdekg/node/factor/68dfd255a26d2fcd7db1,Lymphocyte differentiation and activation (trait context: Inflammatory bowel disease (IBD)),Inflammatory bowel disease (IBD)
Lymphocyte Expression Program,https://purl.org/okn/frink/kg/digcfdekg/node/factor/d7a039ba2ffa00d08539,Lymphocyte Expression Program (trait context: Behet disease),Behet disease
Lymphocyte Expression Program,https://purl.org/okn/frink/kg/digcfdekg/node/factor/66a25a5b3ce151ee68cb,Lymphocyte Expression Program (trait context: Juvenile idiopathic arthritis),Juvenile idiopathic arthritis
Lymphocyte Expression Program,https://purl.org/okn/frink/kg/digcfdekg/node/factor/65bbc399f55feaf4e162,Lymphocyte Expression Program (trait context: psoriasis vulgaris),psoriasis vulgaris
Lymphocyte Expression Program Signaling,https://purl.org/okn/frink/kg/digcfdekg/node/factor/71447d59eb1d80e80357,Lymphocyte Expression Program Signaling (trait context: multiple sclerosis),multiple sclerosis
Lymphoid and T cell markers,https://purl.org/okn/frink/kg/digcfdekg/node/factor/6c0d58b7393c288d3f2d,Lymphoid and T cell markers (trait context: Systemic lupus erythematosus (SLE)),Systemic lupus erythematosus (SLE)
Lymphoid hyperplasia and B/T changes,https://purl.org/okn/frink/kg/digcfdekg/node/factor/3eb4e6c055a1282271fc,Lymphoid hyperplasia and B/T changes (trait context: type 1 diabetes mellitus),type 1 diabetes mellitus
Lymphoid Morphology and T Cells,https://purl.org/okn/frink/kg/digcfdekg/node/factor/2419b4ee2132ef834596,Lymphoid Morphology and T Cells (trait context: childhood onset asthma),childhood onset asthma
Lymphoid organ hyperplasia and IgA,https://purl.org/okn/frink/kg/digcfdekg/node/factor/a3c78b9e8e770d229b2c,Lymphoid organ hyperplasia and IgA (trait context: Lymphoma),Lymphoma
Lymphoid T-cell Signaling and ILs,https://purl.org/okn/frink/kg/digcfdekg/node/factor/393a4964053e71504d36,Lymphoid T-cell Signaling and ILs (trait context: Juvenile idiopathic arthritis),Juvenile idiopathic arthritis
Lymphoid tissue and B cells,https://purl.org/okn/frink/kg/digcfdekg/node/factor/2a44dee5aa3f8465fc37,Lymphoid tissue and B cells (trait context: multiple sclerosis),multiple sclerosis
Lymphoid tissue morphology and cytokines,https://purl.org/okn/frink/kg/digcfdekg/node/factor/536eee6525cc6b47fc5a,Lymphoid tissue morphology and cytokines (trait context: Childhood-onset asthma),Childhood-onset asthma
Lysosomal Cholesterol Traffic,https://purl.org/okn/frink/kg/digcfdekg/node/factor/8be521efa712f262f99f,Lysosomal Cholesterol Traffic (trait context: Lysosomal disease),Lysosomal disease
Lysosomal Lumen,https://purl.org/okn/frink/kg/digcfdekg/node/factor/e6835203b5d1ab015c33,Lysosomal Lumen (trait context: Lysosomal disease),Lysosomal disease
Lysosomal Membrane Program,https://purl.org/okn/frink/kg/digcfdekg/node/factor/e2584d0b8dc1c15a4100,Lysosomal Membrane Program (trait context: Lysosomal disease),Lysosomal disease
Lysosomal Storage Disorder,https://purl.org/okn/frink/kg/digcfdekg/node/factor/f9a499d3a4972139481b,Lysosomal Storage Disorder (trait context: Lysosomal disease),Lysosomal disease
Lysosomal Sulfatases,https://purl.org/okn/frink/kg/digcfdekg/node/factor/506f543a67e17f544213,Lysosomal Sulfatases (trait context: Lysosomal disease),Lysosomal disease
Lysosome,https://purl.org/okn/frink/kg/digcfdekg/node/factor/5b8e5b456f09fc633b01,Lysosome (trait context: Lysosomal disease),Lysosomal disease
Lysosome and vesicle lumens,https://purl.org/okn/frink/kg/digcfdekg/node/factor/efd630ab6b3ed98a734a,Lysosome and vesicle lumens (trait context: Mucopolysaccharidosis),Mucopolysaccharidosis
Lysosome dysfunction and glycoprotein catabolism,https://purl.org/okn/frink/kg/digcfdekg/node/factor/f8e51a18792e30aadd52,Lysosome dysfunction and glycoprotein catabolism (trait context: Mucopolysaccharidosis),Mucopolysaccharidosis
Lysosome Physiology,https://purl.org/okn/frink/kg/digcfdekg/node/factor/088fc1ee1434214dca13,Lysosome Physiology (trait context: Lysosomal disease),Lysosomal disease
Lysosome physiology and GPR34 coexpression,https://purl.org/okn/frink/kg/digcfdekg/node/factor/1a4ae193469e39d12aa8,Lysosome physiology and GPR34 coexpression (trait context: Mucopolysaccharidosis),Mucopolysaccharidosis
Lytic Vacuole Organization,https://purl.org/okn/frink/kg/digcfdekg/node/factor/81a36cf7d357dde67ead,Lytic Vacuole Organization (trait context: Lysosomal disease),Lysosomal disease
Macroautophagy regulation and apoptosis,https://purl.org/okn/frink/kg/digcfdekg/node/factor/4bb343111b6fbcf967ba,Macroautophagy regulation and apoptosis (trait context: Amyotrophic lateral sclerosis),Amyotrophic lateral sclerosis
"Macrophages, DCs Respond to LPS",https://purl.org/okn/frink/kg/digcfdekg/node/factor/6c3a1d06dd7120ad3c98,"Macrophages, DCs Respond to LPS (trait context: Atopic dermatitis)",Atopic dermatitis
Male Adrenal Expression,https://purl.org/okn/frink/kg/digcfdekg/node/factor/de4b98ed404f246d9b9b,Male Adrenal Expression (trait context: Chronic primary adrenal insufficiency),Chronic primary adrenal insufficiency
Malignant erythroid metaprogram markers,https://purl.org/okn/frink/kg/digcfdekg/node/factor/e3290ca03054af607ca5,Malignant erythroid metaprogram markers (trait context: Porphyria),Porphyria
Mammary and ovarian tumor profiles,https://purl.org/okn/frink/kg/digcfdekg/node/factor/d9c7f61a569116a05ad8,Mammary and ovarian tumor profiles (trait context: B-cell chronic lymphocytic leukemia),B-cell chronic lymphocytic leukemia
Mammary epithelium development and cancer,https://purl.org/okn/frink/kg/digcfdekg/node/factor/ca2d06633697f53474e6,Mammary epithelium development and cancer (trait context: Thyroid cancer),Thyroid cancer
Mammary Epithelium Development and Morphogenesis,https://purl.org/okn/frink/kg/digcfdekg/node/factor/33657dff7b4946f254b7,Mammary Epithelium Development and Morphogenesis (trait context: cancer),cancer
Mammary Gland Development,https://purl.org/okn/frink/kg/digcfdekg/node/factor/da664d6079a9c0d0999b,Mammary Gland Development (trait context: Breast cancer),Breast cancer
MAP3K14 and B cell differentiation,https://purl.org/okn/frink/kg/digcfdekg/node/factor/4cdf506cc322814532ca,MAP3K14 and B cell differentiation (trait context: Systemic lupus erythematosus),Systemic lupus erythematosus
MAP3K14 and P2RY10 coexpression,https://purl.org/okn/frink/kg/digcfdekg/node/factor/18ea2dcef8df5a90a517,MAP3K14 and P2RY10 coexpression (trait context: systemic lupus erythematosus),systemic lupus erythematosus
MAP3K14 and P2RY10 coexpression,https://purl.org/okn/frink/kg/digcfdekg/node/factor/b3a430a2ec59f568ea41,MAP3K14 and P2RY10 coexpression (trait context: Systemic lupus erythematosus (SLE)),Systemic lupus erythematosus (SLE)
MAP3K14/ADGRG5 coexpression across tissues,https://purl.org/okn/frink/kg/digcfdekg/node/factor/178d81148eca4cdc94f6,MAP3K14/ADGRG5 coexpression across tissues (trait context: multiple sclerosis),multiple sclerosis
MAPK RTK signaling and melanocyte,https://purl.org/okn/frink/kg/digcfdekg/node/factor/531778918b2b6d6c98a3,MAPK RTK signaling and melanocyte (trait context: Juvenile myelomonocytic leukemia),Juvenile myelomonocytic leukemia
MAPK signaling and exosome inhibition,https://purl.org/okn/frink/kg/digcfdekg/node/factor/275dc85ef6cb78cefab3,MAPK signaling and exosome inhibition (trait context: Rare hypertrophic cardiomyopathy),Rare hypertrophic cardiomyopathy
MAPK Signaling Effectors,https://purl.org/okn/frink/kg/digcfdekg/node/factor/7cd83ce071e57e8ee399,MAPK Signaling Effectors (trait context: Rare cardiomyopathy),Rare cardiomyopathy
MDS features and stem cells,https://purl.org/okn/frink/kg/digcfdekg/node/factor/d97af26f3beed615ec1f,MDS features and stem cells (trait context: Acute myeloid leukemia),Acute myeloid leukemia
Megakaryocyte abnormalities and erythroid progenitors,https://purl.org/okn/frink/kg/digcfdekg/node/factor/d9931531d6c201b760a3,Megakaryocyte abnormalities and erythroid progenitors (trait context: Myeloproliferative neoplasm),Myeloproliferative neoplasm
Megakaryocyte abnormalities and JAK genes,https://purl.org/okn/frink/kg/digcfdekg/node/factor/90714d5e2f69524b7fae,Megakaryocyte abnormalities and JAK genes (trait context: Myeloproliferative neoplasm),Myeloproliferative neoplasm
Megakaryocyte abnormalities and MDS,https://purl.org/okn/frink/kg/digcfdekg/node/factor/44c07b7af1df25e50310,Megakaryocyte abnormalities and MDS (trait context: Acute myeloid leukemia),Acute myeloid leukemia
Megakaryocyte abnormalities with JAK/STAT,https://purl.org/okn/frink/kg/digcfdekg/node/factor/7cf2a78a14063c2db9cb,Megakaryocyte abnormalities with JAK/STAT (trait context: Essential thrombocythemia),Essential thrombocythemia
Megakaryocyte and leukocyte abnormalities,https://purl.org/okn/frink/kg/digcfdekg/node/factor/efb592aeae027ffd18b8,Megakaryocyte and leukocyte abnormalities (trait context: Acute myeloid leukemia),Acute myeloid leukemia
Megakaryocyte and myeloid progenitors,https://purl.org/okn/frink/kg/digcfdekg/node/factor/fcedaad796964c832269,Megakaryocyte and myeloid progenitors (trait context: Acute myeloid leukemia),Acute myeloid leukemia
Megakaryocyte and thrombopoiesis abnormalities,https://purl.org/okn/frink/kg/digcfdekg/node/factor/839063bf7ad779d82bbc,Megakaryocyte and thrombopoiesis abnormalities (trait context: Essential thrombocythemia),Essential thrombocythemia
Megakaryocyte lineage and erythropoiesis,https://purl.org/okn/frink/kg/digcfdekg/node/factor/20fe6194a3636a23ae3a,Megakaryocyte lineage and erythropoiesis (trait context: Lymphoma),Lymphoma
Megakaryocyte morphology and tumor incidence,https://purl.org/okn/frink/kg/digcfdekg/node/factor/f69134e312f48047c4d0,Megakaryocyte morphology and tumor incidence (trait context: Acute myeloid leukemia),Acute myeloid leukemia
Megakaryocyte progenitors and leukemia risk,https://purl.org/okn/frink/kg/digcfdekg/node/factor/8c09c0d4cd4b5eba2916,Megakaryocyte progenitors and leukemia risk (trait context: Acute lymphoblastic leukemia),Acute lymphoblastic leukemia
Megakaryocyte regulation by Runx1,https://purl.org/okn/frink/kg/digcfdekg/node/factor/8d382466a2eb29270c08,Megakaryocyte regulation by Runx1 (trait context: Acute lymphoblastic leukemia),Acute lymphoblastic leukemia
Meiosis and Homologous Recombination,https://purl.org/okn/frink/kg/digcfdekg/node/factor/829ad2e815b374792d4c,Meiosis and Homologous Recombination (trait context: Hereditary breast and/or ovarian cancer syndrome),Hereditary breast and/or ovarian cancer syndrome
Meiosis and telomere maintenance,https://purl.org/okn/frink/kg/digcfdekg/node/factor/7a785621fe00a83dd1a3,Meiosis and telomere maintenance (trait context: B-cell chronic lymphocytic leukemia),B-cell chronic lymphocytic leukemia
Meiotic Recombination and HDR,https://purl.org/okn/frink/kg/digcfdekg/node/factor/d74137b51b6ac8cf03f9,Meiotic Recombination and HDR (trait context: Hereditary breast and/or ovarian cancer syndrome),Hereditary breast and/or ovarian cancer syndrome
Melanin granule and melanocyte morphology,https://purl.org/okn/frink/kg/digcfdekg/node/factor/678348a10a8e71a34e39,Melanin granule and melanocyte morphology (trait context: Any cancer),Any cancer
Melanin metabolism and coat pigmentation,https://purl.org/okn/frink/kg/digcfdekg/node/factor/f36aff98bcb16cb9c270,Melanin metabolism and coat pigmentation (trait context: Any cancer),Any cancer
Melanocyte abnormalities and signaling genes,https://purl.org/okn/frink/kg/digcfdekg/node/factor/1063ecc3be2dce10c63a,Melanocyte abnormalities and signaling genes (trait context: Juvenile myelomonocytic leukemia),Juvenile myelomonocytic leukemia
Melanocyte pigmentation gene set,https://purl.org/okn/frink/kg/digcfdekg/node/factor/40c497b26ac3a5797f13,Melanocyte pigmentation gene set (trait context: Renal cell carcinoma),Renal cell carcinoma
Melanoma Signaling,https://purl.org/okn/frink/kg/digcfdekg/node/factor/e1cf987fde9aa1871eb3,Melanoma Signaling (trait context: Pilocytic astrocytoma),Pilocytic astrocytoma
"Melanoma, Glioma, Prostate Signaling",https://purl.org/okn/frink/kg/digcfdekg/node/factor/c39d546e112cd2df64ea,"Melanoma, Glioma, Prostate Signaling (trait context: Astrocytoma)",Astrocytoma
Melanosome and coat pigmentation,https://purl.org/okn/frink/kg/digcfdekg/node/factor/484010b9d12ca41bf961,Melanosome and coat pigmentation (trait context: Any cancer),Any cancer
Melanosome morphology and pigmentation,https://purl.org/okn/frink/kg/digcfdekg/node/factor/ebc9638346795d9b8833,Melanosome morphology and pigmentation (trait context: Any cancer),Any cancer
Mesenchymal and neural development pathways,https://purl.org/okn/frink/kg/digcfdekg/node/factor/cd82654db3459b4f1945,Mesenchymal and neural development pathways (trait context: Primary open-angle glaucoma),Primary open-angle glaucoma
Mesoderm formation and fibroblast stress,https://purl.org/okn/frink/kg/digcfdekg/node/factor/caf01d45e1f356bd6220,Mesoderm formation and fibroblast stress (trait context: chronic obstructive pulmonary disease),chronic obstructive pulmonary disease
Mesodermal Fate and Ear Morphogenesis,https://purl.org/okn/frink/kg/digcfdekg/node/factor/50c53a74db6b6274988b,Mesodermal Fate and Ear Morphogenesis (trait context: Severe insulin-resistant type 2 diabetes),Severe insulin-resistant type 2 diabetes
MET and RAS signaling pathway,https://purl.org/okn/frink/kg/digcfdekg/node/factor/f40b322b3182ae952088,MET and RAS signaling pathway (trait context: Rare hypertrophic cardiomyopathy),Rare hypertrophic cardiomyopathy
Metabolic and developmental gene set,https://purl.org/okn/frink/kg/digcfdekg/node/factor/e96c0324d4cdf890564d,Metabolic and developmental gene set (trait context: Type 2 diabetes (with no history of pregnancy)),Type 2 diabetes (with no history of pregnancy)
Metabolic pathways and glycolytic enzymes,https://purl.org/okn/frink/kg/digcfdekg/node/factor/2f4317cf9183a630dcda,Metabolic pathways and glycolytic enzymes (trait context: Glycogen storage disease),Glycogen storage disease
Metabolic regulation gene set,https://purl.org/okn/frink/kg/digcfdekg/node/factor/8e6e231d1497ad0e377c,Metabolic regulation gene set (trait context: Type 1 diabetes with ophthalmic manifestations),Type 1 diabetes with ophthalmic manifestations
Metabolic syndrome and insulin signaling,https://purl.org/okn/frink/kg/digcfdekg/node/factor/a35f49e091cc7d4892ca,Metabolic syndrome and insulin signaling (trait context: Type 2 diabetes with neurological manifestations),Type 2 diabetes with neurological manifestations
Metabolic traits and regulators,https://purl.org/okn/frink/kg/digcfdekg/node/factor/2072859e2d40917f0897,Metabolic traits and regulators (trait context: Type 2 diabetes with renal manifestations),Type 2 diabetes with renal manifestations
Metabolism Of Steroid Hormones,https://purl.org/okn/frink/kg/digcfdekg/node/factor/411ab6d8618dfa3659d3,Metabolism Of Steroid Hormones (trait context: Chronic primary adrenal insufficiency),Chronic primary adrenal insufficiency
Metanephric kidney development signaling,https://purl.org/okn/frink/kg/digcfdekg/node/factor/fb9e37cd62e286a1cafd,Metanephric kidney development signaling (trait context: Hyperaldosteronism),Hyperaldosteronism
Metanephros and Kidney Development,https://purl.org/okn/frink/kg/digcfdekg/node/factor/e6f318022729e7d2045b,Metanephros and Kidney Development (trait context: Ovarian cancer),Ovarian cancer
MHC and Interferon Gamma Signaling,https://purl.org/okn/frink/kg/digcfdekg/node/factor/26eac4f3683498dc9712,MHC and Interferon Gamma Signaling (trait context: COVID-19),COVID-19
MHC and PD-1 signaling,https://purl.org/okn/frink/kg/digcfdekg/node/factor/c1872d07c6ea4711a303,MHC and PD-1 signaling (trait context: psoriasis),psoriasis
MHC class I and B2M,https://purl.org/okn/frink/kg/digcfdekg/node/factor/048a9c3f61beb33693e8,MHC class I and B2M (trait context: Systemic lupus erythematosus (SLE)),Systemic lupus erythematosus (SLE)
MHC class II antigen binding,https://purl.org/okn/frink/kg/digcfdekg/node/factor/68b5281cd59033ff35ac,MHC class II antigen binding (trait context: Primary sclerosing cholangitis),Primary sclerosing cholangitis
MHC class II antigen presentation,https://purl.org/okn/frink/kg/digcfdekg/node/factor/aa6d4ce98cc086d6c740,MHC class II antigen presentation (trait context: systemic lupus erythematosus),systemic lupus erythematosus
MHC complex and alloantigen presentation,https://purl.org/okn/frink/kg/digcfdekg/node/factor/189d65028d65665d9a0a,MHC complex and alloantigen presentation (trait context: Vasculitis),Vasculitis
MHC complex and immune regulation,https://purl.org/okn/frink/kg/digcfdekg/node/factor/07a2a4c43dd975b56164,MHC complex and immune regulation (trait context: Psoriasis),Psoriasis
MHC II and alloimmune signaling,https://purl.org/okn/frink/kg/digcfdekg/node/factor/2eae204df250e0e12132,MHC II and alloimmune signaling (trait context: Multiple sclerosis),Multiple sclerosis
MHC II Antigen Presentation,https://purl.org/okn/frink/kg/digcfdekg/node/factor/d9a48ad92e2d0883ad3a,MHC II Antigen Presentation (trait context: Primary biliary cholangitis),Primary biliary cholangitis
MHC II antigen presentation,https://purl.org/okn/frink/kg/digcfdekg/node/factor/8024df378f63a7691acc,MHC II antigen presentation (trait context: Psoriasis),Psoriasis
MHC proteins and alloimmune cytotoxicity,https://purl.org/okn/frink/kg/digcfdekg/node/factor/2b531ed25047602eda43,MHC proteins and alloimmune cytotoxicity (trait context: Vasculitis),Vasculitis
MHC proteins and antigen presentation,https://purl.org/okn/frink/kg/digcfdekg/node/factor/93c611687ce4250030b4,MHC proteins and antigen presentation (trait context: psoriasis),psoriasis
MHC Proteins and HLAs,https://purl.org/okn/frink/kg/digcfdekg/node/factor/17d3f39b46950a821f8a,MHC Proteins and HLAs (trait context: Severe autoimmune type 2 diabetes),Severe autoimmune type 2 diabetes
MHC Proteins and Interferon Signaling,https://purl.org/okn/frink/kg/digcfdekg/node/factor/3e5201443daf7411b855,MHC Proteins and Interferon Signaling (trait context: COVID-19),COVID-19
Microbody Membrane,https://purl.org/okn/frink/kg/digcfdekg/node/factor/7f7c01acbd474485e14c,Microbody Membrane (trait context: Chronic primary adrenal insufficiency),Chronic primary adrenal insufficiency
Midbrain neurons and gastric cells,https://purl.org/okn/frink/kg/digcfdekg/node/factor/c3ff1e8a242a0d5b85dc,Midbrain neurons and gastric cells (trait context: Rare aplastic anemia),Rare aplastic anemia
miRNA and TLR signaling,https://purl.org/okn/frink/kg/digcfdekg/node/factor/4504417514572250a702,miRNA and TLR signaling (trait context: Systemic lupus erythematosus),Systemic lupus erythematosus
MiRNA Regulation and Mammary Genes,https://purl.org/okn/frink/kg/digcfdekg/node/factor/f2c4cafd2c145751176f,MiRNA Regulation and Mammary Genes (trait context: Polycystic ovary syndrome (PCOS)),Polycystic ovary syndrome (PCOS)
miRNA regulation and ovarian phenotypes,https://purl.org/okn/frink/kg/digcfdekg/node/factor/68fdf73889b07b546b3b,miRNA regulation and ovarian phenotypes (trait context: Polycystic ovary syndrome; age-adjusted),Polycystic ovary syndrome; age-adjusted
miRNA Regulation and Smooth Muscle,https://purl.org/okn/frink/kg/digcfdekg/node/factor/6381aa18161f6baa3a6f,miRNA Regulation and Smooth Muscle (trait context: colorectal cancer),colorectal cancer
MiRNA Transcription and Cartilage Development,https://purl.org/okn/frink/kg/digcfdekg/node/factor/9e7cc16170ee70fa0f49,MiRNA Transcription and Cartilage Development (trait context: colorectal cancer),colorectal cancer
Mitochondrial and lipid metabolism neurodegeneration,https://purl.org/okn/frink/kg/digcfdekg/node/factor/aa72ca16b357a17ed2db,Mitochondrial and lipid metabolism neurodegeneration (trait context: Hereditary spastic paraplegia),Hereditary spastic paraplegia
Mitochondrial and tissue-specific expression,https://purl.org/okn/frink/kg/digcfdekg/node/factor/58b6fc430eb26316cc8d,Mitochondrial and tissue-specific expression (trait context: Rare hypertrophic cardiomyopathy),Rare hypertrophic cardiomyopathy
Mitochondrial fatty acid oxidation enzymes,https://purl.org/okn/frink/kg/digcfdekg/node/factor/96254e1e8bd9dae82322,Mitochondrial fatty acid oxidation enzymes (trait context: Peroxisomal disease),Peroxisomal disease
Mitochondrial Gene Modules,https://purl.org/okn/frink/kg/digcfdekg/node/factor/1b4fa54a0673765d8a14,Mitochondrial Gene Modules (trait context: Organic aciduria),Organic aciduria
Mitochondrial Gene Targets,https://purl.org/okn/frink/kg/digcfdekg/node/factor/5a184791029155a748d9,Mitochondrial Gene Targets (trait context: Rare cardiomyopathy),Rare cardiomyopathy
Mitochondrial genes and MT RNAs,https://purl.org/okn/frink/kg/digcfdekg/node/factor/de5499a74d4f70e2d1b8,Mitochondrial genes and MT RNAs (trait context: Rare hypertrophic cardiomyopathy),Rare hypertrophic cardiomyopathy
Mitochondrial genes and muscle,https://purl.org/okn/frink/kg/digcfdekg/node/factor/3328fb7441cebceb1bdd,Mitochondrial genes and muscle (trait context: Dilated cardiomyopathy),Dilated cardiomyopathy
Mitochondrial Respiration and ETC,https://purl.org/okn/frink/kg/digcfdekg/node/factor/66198c6cf7ce26e891bf,Mitochondrial Respiration and ETC (trait context: Pyruvate dehydrogenase deficiency),Pyruvate dehydrogenase deficiency
Mitochondrial target genes and MTs,https://purl.org/okn/frink/kg/digcfdekg/node/factor/e09cc1c1dfd10a4ad0b6,Mitochondrial target genes and MTs (trait context: Dilated cardiomyopathy),Dilated cardiomyopathy
Mitochondrial Transcriptome Across Tissues,https://purl.org/okn/frink/kg/digcfdekg/node/factor/f27e284a4391bc651afe,Mitochondrial Transcriptome Across Tissues (trait context: Rare cardiomyopathy),Rare cardiomyopathy
Mitotic DNA Checkpoints,https://purl.org/okn/frink/kg/digcfdekg/node/factor/a493b6fa378995e26f13,Mitotic DNA Checkpoints (trait context: Hereditary breast and/or ovarian cancer syndrome),Hereditary breast and/or ovarian cancer syndrome
Mixed cancers and tumor suppressors,https://purl.org/okn/frink/kg/digcfdekg/node/factor/70692a474f5702449b4f,Mixed cancers and tumor suppressors (trait context: Adrenocortical carcinoma),Adrenocortical carcinoma
Mixed tumor incidence changes,https://purl.org/okn/frink/kg/digcfdekg/node/factor/bcc60d2f05742292183b,Mixed tumor incidence changes (trait context: Type 2 diabetes with peripheral circulatory manifestations),Type 2 diabetes with peripheral circulatory manifestations
Molar and craniofacial synostosis,https://purl.org/okn/frink/kg/digcfdekg/node/factor/2b65d730d81e9774482f,Molar and craniofacial synostosis (trait context: Oligodontia),Oligodontia
Molar and incisor anomalies,https://purl.org/okn/frink/kg/digcfdekg/node/factor/31ce57828fdd82282997,Molar and incisor anomalies (trait context: Oligodontia),Oligodontia
Molar development and tooth anomalies,https://purl.org/okn/frink/kg/digcfdekg/node/factor/1dabf4add246e9f1ab01,Molar development and tooth anomalies (trait context: Oligodontia),Oligodontia
Molecular condensate scaffold activity,https://purl.org/okn/frink/kg/digcfdekg/node/factor/c901df97c091a9d82913,Molecular condensate scaffold activity (trait context: Amyotrophic lateral sclerosis),Amyotrophic lateral sclerosis
Monogenic diabetes and beta-cell development,https://purl.org/okn/frink/kg/digcfdekg/node/factor/acef68d415085201b2dc,Monogenic diabetes and beta-cell development (trait context: Type 2 diabetes with neurological manifestations),Type 2 diabetes with neurological manifestations
Monogenic Diabetes Program,https://purl.org/okn/frink/kg/digcfdekg/node/factor/9ff42b1ae43a8f18c9b3,Monogenic Diabetes Program (trait context: Type 2 diabetes with ophthalmic manifestations),Type 2 diabetes with ophthalmic manifestations
Monosaccharide and carbohydrate metabolism,https://purl.org/okn/frink/kg/digcfdekg/node/factor/28c865bdefc40ee2fde0,Monosaccharide and carbohydrate metabolism (trait context: Glycogen storage disease),Glycogen storage disease
Monosaccharide Lipid Response,https://purl.org/okn/frink/kg/digcfdekg/node/factor/7625e80e34d2c06f39d7,Monosaccharide Lipid Response (trait context: Type 2 diabetes with ophthalmic manifestations),Type 2 diabetes with ophthalmic manifestations
Monosaccharide metabolism and adipogenesis,https://purl.org/okn/frink/kg/digcfdekg/node/factor/e869380ba1d8d98dd787,Monosaccharide metabolism and adipogenesis (trait context: Type 2 diabetes (recessive model)),Type 2 diabetes (recessive model)
Morphogenesis and growth regulatory genes,https://purl.org/okn/frink/kg/digcfdekg/node/factor/7398eea957969f0281e6,Morphogenesis and growth regulatory genes (trait context: Dermatophytosis),Dermatophytosis
Motile Ciliopathy,https://purl.org/okn/frink/kg/digcfdekg/node/factor/4c524227d6567ec6157d,Motile Ciliopathy (trait context: Situs inversus totalis),Situs inversus totalis
Motor neuron degeneration and astrocytosis,https://purl.org/okn/frink/kg/digcfdekg/node/factor/b93f94dea5286b438ef4,Motor neuron degeneration and astrocytosis (trait context: Amyotrophic lateral sclerosis),Amyotrophic lateral sclerosis
Motor neuron degeneration and glia,https://purl.org/okn/frink/kg/digcfdekg/node/factor/95a0cfeeae8e604ac72a,Motor neuron degeneration and glia (trait context: Amyotrophic lateral sclerosis),Amyotrophic lateral sclerosis
Motor neuron disease with weakness,https://purl.org/okn/frink/kg/digcfdekg/node/factor/3e2659f3ee77bdaff37e,Motor neuron disease with weakness (trait context: Amyotrophic lateral sclerosis),Amyotrophic lateral sclerosis
Mucopolysaccharidosis lysosome and GAG metabolism,https://purl.org/okn/frink/kg/digcfdekg/node/factor/3b81b3d8a92b3aff51e2,Mucopolysaccharidosis lysosome and GAG metabolism (trait context: Mucopolysaccharidosis),Mucopolysaccharidosis
Mucopolysaccharidosis lysosome defects,https://purl.org/okn/frink/kg/digcfdekg/node/factor/b515f2da3ea00b1601ee,Mucopolysaccharidosis lysosome defects (trait context: Mucopolysaccharidosis),Mucopolysaccharidosis
Mucopolysaccharidosis lysosome sulfatase genes,https://purl.org/okn/frink/kg/digcfdekg/node/factor/6d7c7d682c19d89e8f7f,Mucopolysaccharidosis lysosome sulfatase genes (trait context: Mucopolysaccharidosis),Mucopolysaccharidosis
Multi-organ developmental defects,https://purl.org/okn/frink/kg/digcfdekg/node/factor/9b985aebea87d53ea03c,Multi-organ developmental defects (trait context: open-angle glaucoma),open-angle glaucoma
Multiorgan inflammation and TNF pathway,https://purl.org/okn/frink/kg/digcfdekg/node/factor/62f742f9a51ae4a45bf9,Multiorgan inflammation and TNF pathway (trait context: atopic eczema),atopic eczema
Multiple kinase inhibitors and amplifications,https://purl.org/okn/frink/kg/digcfdekg/node/factor/a5e71423e69eb12848a0,Multiple kinase inhibitors and amplifications (trait context: Lymphoma),Lymphoma
Muscle cytoskeleton and receptors,https://purl.org/okn/frink/kg/digcfdekg/node/factor/7007f4f9b3c84791c060,Muscle cytoskeleton and receptors (trait context: Dilated cardiomyopathy; broad definition),Dilated cardiomyopathy; broad definition
Muscle development and differentiation,https://purl.org/okn/frink/kg/digcfdekg/node/factor/e7dbf327579a531d74bf,Muscle development and differentiation (trait context: Type 2 diabetes with ketoacidosis),Type 2 diabetes with ketoacidosis
Muscle development regulation and EMT,https://purl.org/okn/frink/kg/digcfdekg/node/factor/06466ad036586d081a3f,Muscle development regulation and EMT (trait context: chronic obstructive pulmonary disease),chronic obstructive pulmonary disease
Muscle development regulation and markers,https://purl.org/okn/frink/kg/digcfdekg/node/factor/9eb3287183e4dd90e896,Muscle development regulation and markers (trait context: chronic obstructive pulmonary disease),chronic obstructive pulmonary disease
Muscle differentiation and development,https://purl.org/okn/frink/kg/digcfdekg/node/factor/8da2e8bbb6201247ea7b,Muscle differentiation and development (trait context: Chronic obstructive pulmonary disease (COPD)),Chronic obstructive pulmonary disease (COPD)
Muscle dystrophy and degeneration,https://purl.org/okn/frink/kg/digcfdekg/node/factor/6517c5d01798859f140b,Muscle dystrophy and degeneration (trait context: Dilated cardiomyopathy),Dilated cardiomyopathy
Muscle fiber morphology and myopathy,https://purl.org/okn/frink/kg/digcfdekg/node/factor/f52f7fb763cb4fb533a3,Muscle fiber morphology and myopathy (trait context: Muscular dystrophy),Muscular dystrophy
Muscle fiber morphology and size,https://purl.org/okn/frink/kg/digcfdekg/node/factor/042f2236fc13604dd309,Muscle fiber morphology and size (trait context: Muscular dystrophy),Muscular dystrophy
Muscle fiber variability and myopathy,https://purl.org/okn/frink/kg/digcfdekg/node/factor/538b8f20fa78ba8412ac,Muscle fiber variability and myopathy (trait context: Dilated cardiomyopathy; broad definition),Dilated cardiomyopathy; broad definition
Muscle fibers and motor neurons,https://purl.org/okn/frink/kg/digcfdekg/node/factor/edb6bbe811dc01b9ed73,Muscle fibers and motor neurons (trait context: Amyotrophic lateral sclerosis),Amyotrophic lateral sclerosis
Muscle gene expression changes,https://purl.org/okn/frink/kg/digcfdekg/node/factor/3dc927e3158d23ae3917,Muscle gene expression changes (trait context: Dilated cardiomyopathy; broad definition),Dilated cardiomyopathy; broad definition
Muscle membrane and hypertrophy genes,https://purl.org/okn/frink/kg/digcfdekg/node/factor/1c9703ba920c7d557ace,Muscle membrane and hypertrophy genes (trait context: Muscular dystrophy),Muscular dystrophy
Muscle pathologies and related genes,https://purl.org/okn/frink/kg/digcfdekg/node/factor/cb59f99992ac8c1c2c7a,Muscle pathologies and related genes (trait context: Muscular dystrophy),Muscular dystrophy
Muscle phenotype and contractile components,https://purl.org/okn/frink/kg/digcfdekg/node/factor/d8ed57dd30a42be48f40,Muscle phenotype and contractile components (trait context: Muscular dystrophy),Muscular dystrophy
Muscle physiology and phenotype,https://purl.org/okn/frink/kg/digcfdekg/node/factor/223349d98bf1dc60ad3c,Muscle physiology and phenotype (trait context: Muscular dystrophy),Muscular dystrophy
Muscle regeneration and hypertrophy genes,https://purl.org/okn/frink/kg/digcfdekg/node/factor/99fb8f78ac8a4c9d6033,Muscle regeneration and hypertrophy genes (trait context: Muscular dystrophy),Muscular dystrophy
Muscle Stretch and Degeneration,https://purl.org/okn/frink/kg/digcfdekg/node/factor/d5c6007bcaa1d25971cc,Muscle Stretch and Degeneration (trait context: Rare cardiomyopathy),Rare cardiomyopathy
Muscle stretch response and necrosis,https://purl.org/okn/frink/kg/digcfdekg/node/factor/7a983d22c6b7dca5a95c,Muscle stretch response and necrosis (trait context: Dilated cardiomyopathy),Dilated cardiomyopathy
Muscle Structure and Homeostasis,https://purl.org/okn/frink/kg/digcfdekg/node/factor/3b73c43ee565c1b0a8b5,Muscle Structure and Homeostasis (trait context: Rare cardiomyopathy),Rare cardiomyopathy
Muscle weakness and fiber variability,https://purl.org/okn/frink/kg/digcfdekg/node/factor/2d3d4cbf7b6a08f3515b,Muscle weakness and fiber variability (trait context: Muscular dystrophy),Muscular dystrophy
Muscular Dystrophy and Sarcoglycans,https://purl.org/okn/frink/kg/digcfdekg/node/factor/291b6b196f6564c9f689,Muscular Dystrophy and Sarcoglycans (trait context: Rare cardiomyopathy),Rare cardiomyopathy
Musculoskeletal and Craniofacial Development Genes,https://purl.org/okn/frink/kg/digcfdekg/node/factor/b1e6096a1bc17d40e616,Musculoskeletal and Craniofacial Development Genes (trait context: Rhabdomyosarcoma),Rhabdomyosarcoma
Mutations associated with myeloid hyperplasia,https://purl.org/okn/frink/kg/digcfdekg/node/factor/c0638888fc61c3ede22e,Mutations associated with myeloid hyperplasia (trait context: Myeloproliferative neoplasm),Myeloproliferative neoplasm
Myelodysplastic features and myeloid abnormalities,https://purl.org/okn/frink/kg/digcfdekg/node/factor/0ac1e81262405b8c6d1c,Myelodysplastic features and myeloid abnormalities (trait context: Myeloproliferative neoplasm),Myeloproliferative neoplasm
Myelodysplastic syndrome features,https://purl.org/okn/frink/kg/digcfdekg/node/factor/852624cc9995b121a4e4,Myelodysplastic syndrome features (trait context: Acute myeloid leukemia),Acute myeloid leukemia
Myelodysplastic syndrome with hematopoietic expansion,https://purl.org/okn/frink/kg/digcfdekg/node/factor/e24b99d4db39913d9140,Myelodysplastic syndrome with hematopoietic expansion (trait context: Systemic mastocytosis),Systemic mastocytosis
Myeloid abnormalities and RUNX genes,https://purl.org/okn/frink/kg/digcfdekg/node/factor/5d9c4543b43a059552c2,Myeloid abnormalities and RUNX genes (trait context: Myeloproliferative neoplasm),Myeloproliferative neoplasm
Myeloid Activation and Differentiation,https://purl.org/okn/frink/kg/digcfdekg/node/factor/fa04cd6a5c531e127be3,Myeloid Activation and Differentiation (trait context: Atopic dermatitis),Atopic dermatitis
Myeloid cell differentiation regulation,https://purl.org/okn/frink/kg/digcfdekg/node/factor/38e904d040ad0d0eef9e,Myeloid cell differentiation regulation (trait context: Type 1 diabetes (T1D)),Type 1 diabetes (T1D)
Myeloid differentiation and hematopoiesis,https://purl.org/okn/frink/kg/digcfdekg/node/factor/a724b2f368f0778f1ea6,Myeloid differentiation and hematopoiesis (trait context: Childhood-onset asthma),Childhood-onset asthma
Myeloid Differentiation and Hematopoiesis Regulation,https://purl.org/okn/frink/kg/digcfdekg/node/factor/9380d6182b2ad6859dbb,Myeloid Differentiation and Hematopoiesis Regulation (trait context: childhood onset asthma),childhood onset asthma
Myeloid differentiation and TNF-NFKB,https://purl.org/okn/frink/kg/digcfdekg/node/factor/af93e42bd0a7c4629ddb,Myeloid differentiation and TNF-NFKB (trait context: inflammatory bowel disease),inflammatory bowel disease
Myeloid differentiation and Wnt signaling,https://purl.org/okn/frink/kg/digcfdekg/node/factor/59efd9187c0a146c2362,Myeloid differentiation and Wnt signaling (trait context: Acute myeloid leukemia),Acute myeloid leukemia
Myeloid differentiation regulation,https://purl.org/okn/frink/kg/digcfdekg/node/factor/80cdc0b1cf502de1f082,Myeloid differentiation regulation (trait context: Inflammatory bowel disease (IBD)),Inflammatory bowel disease (IBD)
Myeloid expansion and hematopoiesis,https://purl.org/okn/frink/kg/digcfdekg/node/factor/dd1d203eb1fcc9cbf30c,Myeloid expansion and hematopoiesis (trait context: Psoriasis),Psoriasis
Myeloid expansion and leukemia risk,https://purl.org/okn/frink/kg/digcfdekg/node/factor/7ab5c23030f2b3e5f79f,Myeloid expansion and leukemia risk (trait context: Inflammatory bowel disease (IBD)),Inflammatory bowel disease (IBD)
Myeloid expansion and megakaryocyte morphology,https://purl.org/okn/frink/kg/digcfdekg/node/factor/7b2f7f8b2e1cf1adb143,Myeloid expansion and megakaryocyte morphology (trait context: Myeloproliferative neoplasm),Myeloproliferative neoplasm
Myeloid Hyperplasia,https://purl.org/okn/frink/kg/digcfdekg/node/factor/9e275f4a158b76e22364,Myeloid Hyperplasia (trait context: Non-Hodgkin lymphoma),Non-Hodgkin lymphoma
Myeloid hyperplasia and AML drivers,https://purl.org/okn/frink/kg/digcfdekg/node/factor/2d239e11dffeee961895,Myeloid hyperplasia and AML drivers (trait context: Lymphoma),Lymphoma
Myeloid hyperplasia and KIT signaling,https://purl.org/okn/frink/kg/digcfdekg/node/factor/40330a109669d46a3b7b,Myeloid hyperplasia and KIT signaling (trait context: Acute myeloid leukemia),Acute myeloid leukemia
Myeloid hyperplasia and progenitor abnormalities,https://purl.org/okn/frink/kg/digcfdekg/node/factor/57366a2a1e0697099905,Myeloid hyperplasia and progenitor abnormalities (trait context: Mastocytosis),Mastocytosis
Myeloid hyperplasia and stem changes,https://purl.org/okn/frink/kg/digcfdekg/node/factor/205ad9eeeb5129ffa4d8,Myeloid hyperplasia and stem changes (trait context: Acute lymphoblastic leukemia),Acute lymphoblastic leukemia
Myeloid hyperplasia with extramedullary hematopoiesis,https://purl.org/okn/frink/kg/digcfdekg/node/factor/8cb137ba4dec17659379,Myeloid hyperplasia with extramedullary hematopoiesis (trait context: Systemic mastocytosis),Systemic mastocytosis
Myeloid hyperplasia with hematopoietic abnormalities,https://purl.org/okn/frink/kg/digcfdekg/node/factor/4bf4ab29f5cc500d2ada,Myeloid hyperplasia with hematopoietic abnormalities (trait context: Mastocytosis),Mastocytosis
Myeloid leukemia pathways and genes,https://purl.org/okn/frink/kg/digcfdekg/node/factor/c985e8491d01bc61fb0c,Myeloid leukemia pathways and genes (trait context: Precursor B-cell acute lymphoblastic leukemia),Precursor B-cell acute lymphoblastic leukemia
Myeloid progenitor dysregulation,https://purl.org/okn/frink/kg/digcfdekg/node/factor/b0bdc4bcf3e8547a4665,Myeloid progenitor dysregulation (trait context: Essential thrombocythemia),Essential thrombocythemia
Myeloid progenitor morphology and granulocytes,https://purl.org/okn/frink/kg/digcfdekg/node/factor/b95168b0fddc3445b819,Myeloid progenitor morphology and granulocytes (trait context: Myeloproliferative neoplasm),Myeloproliferative neoplasm
Myeloid progenitors and stem expansion,https://purl.org/okn/frink/kg/digcfdekg/node/factor/0af4750f608106ad9ebf,Myeloid progenitors and stem expansion (trait context: Myeloproliferative neoplasm),Myeloproliferative neoplasm
MYLLYKANGAS amplification and DNA-damage kinases,https://purl.org/okn/frink/kg/digcfdekg/node/factor/efd1ec53030c41f5fba8,MYLLYKANGAS amplification and DNA-damage kinases (trait context: Lymphoma),Lymphoma
"MYLLYKANGAS amplification, lymphocyte changes",https://purl.org/okn/frink/kg/digcfdekg/node/factor/9f935dc25155c55f7852,"MYLLYKANGAS amplification, lymphocyte changes (trait context: Lymphoma)",Lymphoma
Myocardial Trabeculation,https://purl.org/okn/frink/kg/digcfdekg/node/factor/22b3d2c2ee93bb2fc4ad,Myocardial Trabeculation (trait context: Type 2 diabetes with ophthalmic manifestations),Type 2 diabetes with ophthalmic manifestations
Myofibril Remodeling Program,https://purl.org/okn/frink/kg/digcfdekg/node/factor/1d956b6bdf203e41be2f,Myofibril Remodeling Program (trait context: Dilated cardiomyopathy; strict definition),Dilated cardiomyopathy; strict definition
Myopathy and fiber size variation,https://purl.org/okn/frink/kg/digcfdekg/node/factor/27aefd7040318701215f,Myopathy and fiber size variation (trait context: Muscular dystrophy),Muscular dystrophy
Myopathy and muscle function genes,https://purl.org/okn/frink/kg/digcfdekg/node/factor/1a0239fc9976161cf259,Myopathy and muscle function genes (trait context: Muscular dystrophy),Muscular dystrophy
Naive CD8 T cell program,https://purl.org/okn/frink/kg/digcfdekg/node/factor/bacb9fbc8c71dc415641,Naive CD8 T cell program (trait context: multiple sclerosis),multiple sclerosis
Negative regulation of immune response,https://purl.org/okn/frink/kg/digcfdekg/node/factor/a414fbae1f4e4de14a8c,Negative regulation of immune response (trait context: Childhood-onset asthma),Childhood-onset asthma
Negative regulation of immune response,https://purl.org/okn/frink/kg/digcfdekg/node/factor/768d74619c21faab3abd,Negative regulation of immune response (trait context: Takayasu arteritis),Takayasu arteritis
Negative Regulation of Lipid Storage,https://purl.org/okn/frink/kg/digcfdekg/node/factor/c277ce35bfcb450b2f5e,Negative Regulation of Lipid Storage (trait context: Disorder of lipid metabolism),Disorder of lipid metabolism
Negative Regulation of Lipid Transport,https://purl.org/okn/frink/kg/digcfdekg/node/factor/d44b99f3fbd0a57303a7,Negative Regulation of Lipid Transport (trait context: Disorder of lipid metabolism),Disorder of lipid metabolism
Negative regulation of secretion,https://purl.org/okn/frink/kg/digcfdekg/node/factor/5e4762e8d496043e30f2,Negative regulation of secretion (trait context: Type 2 diabetes with renal manifestations),Type 2 diabetes with renal manifestations
Negative regulation of T cells,https://purl.org/okn/frink/kg/digcfdekg/node/factor/93d92ea253052dbf2dff,Negative regulation of T cells (trait context: Type 1 diabetes (T1D)),Type 1 diabetes (T1D)
Neural crest and axon guidance,https://purl.org/okn/frink/kg/digcfdekg/node/factor/bb59b1067d3516ea6c57,Neural crest and axon guidance (trait context: Hirschsprung disease),Hirschsprung disease
Neural crest and heart development,https://purl.org/okn/frink/kg/digcfdekg/node/factor/c393660c22b1aa3c4b21,Neural crest and heart development (trait context: Hirschsprung disease),Hirschsprung disease
Neural Development,https://purl.org/okn/frink/kg/digcfdekg/node/factor/4195a50f3adba994cbe2,Neural Development (trait context: chronic lymphocytic leukemia),chronic lymphocytic leukemia
Neural development and activity,https://purl.org/okn/frink/kg/digcfdekg/node/factor/4cbacd29782ca4016fc6,Neural development and activity (trait context: Membranous nephropathy),Membranous nephropathy
Neural development and signaling,https://purl.org/okn/frink/kg/digcfdekg/node/factor/bac1e6336923091cf64c,Neural development and signaling (trait context: Gastroesophageal reflux disease (GERD)),Gastroesophageal reflux disease (GERD)
Neural innervation and development,https://purl.org/okn/frink/kg/digcfdekg/node/factor/8aae1922757a78ee7111,Neural innervation and development (trait context: Type 2 diabetes with ketoacidosis),Type 2 diabetes with ketoacidosis
Neural tube and notochord defects,https://purl.org/okn/frink/kg/digcfdekg/node/factor/4a974a1c577d07b37922,Neural tube and notochord defects (trait context: Neural tube defect),Neural tube defect
Neuroactive ligand receptor signaling,https://purl.org/okn/frink/kg/digcfdekg/node/factor/17a2e324a113a1b00311,Neuroactive ligand receptor signaling (trait context: Type 1 diabetes with ketoacidosis),Type 1 diabetes with ketoacidosis
Neurodegeneration genes and viral responses,https://purl.org/okn/frink/kg/digcfdekg/node/factor/b16c8bff3aea4478f3f8,Neurodegeneration genes and viral responses (trait context: Frontotemporal dementia),Frontotemporal dementia
Neurodegenerative Gliosis,https://purl.org/okn/frink/kg/digcfdekg/node/factor/118713fe5ae87ff99065,Neurodegenerative Gliosis (trait context: Lysosomal disease),Lysosomal disease
Neurodevelopmental and cardiac signaling,https://purl.org/okn/frink/kg/digcfdekg/node/factor/3d59ded705dc63bb9972,Neurodevelopmental and cardiac signaling (trait context: Type 2 diabetes with ketoacidosis),Type 2 diabetes with ketoacidosis
Neurodevelopmental and neurodegenerative genes,https://purl.org/okn/frink/kg/digcfdekg/node/factor/cb74536e9265bd6beffe,Neurodevelopmental and neurodegenerative genes (trait context: Frontotemporal dementia),Frontotemporal dementia
Neurological and metabolic abnormalities,https://purl.org/okn/frink/kg/digcfdekg/node/factor/e1e803f4e3c56b15d57a,Neurological and metabolic abnormalities (trait context: Type 2 diabetes with peripheral circulatory manifestations),Type 2 diabetes with peripheral circulatory manifestations
Neuromuscular junction signaling,https://purl.org/okn/frink/kg/digcfdekg/node/factor/2477b681f08d02264ead,Neuromuscular junction signaling (trait context: Amyotrophic lateral sclerosis),Amyotrophic lateral sclerosis
Neuromuscular synapse coordination,https://purl.org/okn/frink/kg/digcfdekg/node/factor/fddddff056a052edbc20,Neuromuscular synapse coordination (trait context: Amyotrophic lateral sclerosis),Amyotrophic lateral sclerosis
Neuronal morphology with gliosis,https://purl.org/okn/frink/kg/digcfdekg/node/factor/84df3d08ac40ef1dabe1,Neuronal morphology with gliosis (trait context: Hereditary spastic paraplegia),Hereditary spastic paraplegia
Neuronal transcription factors,https://purl.org/okn/frink/kg/digcfdekg/node/factor/7944af55ce2dd3df3562,Neuronal transcription factors (trait context: major depressive disorder),major depressive disorder
NF-kB and cytokine signaling,https://purl.org/okn/frink/kg/digcfdekg/node/factor/c86032c4bdde6ef20d41,NF-kB and cytokine signaling (trait context: Childhood-onset asthma),Childhood-onset asthma
NF-kB and lymphoid tissue abnormalities,https://purl.org/okn/frink/kg/digcfdekg/node/factor/167c8e7d2051910b9fca,NF-kB and lymphoid tissue abnormalities (trait context: Psoriasis),Psoriasis
NF-kB signaling and infection,https://purl.org/okn/frink/kg/digcfdekg/node/factor/a75c5a36d37fb92b700c,NF-kB signaling and infection (trait context: Psoriasis),Psoriasis
NF-kB signaling in DCs,https://purl.org/okn/frink/kg/digcfdekg/node/factor/bd62b56e352d2b8c538d,NF-kB signaling in DCs (trait context: Psoriasis),Psoriasis
NF-kB signaling in infection,https://purl.org/okn/frink/kg/digcfdekg/node/factor/1000bcc73ab7163486ee,NF-kB signaling in infection (trait context: Primary sclerosing cholangitis),Primary sclerosing cholangitis
NF-kB signaling; macrophage activation,https://purl.org/okn/frink/kg/digcfdekg/node/factor/2adedec239e05f658821,NF-kB signaling; macrophage activation (trait context: IgA nephropathy (IgAN)),IgA nephropathy (IgAN)
NF-kB TNFA signaling and DCs,https://purl.org/okn/frink/kg/digcfdekg/node/factor/59c3a99a77c4fb97099c,NF-kB TNFA signaling and DCs (trait context: inflammatory bowel disease),inflammatory bowel disease
NFkB signaling and regulators,https://purl.org/okn/frink/kg/digcfdekg/node/factor/32a059ef7ca4d58a4087,NFkB signaling and regulators (trait context: Inflammatory bowel disease (IBD)),Inflammatory bowel disease (IBD)
NK and T cell activation,https://purl.org/okn/frink/kg/digcfdekg/node/factor/d12fb593614238dc4626,NK and T cell activation (trait context: Systemic lupus erythematosus (SLE)),Systemic lupus erythematosus (SLE)
NK and T cell impairment,https://purl.org/okn/frink/kg/digcfdekg/node/factor/f164a5cbd221d2c65d3d,NK and T cell impairment (trait context: primary biliary cirrhosis),primary biliary cirrhosis
NK cell and cell cycle,https://purl.org/okn/frink/kg/digcfdekg/node/factor/2eebf35b887519b2e988,NK cell and cell cycle (trait context: Nephroblastoma),Nephroblastoma
NK cell and cytokine regulation,https://purl.org/okn/frink/kg/digcfdekg/node/factor/902b5728f368f1708176,NK cell and cytokine regulation (trait context: ankylosing spondylitis),ankylosing spondylitis
NK/NKT and CD8 T cells,https://purl.org/okn/frink/kg/digcfdekg/node/factor/551e9413448e4460a3fe,NK/NKT and CD8 T cells (trait context: Type 1 diabetes (T1D)),Type 1 diabetes (T1D)
NK/NKT and T-cell development,https://purl.org/okn/frink/kg/digcfdekg/node/factor/d6d0fbf85c858bc4b194,NK/NKT and T-cell development (trait context: type 1 diabetes mellitus),type 1 diabetes mellitus
Noncanonical NF-kB signaling,https://purl.org/okn/frink/kg/digcfdekg/node/factor/1f4ac3acb66ce3f7641b,Noncanonical NF-kB signaling (trait context: Primary biliary cholangitis),Primary biliary cholangitis
Notch signaling and pigmentation,https://purl.org/okn/frink/kg/digcfdekg/node/factor/9e94bcfa19119b2363d3,Notch signaling and pigmentation (trait context: Any cancer),Any cancer
NOTCH1,https://purl.org/okn/frink/kg/digcfdekg/node/factor/cb69969507e11b91d1d3,NOTCH1 (trait context: Non-Hodgkin lymphoma),Non-Hodgkin lymphoma
Notochord and neural tube defects,https://purl.org/okn/frink/kg/digcfdekg/node/factor/b223e5926955bb41681c,Notochord and neural tube defects (trait context: Neural tube defect),Neural tube defect
Notochord and tail axis defects,https://purl.org/okn/frink/kg/digcfdekg/node/factor/7b03226ea5cc1945c63f,Notochord and tail axis defects (trait context: Neural tube defect),Neural tube defect
Obesity and leptin signaling,https://purl.org/okn/frink/kg/digcfdekg/node/factor/26252661ab868419547f,Obesity and leptin signaling (trait context: Type 2 diabetes with peripheral circulatory manifestations),Type 2 diabetes with peripheral circulatory manifestations
Obesity and metabolic traits,https://purl.org/okn/frink/kg/digcfdekg/node/factor/9dfd927c18e543224294,Obesity and metabolic traits (trait context: Type 2 diabetes with peripheral circulatory manifestations),Type 2 diabetes with peripheral circulatory manifestations
Obesity risk with liver growth,https://purl.org/okn/frink/kg/digcfdekg/node/factor/492601e1d854b883d2e9,Obesity risk with liver growth (trait context: Type 2 diabetes (with history of pregnancy)),Type 2 diabetes (with history of pregnancy)
Obesity with leptin signaling,https://purl.org/okn/frink/kg/digcfdekg/node/factor/2aa9ee561afd9d97b234,Obesity with leptin signaling (trait context: Type 2 diabetes (T2D)),Type 2 diabetes (T2D)
Oligodendrocyte and myelin defects,https://purl.org/okn/frink/kg/digcfdekg/node/factor/ab1eb56e1b3215bc8856,Oligodendrocyte and myelin defects (trait context: Hereditary spastic paraplegia),Hereditary spastic paraplegia
Oligodendrocyte dysmyelination and seizures,https://purl.org/okn/frink/kg/digcfdekg/node/factor/36f76f8c2ece20041264,Oligodendrocyte dysmyelination and seizures (trait context: Hereditary spastic paraplegia),Hereditary spastic paraplegia
Oncogene-Induced Senescence and Cell Cycle,https://purl.org/okn/frink/kg/digcfdekg/node/factor/31157343c8c4c9b7da5f,Oncogene-Induced Senescence and Cell Cycle (trait context: Familial melanoma),Familial melanoma
Oncogenic mutations and tumor traits,https://purl.org/okn/frink/kg/digcfdekg/node/factor/d9b3350b5f66861888f8,Oncogenic mutations and tumor traits (trait context: Juvenile myelomonocytic leukemia),Juvenile myelomonocytic leukemia
organ autoimmune features and checkpoints,https://purl.org/okn/frink/kg/digcfdekg/node/factor/6cf8ed12c22990db6f83,organ autoimmune features and checkpoints (trait context: Multiple sclerosis),Multiple sclerosis
Organ formation and germ layer,https://purl.org/okn/frink/kg/digcfdekg/node/factor/344cd9ee159197ef4a65,Organ formation and germ layer (trait context: Intracranial aneurysm),Intracranial aneurysm
Organ morphogenesis and sensory development,https://purl.org/okn/frink/kg/digcfdekg/node/factor/8da3cdcbbb3267760bcf,Organ morphogenesis and sensory development (trait context: chronic obstructive pulmonary disease),chronic obstructive pulmonary disease
Outflow defects and lethal genes,https://purl.org/okn/frink/kg/digcfdekg/node/factor/097d795f1624b8529a9d,Outflow defects and lethal genes (trait context: Tetralogy of Fallot),Tetralogy of Fallot
Outflow Dextrocardia,https://purl.org/okn/frink/kg/digcfdekg/node/factor/2e63b74633f934ad03fa,Outflow Dextrocardia (trait context: Situs inversus totalis),Situs inversus totalis
Outflow tract and atrioventricular defects,https://purl.org/okn/frink/kg/digcfdekg/node/factor/6478f3a30ec18e7c8fb9,Outflow tract and atrioventricular defects (trait context: Interatrial communication),Interatrial communication
Outflow tract and cardiogenesis regulation,https://purl.org/okn/frink/kg/digcfdekg/node/factor/bee71e8f7159abbf2f3d,Outflow tract and cardiogenesis regulation (trait context: Interatrial communication),Interatrial communication
Outflow tract and heart morphogenesis,https://purl.org/okn/frink/kg/digcfdekg/node/factor/efd7a673434327e27de6,Outflow tract and heart morphogenesis (trait context: Primary open-angle glaucoma),Primary open-angle glaucoma
Outflow tract and organ morphogenesis,https://purl.org/okn/frink/kg/digcfdekg/node/factor/0979e0e21b5731c61151,Outflow tract and organ morphogenesis (trait context: Chronic obstructive pulmonary disease (COPD)),Chronic obstructive pulmonary disease (COPD)
Outflow tract and pupil development,https://purl.org/okn/frink/kg/digcfdekg/node/factor/b18b0bcafc5cdaeef808,Outflow tract and pupil development (trait context: open-angle glaucoma),open-angle glaucoma
Outflow tract morphogenesis and mesenchyme,https://purl.org/okn/frink/kg/digcfdekg/node/factor/5ad8174f1f65b03f6027,Outflow tract morphogenesis and mesenchyme (trait context: chronic obstructive pulmonary disease),chronic obstructive pulmonary disease
Ovarian and melanoma cancer genes,https://purl.org/okn/frink/kg/digcfdekg/node/factor/89b8f42ce5d6a86b0bce,Ovarian and melanoma cancer genes (trait context: Hyperaldosteronism),Hyperaldosteronism
Ovarian early follicle cells,https://purl.org/okn/frink/kg/digcfdekg/node/factor/67017a1ff23f797f5dba,Ovarian early follicle cells (trait context: Rare aplastic anemia),Rare aplastic anemia
Ovarian follicle and estrogen signaling,https://purl.org/okn/frink/kg/digcfdekg/node/factor/db6fe7f877204264bc7d,Ovarian follicle and estrogen signaling (trait context: Polycystic ovary syndrome; age-adjusted),Polycystic ovary syndrome; age-adjusted
Ovary stroma and fibroblasts,https://purl.org/okn/frink/kg/digcfdekg/node/factor/ba7eafb945a40165c810,Ovary stroma and fibroblasts (trait context: Rare aplastic anemia),Rare aplastic anemia
P2RY10 and MAP3K14 Coexpression,https://purl.org/okn/frink/kg/digcfdekg/node/factor/440314b459e160951021,P2RY10 and MAP3K14 Coexpression (trait context: Primary biliary cholangitis),Primary biliary cholangitis
P2RY10 coexpression across tissues,https://purl.org/okn/frink/kg/digcfdekg/node/factor/37aaac1f4b3c5cf22090,P2RY10 coexpression across tissues (trait context: primary biliary cirrhosis),primary biliary cirrhosis
P2RY10 coexpression across tissues,https://purl.org/okn/frink/kg/digcfdekg/node/factor/d2d0908fa0fb8f0d9f49,P2RY10 coexpression across tissues (trait context: systemic lupus erythematosus),systemic lupus erythematosus
P2RY10 coexpression across tissues,https://purl.org/okn/frink/kg/digcfdekg/node/factor/70e8a127792a16e87790,P2RY10 coexpression across tissues (trait context: Systemic lupus erythematosus (SLE)),Systemic lupus erythematosus (SLE)
P2RY10 coexpression in immune cells,https://purl.org/okn/frink/kg/digcfdekg/node/factor/6cde21a4ac357793ace0,P2RY10 coexpression in immune cells (trait context: systemic lupus erythematosus),systemic lupus erythematosus
P2RY10 coexpression in tissues,https://purl.org/okn/frink/kg/digcfdekg/node/factor/1fa5a59f081a92eadbdf,P2RY10 coexpression in tissues (trait context: IgA nephropathy (IgAN)),IgA nephropathy (IgAN)
P2RY10 coexpression network,https://purl.org/okn/frink/kg/digcfdekg/node/factor/0d60ea0f641f14e76a9b,P2RY10 coexpression network (trait context: Multiple sclerosis),Multiple sclerosis
P2RY10 coexpression network; immune signaling,https://purl.org/okn/frink/kg/digcfdekg/node/factor/0347ba2055baab6115d4,P2RY10 coexpression network; immune signaling (trait context: IgA nephropathy (IgAN)),IgA nephropathy (IgAN)
P2RY10 coexpression with immune markers,https://purl.org/okn/frink/kg/digcfdekg/node/factor/26722c69380af2978832,P2RY10 coexpression with immune markers (trait context: multiple sclerosis),multiple sclerosis
P2RY10 coexpression with T cells,https://purl.org/okn/frink/kg/digcfdekg/node/factor/b5b46804211de162a783,P2RY10 coexpression with T cells (trait context: multiple sclerosis),multiple sclerosis
P2RY10 coexpression; B cell markers,https://purl.org/okn/frink/kg/digcfdekg/node/factor/4463a410564248ed5226,P2RY10 coexpression; B cell markers (trait context: IgA nephropathy (IgAN)),IgA nephropathy (IgAN)
P2RY10 GPCR coexpression and TNFRSF14,https://purl.org/okn/frink/kg/digcfdekg/node/factor/e94304066e73de965740,P2RY10 GPCR coexpression and TNFRSF14 (trait context: inflammatory bowel disease),inflammatory bowel disease
P2RY10 GPCR signaling and TCF7,https://purl.org/okn/frink/kg/digcfdekg/node/factor/7c0deb0776fcc91cc9a8,P2RY10 GPCR signaling and TCF7 (trait context: Childhood-onset asthma),Childhood-onset asthma
P2RY10 gut coexpression,https://purl.org/okn/frink/kg/digcfdekg/node/factor/2b11906829473c513407,P2RY10 gut coexpression (trait context: primary biliary cirrhosis),primary biliary cirrhosis
"p53 network, DNA damage, metastasis",https://purl.org/okn/frink/kg/digcfdekg/node/factor/0d6ddb6882a75fd16e2f,"p53 network, DNA damage, metastasis (trait context: clear cell renal carcinoma)",clear cell renal carcinoma
P53 pathway and DNA damage,https://purl.org/okn/frink/kg/digcfdekg/node/factor/7d9896c4ff4d4fed0377,P53 pathway and DNA damage (trait context: clear cell renal carcinoma),clear cell renal carcinoma
P53 pathway and telomerase,https://purl.org/okn/frink/kg/digcfdekg/node/factor/5edaca1ba5ee6002849b,P53 pathway and telomerase (trait context: renal carcinoma),renal carcinoma
P53 signaling and DNA damage,https://purl.org/okn/frink/kg/digcfdekg/node/factor/20bda1f9eeca2217917a,P53 signaling and DNA damage (trait context: renal carcinoma),renal carcinoma
P53 signaling mediator regulation,https://purl.org/okn/frink/kg/digcfdekg/node/factor/b715247306bef0172132,P53 signaling mediator regulation (trait context: Rare aplastic anemia),Rare aplastic anemia
Pancreas development and diabetes,https://purl.org/okn/frink/kg/digcfdekg/node/factor/bb4343f5f6d82d595334,Pancreas development and diabetes (trait context: Type 2 diabetes with renal manifestations),Type 2 diabetes with renal manifestations
Pancreas development and ducts,https://purl.org/okn/frink/kg/digcfdekg/node/factor/b06d086e93c8cefe2448,Pancreas development and ducts (trait context: type 2 diabetes mellitus),type 2 diabetes mellitus
Pancreas development and insulin secretion,https://purl.org/okn/frink/kg/digcfdekg/node/factor/2f0d96b61a6bafcaecb0,Pancreas development and insulin secretion (trait context: Type 2 diabetes (recessive model)),Type 2 diabetes (recessive model)
Pancreatic beta cell function,https://purl.org/okn/frink/kg/digcfdekg/node/factor/3fdeedeee87edc7bd30c,Pancreatic beta cell function (trait context: Type 2 diabetes (T2D) adj BMI),Type 2 diabetes (T2D) adj BMI
Pancreatic beta cell mass changes,https://purl.org/okn/frink/kg/digcfdekg/node/factor/70fc94d3ade2fea8bb8b,Pancreatic beta cell mass changes (trait context: Type 2 diabetes (T2D) adj BMI),Type 2 diabetes (T2D) adj BMI
Pancreatic beta cells deficiency,https://purl.org/okn/frink/kg/digcfdekg/node/factor/0c544c64deebcd1e60cd,Pancreatic beta cells deficiency (trait context: type 2 diabetes mellitus),type 2 diabetes mellitus
Pancreatic beta-cell mass changes,https://purl.org/okn/frink/kg/digcfdekg/node/factor/91d5ff72f7e06b3ec7ea,Pancreatic beta-cell mass changes (trait context: Type 2 diabetes (T2D)),Type 2 diabetes (T2D)
Pancreatic development and WNT signaling,https://purl.org/okn/frink/kg/digcfdekg/node/factor/c656981dc9c16b0f8b74,Pancreatic development and WNT signaling (trait context: Diabetic retinopathy),Diabetic retinopathy
Pancreatic islet dysfunction,https://purl.org/okn/frink/kg/digcfdekg/node/factor/1323fcdc04f6b214775c,Pancreatic islet dysfunction (trait context: Type 2 diabetes with peripheral circulatory manifestations),Type 2 diabetes with peripheral circulatory manifestations
Pancreatic islet dysfunction and diabetes,https://purl.org/okn/frink/kg/digcfdekg/node/factor/5af64994192c67177b22,Pancreatic islet dysfunction and diabetes (trait context: Type 2 diabetes (T2D)),Type 2 diabetes (T2D)
Pancreatic islet growth and signaling,https://purl.org/okn/frink/kg/digcfdekg/node/factor/abff3c79223266a466ec,Pancreatic islet growth and signaling (trait context: type 2 diabetes mellitus),type 2 diabetes mellitus
Pancreatic islet malfunction and hyperglycemia,https://purl.org/okn/frink/kg/digcfdekg/node/factor/7550caad8dccf4647629,Pancreatic islet malfunction and hyperglycemia (trait context: Type 2 diabetes (additive model)),Type 2 diabetes (additive model)
Pancreatic islets and insulin sensitivity,https://purl.org/okn/frink/kg/digcfdekg/node/factor/ba7a89bcf36356efbd2b,Pancreatic islets and insulin sensitivity (trait context: type 2 diabetes mellitus),type 2 diabetes mellitus
Pancreatic islets and metabolism signaling,https://purl.org/okn/frink/kg/digcfdekg/node/factor/f158b19074dcf2670a12,Pancreatic islets and metabolism signaling (trait context: type 2 diabetes mellitus),type 2 diabetes mellitus
Pancytopenia and hematopoiesis genes,https://purl.org/okn/frink/kg/digcfdekg/node/factor/0b5da51fba593ee4585d,Pancytopenia and hematopoiesis genes (trait context: Rare aplastic anemia),Rare aplastic anemia
Papillary RCC transcription factors,https://purl.org/okn/frink/kg/digcfdekg/node/factor/bbe14e3ff8af2102a243,Papillary RCC transcription factors (trait context: Renal cell carcinoma),Renal cell carcinoma
Paraparesis with brain morphology changes,https://purl.org/okn/frink/kg/digcfdekg/node/factor/1a65b540a1dcabb89523,Paraparesis with brain morphology changes (trait context: Hereditary spastic paraplegia),Hereditary spastic paraplegia
Parasite susceptibility and IL6 signaling,https://purl.org/okn/frink/kg/digcfdekg/node/factor/1f6084d7f9dc7a4e284d,Parasite susceptibility and IL6 signaling (trait context: psoriasis),psoriasis
Parasite susceptibility and Th2 markers,https://purl.org/okn/frink/kg/digcfdekg/node/factor/f674a15b7e45367dabda,Parasite susceptibility and Th2 markers (trait context: Hodgkins lymphoma),Hodgkins lymphoma
Parasitic susceptibility and IFN-gamma,https://purl.org/okn/frink/kg/digcfdekg/node/factor/b30662746cb666a13e4b,Parasitic susceptibility and IFN-gamma (trait context: Vasculitis),Vasculitis
Parasitic susceptibility with Th1 bias,https://purl.org/okn/frink/kg/digcfdekg/node/factor/353b5db535c16823ab74,Parasitic susceptibility with Th1 bias (trait context: psoriasis),psoriasis
PD-1 signaling and MHC II,https://purl.org/okn/frink/kg/digcfdekg/node/factor/ec121badd6ebcfe43684,PD-1 signaling and MHC II (trait context: Primary sclerosing cholangitis),Primary sclerosing cholangitis
PDGF/EGF Signaling Network,https://purl.org/okn/frink/kg/digcfdekg/node/factor/8fcda2bb233419740cb0,PDGF/EGF Signaling Network (trait context: Rare cardiomyopathy),Rare cardiomyopathy
PDH-TCA Dysregulation in Heart,https://purl.org/okn/frink/kg/digcfdekg/node/factor/1dd1dd0a0a1c7da2834e,PDH-TCA Dysregulation in Heart (trait context: Pyruvate dehydrogenase deficiency),Pyruvate dehydrogenase deficiency
Pentose phosphate and sugar metabolism,https://purl.org/okn/frink/kg/digcfdekg/node/factor/5697d268c84135beaf23,Pentose phosphate and sugar metabolism (trait context: Glycogen storage disease),Glycogen storage disease
Peroxisomal and bile acid metabolism,https://purl.org/okn/frink/kg/digcfdekg/node/factor/1cb092b1d99f037050d9,Peroxisomal and bile acid metabolism (trait context: Peroxisomal disease),Peroxisomal disease
Peroxisomal beta-oxidation and import pathways,https://purl.org/okn/frink/kg/digcfdekg/node/factor/7d1deacf942443dabbcc,Peroxisomal beta-oxidation and import pathways (trait context: Infantile Refsum disease),Infantile Refsum disease
Peroxisomal dysfunction and metabolism,https://purl.org/okn/frink/kg/digcfdekg/node/factor/57957b6be3f8e6a8ab2b,Peroxisomal dysfunction and metabolism (trait context: Zellweger syndrome),Zellweger syndrome
Peroxisomal ether lipid biosynthesis,https://purl.org/okn/frink/kg/digcfdekg/node/factor/ec1e97eac469d15f0c7a,Peroxisomal ether lipid biosynthesis (trait context: Peroxisomal disease),Peroxisomal disease
Peroxisomal fatty acid metabolism,https://purl.org/okn/frink/kg/digcfdekg/node/factor/01445ef76c274b3a0af8,Peroxisomal fatty acid metabolism (trait context: Peroxisomal disease),Peroxisomal disease
Peroxisomal fatty acid oxidation,https://purl.org/okn/frink/kg/digcfdekg/node/factor/82a19a753304dd50da04,Peroxisomal fatty acid oxidation (trait context: Peroxisomal disease),Peroxisomal disease
Peroxisomal fatty acid oxidation,https://purl.org/okn/frink/kg/digcfdekg/node/factor/f3ff818f9d9ed979b506,Peroxisomal fatty acid oxidation (trait context: Zellweger syndrome),Zellweger syndrome
Peroxisomal import and iris anomalies,https://purl.org/okn/frink/kg/digcfdekg/node/factor/691e8fda6228e4b0d514,Peroxisomal import and iris anomalies (trait context: Infantile Refsum disease),Infantile Refsum disease
Peroxisomal import and lipid transport,https://purl.org/okn/frink/kg/digcfdekg/node/factor/04160c99c03bab003d1b,Peroxisomal import and lipid transport (trait context: Infantile Refsum disease),Infantile Refsum disease
Peroxisomal import and quality control,https://purl.org/okn/frink/kg/digcfdekg/node/factor/86024f02725661562d35,Peroxisomal import and quality control (trait context: Zellweger syndrome),Zellweger syndrome
Peroxisomal import and ubiquitination regulators,https://purl.org/okn/frink/kg/digcfdekg/node/factor/74514c6de9ac8e816c14,Peroxisomal import and ubiquitination regulators (trait context: Infantile Refsum disease),Infantile Refsum disease
Peroxisomal lipid biosynthesis and transport,https://purl.org/okn/frink/kg/digcfdekg/node/factor/235f1a1f931847381031,Peroxisomal lipid biosynthesis and transport (trait context: Peroxisomal disease),Peroxisomal disease
Peroxisomal lipid import and transport,https://purl.org/okn/frink/kg/digcfdekg/node/factor/94d4478e8832df737541,Peroxisomal lipid import and transport (trait context: Peroxisomal disease),Peroxisomal disease
Peroxisomal Lipid Metabolism,https://purl.org/okn/frink/kg/digcfdekg/node/factor/0e225be412c31a2adf62,Peroxisomal Lipid Metabolism (trait context: Chronic primary adrenal insufficiency),Chronic primary adrenal insufficiency
Peroxisomal lipid metabolism and transport,https://purl.org/okn/frink/kg/digcfdekg/node/factor/7313be42f224041da6a4,Peroxisomal lipid metabolism and transport (trait context: Peroxisomal disease),Peroxisomal disease
Peroxisomal lumen metabolism,https://purl.org/okn/frink/kg/digcfdekg/node/factor/f9b232b52dd4571e5b39,Peroxisomal lumen metabolism (trait context: Peroxisomal disease),Peroxisomal disease
Peroxisomal matrix import and ubiquitination,https://purl.org/okn/frink/kg/digcfdekg/node/factor/23c0775886a290b07520,Peroxisomal matrix import and ubiquitination (trait context: Infantile Refsum disease),Infantile Refsum disease
Peroxisomal matrix protein import,https://purl.org/okn/frink/kg/digcfdekg/node/factor/91f2d86530a71bc2f786,Peroxisomal matrix protein import (trait context: Peroxisomal disease),Peroxisomal disease
Peroxisomal membrane protein import,https://purl.org/okn/frink/kg/digcfdekg/node/factor/27d294be88da696a01f0,Peroxisomal membrane protein import (trait context: Peroxisomal disease),Peroxisomal disease
Peroxisomal protein import and metabolism,https://purl.org/okn/frink/kg/digcfdekg/node/factor/628042276c028ec5be90,Peroxisomal protein import and metabolism (trait context: Zellweger syndrome),Zellweger syndrome
Peroxisomal protein import and transport,https://purl.org/okn/frink/kg/digcfdekg/node/factor/e97da736e53df73b375f,Peroxisomal protein import and transport (trait context: Peroxisomal disease),Peroxisomal disease
Peroxisomal proteins with adipose signals,https://purl.org/okn/frink/kg/digcfdekg/node/factor/0ff5128fcb8b7df5853e,Peroxisomal proteins with adipose signals (trait context: Peroxisomal disease),Peroxisomal disease
Peroxisome biogenesis and transport,https://purl.org/okn/frink/kg/digcfdekg/node/factor/3b2558abab861eb65012,Peroxisome biogenesis and transport (trait context: Zellweger syndrome),Zellweger syndrome
Peroxisome import and morphology,https://purl.org/okn/frink/kg/digcfdekg/node/factor/4f0dcb43c74d2d950de8,Peroxisome import and morphology (trait context: Zellweger syndrome),Zellweger syndrome
Peroxisome morphology and fatty acids,https://purl.org/okn/frink/kg/digcfdekg/node/factor/70ebae54e9c5ceb2ebd9,Peroxisome morphology and fatty acids (trait context: Infantile Refsum disease),Infantile Refsum disease
Peroxisome morphology and mitochondrial dynamics,https://purl.org/okn/frink/kg/digcfdekg/node/factor/2db5b7a3fca21bbef534,Peroxisome morphology and mitochondrial dynamics (trait context: Infantile Refsum disease),Infantile Refsum disease
Peyer patch immune interactions,https://purl.org/okn/frink/kg/digcfdekg/node/factor/a3af63928f2b02686345,Peyer patch immune interactions (trait context: allergic disease),allergic disease
Peyer patches and lymph nodes,https://purl.org/okn/frink/kg/digcfdekg/node/factor/19b8db615cf689f26f5c,Peyer patches and lymph nodes (trait context: allergic disease),allergic disease
Peyer's patch inflammation markers,https://purl.org/okn/frink/kg/digcfdekg/node/factor/a8ce68034c86be4a5fcd,Peyer's patch inflammation markers (trait context: primary biliary cirrhosis),primary biliary cirrhosis
Peyer's patches and NF-kB,https://purl.org/okn/frink/kg/digcfdekg/node/factor/04deacae9c56e20b812e,Peyer's patches and NF-kB (trait context: Primary biliary cholangitis),Primary biliary cholangitis
Peyer's patches and NF-kB signaling,https://purl.org/okn/frink/kg/digcfdekg/node/factor/211c3f479830b49a91f5,Peyer's patches and NF-kB signaling (trait context: atopic eczema),atopic eczema
Peyer's Patches and T Cells,https://purl.org/okn/frink/kg/digcfdekg/node/factor/56d9f6e01f4a850ede09,Peyer's Patches and T Cells (trait context: childhood onset asthma),childhood onset asthma
Peyers patches absent; T cells,https://purl.org/okn/frink/kg/digcfdekg/node/factor/bf1efefc05615c6ffc7e,Peyers patches absent; T cells (trait context: IgA nephropathy (IgAN)),IgA nephropathy (IgAN)
Peyers patches and lymphoid abnormalities,https://purl.org/okn/frink/kg/digcfdekg/node/factor/0a9109d044b0b10ceb19,Peyers patches and lymphoid abnormalities (trait context: Type 1 diabetes (T1D)),Type 1 diabetes (T1D)
Phalanx and limb bone morphology,https://purl.org/okn/frink/kg/digcfdekg/node/factor/ad1cfbce961f54ee4b42,Phalanx and limb bone morphology (trait context: Carpal tunnel syndrome),Carpal tunnel syndrome
Pharyngeal arch and cardiac development,https://purl.org/okn/frink/kg/digcfdekg/node/factor/5f255267667fd224156b,Pharyngeal arch and cardiac development (trait context: Hirschsprung disease),Hirschsprung disease
Pharyngeal arch and truncus genes,https://purl.org/okn/frink/kg/digcfdekg/node/factor/2dd912b05fc113ffc280,Pharyngeal arch and truncus genes (trait context: Tetralogy of Fallot),Tetralogy of Fallot
Pharyngeal arches and cardiac genes,https://purl.org/okn/frink/kg/digcfdekg/node/factor/0aa8a0e12c70af93a9d6,Pharyngeal arches and cardiac genes (trait context: Tetralogy of Fallot),Tetralogy of Fallot
Photoreceptor cilium genes,https://purl.org/okn/frink/kg/digcfdekg/node/factor/232f485fe5829b8e988e,Photoreceptor cilium genes (trait context: Retinitis pigmentosa),Retinitis pigmentosa
Photoreceptor connecting cilium defects,https://purl.org/okn/frink/kg/digcfdekg/node/factor/a22a71fc54e9400125f0,Photoreceptor connecting cilium defects (trait context: Retinitis pigmentosa),Retinitis pigmentosa
Photoreceptor development and differentiation,https://purl.org/okn/frink/kg/digcfdekg/node/factor/e452abeb2904ff0dba5b,Photoreceptor development and differentiation (trait context: Retinitis pigmentosa),Retinitis pigmentosa
Photoreceptor maintenance and stereocilia,https://purl.org/okn/frink/kg/digcfdekg/node/factor/9fd216930423024a2afd,Photoreceptor maintenance and stereocilia (trait context: Retinitis pigmentosa),Retinitis pigmentosa
Photoreceptor outer segment,https://purl.org/okn/frink/kg/digcfdekg/node/factor/f0102a085ae039956836,Photoreceptor outer segment (trait context: Retinitis pigmentosa),Retinitis pigmentosa
PI3K Growth Signaling,https://purl.org/okn/frink/kg/digcfdekg/node/factor/1aab08fa7443814df7e8,PI3K Growth Signaling (trait context: Type 2 diabetes with ophthalmic manifestations),Type 2 diabetes with ophthalmic manifestations
PI3K Signaling,https://purl.org/okn/frink/kg/digcfdekg/node/factor/304fa45e415419737775,PI3K Signaling (trait context: Type 2 diabetes (additive model)),Type 2 diabetes (additive model)
PI3K-AKT signaling in cancers,https://purl.org/okn/frink/kg/digcfdekg/node/factor/e466c7d63920ec430f52,PI3K-AKT signaling in cancers (trait context: Lynch syndrome),Lynch syndrome
PI3K/AKT and MAPK Signaling,https://purl.org/okn/frink/kg/digcfdekg/node/factor/f650dad9f35142ac092f,PI3K/AKT and MAPK Signaling (trait context: Meningioma),Meningioma
Pigment pathways and vesicles,https://purl.org/okn/frink/kg/digcfdekg/node/factor/730e7f8b5b7cf7284f37,Pigment pathways and vesicles (trait context: Any cancer),Any cancer
Pigmentation and adipose-related genes,https://purl.org/okn/frink/kg/digcfdekg/node/factor/da4057d32a785bef0dce,Pigmentation and adipose-related genes (trait context: squamous cell carcinoma),squamous cell carcinoma
Pigmentation and Cancer Genes,https://purl.org/okn/frink/kg/digcfdekg/node/factor/f0a2143f86a8ca51fe8e,Pigmentation and Cancer Genes (trait context: Familial melanoma),Familial melanoma
Pigmentation and Melanocyte Genes,https://purl.org/okn/frink/kg/digcfdekg/node/factor/0e35468a5f1cd8abea05,Pigmentation and Melanocyte Genes (trait context: Familial melanoma),Familial melanoma
Pigmentation genes and coat color,https://purl.org/okn/frink/kg/digcfdekg/node/factor/87ceba71ee2067f7269f,Pigmentation genes and coat color (trait context: Any cancer),Any cancer
Pigmentation genes and immune traits,https://purl.org/okn/frink/kg/digcfdekg/node/factor/0ad5126cec9a9ff1be46,Pigmentation genes and immune traits (trait context: squamous cell carcinoma),squamous cell carcinoma
Pigmentation with metabolism genes,https://purl.org/okn/frink/kg/digcfdekg/node/factor/71c1090daf9adbde6178,Pigmentation with metabolism genes (trait context: squamous cell carcinoma),squamous cell carcinoma
Pituitary and thyroid development,https://purl.org/okn/frink/kg/digcfdekg/node/factor/944abc6087863b17bef2,Pituitary and thyroid development (trait context: Congenital hypothyroidism),Congenital hypothyroidism
Pituitary development and hormone deficiency,https://purl.org/okn/frink/kg/digcfdekg/node/factor/27962278245ee0283804,Pituitary development and hormone deficiency (trait context: Congenital hypothyroidism),Congenital hypothyroidism
Pituitary development and hormone signaling,https://purl.org/okn/frink/kg/digcfdekg/node/factor/e628e137344acef3f2ca,Pituitary development and hormone signaling (trait context: Congenital hypothyroidism),Congenital hypothyroidism
Planar polarity and organ morphogenesis,https://purl.org/okn/frink/kg/digcfdekg/node/factor/455e0ff01dfba108bcd3,Planar polarity and organ morphogenesis (trait context: Type 1 diabetes with neurological manifestations),Type 1 diabetes with neurological manifestations
"Plasma cell expansion, tolerance disruption",https://purl.org/okn/frink/kg/digcfdekg/node/factor/4ecfcfe407a871e0e647,"Plasma cell expansion, tolerance disruption (trait context: Systemic lupus erythematosus)",Systemic lupus erythematosus
Pluripotency and signaling pathways,https://purl.org/okn/frink/kg/digcfdekg/node/factor/3cca851b8520a03ed988,Pluripotency and signaling pathways (trait context: Hyperaldosteronism),Hyperaldosteronism
Polyphagia and hepatic steatosis,https://purl.org/okn/frink/kg/digcfdekg/node/factor/2cc7bf380654e3cce47a,Polyphagia and hepatic steatosis (trait context: Diabetic retinopathy),Diabetic retinopathy
Polysaccharide catabolism and glycogen breakdown,https://purl.org/okn/frink/kg/digcfdekg/node/factor/15099e7afd247c661598,Polysaccharide catabolism and glycogen breakdown (trait context: Glycogen storage disease),Glycogen storage disease
Ponatinib,https://purl.org/okn/frink/kg/digcfdekg/node/factor/6885f98ae48242702d48,Ponatinib (trait context: Non-Hodgkin lymphoma),Non-Hodgkin lymphoma
Potassium channel activity,https://purl.org/okn/frink/kg/digcfdekg/node/factor/fda9030e5f55b3571d4d,Potassium channel activity (trait context: Brugada syndrome),Brugada syndrome
Potassium Channel Activity,https://purl.org/okn/frink/kg/digcfdekg/node/factor/bd2cf943cfef71899455,Potassium Channel Activity (trait context: Long QT syndrome),Long QT syndrome
Potassium export and repolarization,https://purl.org/okn/frink/kg/digcfdekg/node/factor/a4570a4ec5d788cc0527,Potassium export and repolarization (trait context: Brugada syndrome),Brugada syndrome
Potassium Ion Transport Regulators,https://purl.org/okn/frink/kg/digcfdekg/node/factor/e74e97e91e5cfe2ef505,Potassium Ion Transport Regulators (trait context: Long QT syndrome),Long QT syndrome
Potassium transport and action potential,https://purl.org/okn/frink/kg/digcfdekg/node/factor/2cb05cdb6013afc32c82,Potassium transport and action potential (trait context: Brugada syndrome),Brugada syndrome
Potassium Transport and Membrane Potential,https://purl.org/okn/frink/kg/digcfdekg/node/factor/84e2046c18fea6cb553a,Potassium Transport and Membrane Potential (trait context: Long QT syndrome),Long QT syndrome
Potassium Transport Regulation in Heart,https://purl.org/okn/frink/kg/digcfdekg/node/factor/951ea743ec9f6aa405fa,Potassium Transport Regulation in Heart (trait context: Long QT syndrome),Long QT syndrome
Preweaning Lethality Metabolic Defects,https://purl.org/okn/frink/kg/digcfdekg/node/factor/455f256cae46a67b1d09,Preweaning Lethality Metabolic Defects (trait context: Organic aciduria),Organic aciduria
Processome and SARS interactions,https://purl.org/okn/frink/kg/digcfdekg/node/factor/a1ca13b3dd7b84d8e2f4,Processome and SARS interactions (trait context: Rare aplastic anemia),Rare aplastic anemia
Progenitor abnormalities and tumor suppressors,https://purl.org/okn/frink/kg/digcfdekg/node/factor/ab7925ee3d3c6dd0c156,Progenitor abnormalities and tumor suppressors (trait context: Myeloproliferative neoplasm),Myeloproliferative neoplasm
Prostate bladder cancers with mutations,https://purl.org/okn/frink/kg/digcfdekg/node/factor/791736adc54b333f4c79,Prostate bladder cancers with mutations (trait context: Adrenocortical carcinoma),Adrenocortical carcinoma
Prostate Cancer and Cardiac Genes,https://purl.org/okn/frink/kg/digcfdekg/node/factor/76d4bbd6ba1eae29ee60,Prostate Cancer and Cardiac Genes (trait context: Polycystic ovary syndrome (PCOS)),Polycystic ovary syndrome (PCOS)
Prostate Cancer and DNA Damage,https://purl.org/okn/frink/kg/digcfdekg/node/factor/aa8704ce0179bd0c9f4e,Prostate Cancer and DNA Damage (trait context: Breast cancer),Breast cancer
Prostate Cancer Genomic Instability,https://purl.org/okn/frink/kg/digcfdekg/node/factor/9268570083ae3a73da7f,Prostate Cancer Genomic Instability (trait context: cancer),cancer
Prostate cancer with metastasis,https://purl.org/okn/frink/kg/digcfdekg/node/factor/f7e26cc3488eccae1c68,Prostate cancer with metastasis (trait context: Adrenocortical carcinoma),Adrenocortical carcinoma
Prostate morphogenesis and FGFR signaling,https://purl.org/okn/frink/kg/digcfdekg/node/factor/7d833bf8f5fe9457e43d,Prostate morphogenesis and FGFR signaling (trait context: chronic obstructive pulmonary disease),chronic obstructive pulmonary disease
Prostate morphogenesis and related pathways,https://purl.org/okn/frink/kg/digcfdekg/node/factor/615bffc833e76649771b,Prostate morphogenesis and related pathways (trait context: chronic obstructive pulmonary disease),chronic obstructive pulmonary disease
Prostate Ovarian Pancreatic Cancer Traits,https://purl.org/okn/frink/kg/digcfdekg/node/factor/a266a8d61a2a1686573b,Prostate Ovarian Pancreatic Cancer Traits (trait context: Rare thyroid carcinoma),Rare thyroid carcinoma
Prostate Spermatogenesis Program,https://purl.org/okn/frink/kg/digcfdekg/node/factor/236c14ea88041082f842,Prostate Spermatogenesis Program (trait context: prostate carcinoma),prostate carcinoma
Prostate Up And Metabolic Transport,https://purl.org/okn/frink/kg/digcfdekg/node/factor/f39357c2027968f74ae7,Prostate Up And Metabolic Transport (trait context: prostate carcinoma),prostate carcinoma
Prostate Up With Ketone Down,https://purl.org/okn/frink/kg/digcfdekg/node/factor/24981ebf83d4bf57630b,Prostate Up With Ketone Down (trait context: prostate carcinoma),prostate carcinoma
Prostate Upregulated Markers,https://purl.org/okn/frink/kg/digcfdekg/node/factor/032d5768e84cc7919eb0,Prostate Upregulated Markers (trait context: prostate carcinoma),prostate carcinoma
Pulmonary and Craniofacial Anomalies,https://purl.org/okn/frink/kg/digcfdekg/node/factor/f90411cd0fc8569d7414,Pulmonary and Craniofacial Anomalies (trait context: Breast cancer),Breast cancer
Pulmonary development and distress,https://purl.org/okn/frink/kg/digcfdekg/node/factor/7975162763184ffe7d28,Pulmonary development and distress (trait context: Type 2 diabetes with ketoacidosis),Type 2 diabetes with ketoacidosis
Pyruvate Metabolism and PDH Regulation,https://purl.org/okn/frink/kg/digcfdekg/node/factor/ce17c2849ea69dbd8df6,Pyruvate Metabolism and PDH Regulation (trait context: Pyruvate dehydrogenase deficiency),Pyruvate dehydrogenase deficiency
"RACCYCD, glioblastoma, melanoma, p53",https://purl.org/okn/frink/kg/digcfdekg/node/factor/5bd5d1757e19c85f381e,"RACCYCD, glioblastoma, melanoma, p53 (trait context: clear cell renal carcinoma)",clear cell renal carcinoma
RAF activation and MAPK signaling,https://purl.org/okn/frink/kg/digcfdekg/node/factor/8982cdf814639c38c564,RAF activation and MAPK signaling (trait context: Rare hypertrophic cardiomyopathy),Rare hypertrophic cardiomyopathy
RAF and insulin signaling pathways,https://purl.org/okn/frink/kg/digcfdekg/node/factor/fe017c2fab4e35845576,RAF and insulin signaling pathways (trait context: Rare hypertrophic cardiomyopathy),Rare hypertrophic cardiomyopathy
RAS ERK Signaling Across Cancers,https://purl.org/okn/frink/kg/digcfdekg/node/factor/4535d1ba140e7d8feb51,RAS ERK Signaling Across Cancers (trait context: Rare thyroid carcinoma),Rare thyroid carcinoma
RAS-ERK and Developmental Genes,https://purl.org/okn/frink/kg/digcfdekg/node/factor/b71b3e512c3541fb4f08,RAS-ERK and Developmental Genes (trait context: Rare thyroid carcinoma),Rare thyroid carcinoma
RAS-ERK and MAPK signaling,https://purl.org/okn/frink/kg/digcfdekg/node/factor/46f6757510c4aa6744a1,RAS-ERK and MAPK signaling (trait context: Rare hypertrophic cardiomyopathy),Rare hypertrophic cardiomyopathy
Ras-ERK Pathway Regulators,https://purl.org/okn/frink/kg/digcfdekg/node/factor/9b0d74ca13f146169cb8,Ras-ERK Pathway Regulators (trait context: Rare cardiomyopathy),Rare cardiomyopathy
RAS-ERK signaling and inflammation,https://purl.org/okn/frink/kg/digcfdekg/node/factor/7a62d0ba87ba5541cc45,RAS-ERK signaling and inflammation (trait context: Rare hypertrophic cardiomyopathy),Rare hypertrophic cardiomyopathy
RAS-ERK signaling in cancers,https://purl.org/okn/frink/kg/digcfdekg/node/factor/92a630d3aedbe60ea521,RAS-ERK signaling in cancers (trait context: Lynch syndrome),Lynch syndrome
RAS/ERK Pathways in Cancers,https://purl.org/okn/frink/kg/digcfdekg/node/factor/cb38a74398df21f2fd4d,RAS/ERK Pathways in Cancers (trait context: Astrocytoma),Astrocytoma
"RB1 defects, p53 and cycle",https://purl.org/okn/frink/kg/digcfdekg/node/factor/2850c6d3821a297f8f14,"RB1 defects, p53 and cycle (trait context: clear cell renal carcinoma)",clear cell renal carcinoma
RB1-defect G1/S misregulation,https://purl.org/okn/frink/kg/digcfdekg/node/factor/7ec6e536700024dd54cc,RB1-defect G1/S misregulation (trait context: Type 2 diabetes (additive model)),Type 2 diabetes (additive model)
Receptor Tyrosine Kinase Signaling Inhibitors,https://purl.org/okn/frink/kg/digcfdekg/node/factor/dbec176c83eb3a87002c,Receptor Tyrosine Kinase Signaling Inhibitors (trait context: Rare thyroid carcinoma),Rare thyroid carcinoma
Reduced adiposity and energy expenditure,https://purl.org/okn/frink/kg/digcfdekg/node/factor/ca72e27b0f3e1041c4ce,Reduced adiposity and energy expenditure (trait context: Type 2 diabetes with neurological manifestations),Type 2 diabetes with neurological manifestations
Reduced circulating lipids and glucose,https://purl.org/okn/frink/kg/digcfdekg/node/factor/ae473e8a80685f210576,Reduced circulating lipids and glucose (trait context: Type 2 diabetes (T2D) adj BMI),Type 2 diabetes (T2D) adj BMI
Reduced IFN-gamma and NK function,https://purl.org/okn/frink/kg/digcfdekg/node/factor/692b98b4bd26f5df245f,Reduced IFN-gamma and NK function (trait context: autoimmune disease),autoimmune disease
Reduced insulin and leptin levels,https://purl.org/okn/frink/kg/digcfdekg/node/factor/d3e21c4fd4790f37258e,Reduced insulin and leptin levels (trait context: Type 2 diabetes (T2D)),Type 2 diabetes (T2D)
Reduced tumor-free survival and cancers,https://purl.org/okn/frink/kg/digcfdekg/node/factor/db26037675cad0872348,Reduced tumor-free survival and cancers (trait context: Acute lymphoblastic leukemia),Acute lymphoblastic leukemia
Regulation of Adaptive Immunity,https://purl.org/okn/frink/kg/digcfdekg/node/factor/f18f3f13c559beff2e6b,Regulation of Adaptive Immunity (trait context: systemic scleroderma),systemic scleroderma
Regulation Of Carbohydrate Biosynthetic Process,https://purl.org/okn/frink/kg/digcfdekg/node/factor/3a7455433b33f5857d2e,Regulation Of Carbohydrate Biosynthetic Process (trait context: Youth-onset type 2 diabetes (T2D)),Youth-onset type 2 diabetes (T2D)
Regulation of cardiac contraction,https://purl.org/okn/frink/kg/digcfdekg/node/factor/4f8e0d2c7996ef6ec984,Regulation of cardiac contraction (trait context: Brugada syndrome),Brugada syndrome
Regulation of cardiac muscle contraction,https://purl.org/okn/frink/kg/digcfdekg/node/factor/83ad0606d333423f1126,Regulation of cardiac muscle contraction (trait context: Dilated cardiomyopathy),Dilated cardiomyopathy
Regulation of Cardiac Muscle Contraction,https://purl.org/okn/frink/kg/digcfdekg/node/factor/86ca56973dc1cfe024cb,Regulation of Cardiac Muscle Contraction (trait context: Rare cardiomyopathy),Rare cardiomyopathy
Regulation of Helper T Cells,https://purl.org/okn/frink/kg/digcfdekg/node/factor/60530a985dbbab9d6efd,Regulation of Helper T Cells (trait context: childhood onset asthma),childhood onset asthma
Regulation of insulin secretion,https://purl.org/okn/frink/kg/digcfdekg/node/factor/6b2f149894733c214e8f,Regulation of insulin secretion (trait context: Type 2 diabetes (recessive model)),Type 2 diabetes (recessive model)
Regulation of insulin secretion,https://purl.org/okn/frink/kg/digcfdekg/node/factor/fec90a6d665ef0b50074,Regulation of insulin secretion (trait context: Type 2 diabetes (T2D) adj BMI),Type 2 diabetes (T2D) adj BMI
Regulation of ion channels,https://purl.org/okn/frink/kg/digcfdekg/node/factor/8d8cbe2f465c04b8e55c,Regulation of ion channels (trait context: Brugada syndrome),Brugada syndrome
Regulation of organ morphogenesis,https://purl.org/okn/frink/kg/digcfdekg/node/factor/2bcad45612cef7c660b9,Regulation of organ morphogenesis (trait context: Intracranial aneurysm),Intracranial aneurysm
Regulation of peptide secretion,https://purl.org/okn/frink/kg/digcfdekg/node/factor/49ffd976a041a0b21303,Regulation of peptide secretion (trait context: Type 2 diabetes (T2D)),Type 2 diabetes (T2D)
Regulation of T cell activation,https://purl.org/okn/frink/kg/digcfdekg/node/factor/3b28cdf276a520105530,Regulation of T cell activation (trait context: inflammatory bowel disease),inflammatory bowel disease
Regulation of T Helper Differentiation,https://purl.org/okn/frink/kg/digcfdekg/node/factor/594d3f18bb2d7ac74b85,Regulation of T Helper Differentiation (trait context: Atopic dermatitis),Atopic dermatitis
Regulation of T helper differentiation,https://purl.org/okn/frink/kg/digcfdekg/node/factor/f8d39cf933d6abe6bffb,Regulation of T helper differentiation (trait context: psoriatic arthritis),psoriatic arthritis
regulatory signaling and lymphoid absence,https://purl.org/okn/frink/kg/digcfdekg/node/factor/d8ca4dbb9373ff9a0342,regulatory signaling and lymphoid absence (trait context: Multiple sclerosis),Multiple sclerosis
Regulatory T cell differentiation,https://purl.org/okn/frink/kg/digcfdekg/node/factor/d90cc26b0f8ceea7acd3,Regulatory T cell differentiation (trait context: Primary sclerosing cholangitis),Primary sclerosing cholangitis
Regulatory T Cell Program Signaling,https://purl.org/okn/frink/kg/digcfdekg/node/factor/343fc266d3f72c105fbc,Regulatory T Cell Program Signaling (trait context: Primary biliary cholangitis),Primary biliary cholangitis
regulatory T cell signaling,https://purl.org/okn/frink/kg/digcfdekg/node/factor/5d582193ff33a4aa8862,regulatory T cell signaling (trait context: Multiple sclerosis),Multiple sclerosis
Regulatory T Cells and DCs,https://purl.org/okn/frink/kg/digcfdekg/node/factor/5dfb1669a12470893784,Regulatory T Cells and DCs (trait context: Atopic dermatitis),Atopic dermatitis
Regulatory T cells and inflammation,https://purl.org/okn/frink/kg/digcfdekg/node/factor/c57e2a8a52ab890a3294,Regulatory T cells and inflammation (trait context: atopic eczema),atopic eczema
Regulatory T cells in inflammation,https://purl.org/okn/frink/kg/digcfdekg/node/factor/ceda6ce6c798c61e936c,Regulatory T cells in inflammation (trait context: atopic eczema),atopic eczema
Renal Carcinoma and Immune Activation,https://purl.org/okn/frink/kg/digcfdekg/node/factor/34e64714252218740678,Renal Carcinoma and Immune Activation (trait context: Interstitial lung disease),Interstitial lung disease
Renal carcinoma pathways and genes,https://purl.org/okn/frink/kg/digcfdekg/node/factor/620d250a7451344a5230,Renal carcinoma pathways and genes (trait context: Renal cell carcinoma),Renal cell carcinoma
Renal Development,https://purl.org/okn/frink/kg/digcfdekg/node/factor/9036089e9b14a6ba9770,Renal Development (trait context: Unruptured intracranial aneurysm),Unruptured intracranial aneurysm
Renal development and morphology,https://purl.org/okn/frink/kg/digcfdekg/node/factor/9c1a1918df42fc90b6cc,Renal development and morphology (trait context: Membranous nephropathy),Membranous nephropathy
Renal glomerular endothelium markers,https://purl.org/okn/frink/kg/digcfdekg/node/factor/baf20256cfab81f5b2eb,Renal glomerular endothelium markers (trait context: Primary open-angle glaucoma),Primary open-angle glaucoma
Renal vasculature and kidney development,https://purl.org/okn/frink/kg/digcfdekg/node/factor/787541a83cf6d6df9851,Renal vasculature and kidney development (trait context: Primary open-angle glaucoma),Primary open-angle glaucoma
Respiratory and digestive system development,https://purl.org/okn/frink/kg/digcfdekg/node/factor/17b67215471e8ea2142b,Respiratory and digestive system development (trait context: Chronic obstructive pulmonary disease (COPD)),Chronic obstructive pulmonary disease (COPD)
Respiratory failure and signaling genes,https://purl.org/okn/frink/kg/digcfdekg/node/factor/62c722f583dd4ef9f522,Respiratory failure and signaling genes (trait context: Carpal tunnel syndrome),Carpal tunnel syndrome
Respiratory tract development and branching,https://purl.org/okn/frink/kg/digcfdekg/node/factor/c2c75231720ec1d21f92,Respiratory tract development and branching (trait context: Chronic obstructive pulmonary disease (COPD)),Chronic obstructive pulmonary disease (COPD)
Response To Insulin,https://purl.org/okn/frink/kg/digcfdekg/node/factor/f842c455a74bf3056a2b,Response To Insulin (trait context: Type 2 diabetes with ophthalmic manifestations),Type 2 diabetes with ophthalmic manifestations
Retina and vision genes,https://purl.org/okn/frink/kg/digcfdekg/node/factor/ab0d862d28c8bbc117fb,Retina and vision genes (trait context: Retinitis pigmentosa),Retinitis pigmentosa
Retina degeneration features,https://purl.org/okn/frink/kg/digcfdekg/node/factor/ffbde7ed66b1794a965c,Retina degeneration features (trait context: Retinitis pigmentosa),Retinitis pigmentosa
Retina development and cancers,https://purl.org/okn/frink/kg/digcfdekg/node/factor/6c4a76fd3b25488fa9bf,Retina development and cancers (trait context: Familial exudative vitreoretinopathy),Familial exudative vitreoretinopathy
Retina development and morphology,https://purl.org/okn/frink/kg/digcfdekg/node/factor/9e68b87d81d25eb1e4d0,Retina development and morphology (trait context: Retinitis pigmentosa),Retinitis pigmentosa
Retina development and vascular signals,https://purl.org/okn/frink/kg/digcfdekg/node/factor/3d7de81eb77ca3e4b08b,Retina development and vascular signals (trait context: Familial exudative vitreoretinopathy),Familial exudative vitreoretinopathy
Retinal thinning and degeneration,https://purl.org/okn/frink/kg/digcfdekg/node/factor/0611d084d825d1a614b1,Retinal thinning and degeneration (trait context: Retinitis pigmentosa),Retinitis pigmentosa
Rheumatoid arthritis genes and pathways,https://purl.org/okn/frink/kg/digcfdekg/node/factor/1d78bcd422f778afb812,Rheumatoid arthritis genes and pathways (trait context: Juvenile idiopathic arthritis),Juvenile idiopathic arthritis
Riboflavin and CoQ Disorders,https://purl.org/okn/frink/kg/digcfdekg/node/factor/f13062d6cf7363599567,Riboflavin and CoQ Disorders (trait context: Rare cardiomyopathy),Rare cardiomyopathy
Ribosome assembly and SARS,https://purl.org/okn/frink/kg/digcfdekg/node/factor/d80dfe97fe6891b51725,Ribosome assembly and SARS (trait context: Rare aplastic anemia),Rare aplastic anemia
Ribosome biogenesis and assembly,https://purl.org/okn/frink/kg/digcfdekg/node/factor/71482ca76a9c64cdacac,Ribosome biogenesis and assembly (trait context: Rare aplastic anemia),Rare aplastic anemia
Right Sided Stomach Isomerism,https://purl.org/okn/frink/kg/digcfdekg/node/factor/745f5ec943a49d782669,Right Sided Stomach Isomerism (trait context: Situs inversus totalis),Situs inversus totalis
Rod photoreceptor outer segment,https://purl.org/okn/frink/kg/digcfdekg/node/factor/109aae1a0bfdb89b2a11,Rod photoreceptor outer segment (trait context: Retinitis pigmentosa),Retinitis pigmentosa
RTK signaling and craniofacial genes,https://purl.org/okn/frink/kg/digcfdekg/node/factor/d9de8c107019378c1531,RTK signaling and craniofacial genes (trait context: Glioblastoma),Glioblastoma
RTK signaling and migration genes,https://purl.org/okn/frink/kg/digcfdekg/node/factor/1f6d18264aabc6681308,RTK signaling and migration genes (trait context: Polycystic ovary syndrome; age-adjusted),Polycystic ovary syndrome; age-adjusted
RTK signaling and PI3K pathway,https://purl.org/okn/frink/kg/digcfdekg/node/factor/5991ff4d32411627427c,RTK signaling and PI3K pathway (trait context: PTEN hamartoma tumor syndrome),PTEN hamartoma tumor syndrome
RTK-Ras Pathway Signaling,https://purl.org/okn/frink/kg/digcfdekg/node/factor/1192b1741b309efaf0b5,RTK-Ras Pathway Signaling (trait context: Rare cardiomyopathy),Rare cardiomyopathy
RTK/EGFR Signaling in Cancers,https://purl.org/okn/frink/kg/digcfdekg/node/factor/c1b51f73f0198317ce9a,RTK/EGFR Signaling in Cancers (trait context: Astrocytoma),Astrocytoma
RTK/ERK signaling kinases,https://purl.org/okn/frink/kg/digcfdekg/node/factor/7c80c6cb54ef5a3b218e,RTK/ERK signaling kinases (trait context: Type 2 diabetes with ketoacidosis),Type 2 diabetes with ketoacidosis
RV morphogenesis and CHD genes,https://purl.org/okn/frink/kg/digcfdekg/node/factor/79d15162001e1f6c7f12,RV morphogenesis and CHD genes (trait context: Tetralogy of Fallot),Tetralogy of Fallot
Salivary gland T cell inflammation,https://purl.org/okn/frink/kg/digcfdekg/node/factor/c394db3c931e9b465397,Salivary gland T cell inflammation (trait context: inflammatory bowel disease),inflammatory bowel disease
Sarcolemma abnormalities and myopathy,https://purl.org/okn/frink/kg/digcfdekg/node/factor/7b7524e6de6964110f10,Sarcolemma abnormalities and myopathy (trait context: Muscular dystrophy),Muscular dystrophy
Sarcolemma and myopathy genes,https://purl.org/okn/frink/kg/digcfdekg/node/factor/74d409a5fba11b178e97,Sarcolemma and myopathy genes (trait context: Muscular dystrophy),Muscular dystrophy
Sarcomere Organization,https://purl.org/okn/frink/kg/digcfdekg/node/factor/47f602fa90954b0d27b6,Sarcomere Organization (trait context: Dilated cardiomyopathy; strict definition),Dilated cardiomyopathy; strict definition
Sarcomere organization and muscle development,https://purl.org/okn/frink/kg/digcfdekg/node/factor/c4a4fdc19ffbe6ef248d,Sarcomere organization and muscle development (trait context: Dilated cardiomyopathy; broad definition),Dilated cardiomyopathy; broad definition
Sarcomeric Cardiomyopathy Program,https://purl.org/okn/frink/kg/digcfdekg/node/factor/eff21277a1a235c3717e,Sarcomeric Cardiomyopathy Program (trait context: Dilated cardiomyopathy; strict definition),Dilated cardiomyopathy; strict definition
SARS-CoV-2 Interferon Signaling,https://purl.org/okn/frink/kg/digcfdekg/node/factor/0ae2dae676b2ef60ff7a,SARS-CoV-2 Interferon Signaling (trait context: COVID-19),COVID-19
Scapula Development,https://purl.org/okn/frink/kg/digcfdekg/node/factor/d3032b90064c5a5d2444,Scapula Development (trait context: androgenetic alopecia),androgenetic alopecia
Semaphorin signaling and migration,https://purl.org/okn/frink/kg/digcfdekg/node/factor/e2e5203fb4fdf3d06059,Semaphorin signaling and migration (trait context: Hirschsprung disease),Hirschsprung disease
Septation and laterality cardiac genes,https://purl.org/okn/frink/kg/digcfdekg/node/factor/fba4dd0f8bec1cd6765e,Septation and laterality cardiac genes (trait context: Tetralogy of Fallot),Tetralogy of Fallot
Septation and trabeculae development genes,https://purl.org/okn/frink/kg/digcfdekg/node/factor/310e0434c955556385f9,Septation and trabeculae development genes (trait context: Tetralogy of Fallot),Tetralogy of Fallot
Serum translation response and cells,https://purl.org/okn/frink/kg/digcfdekg/node/factor/a686c6e7f2520ef185cf,Serum translation response and cells (trait context: Rare aplastic anemia),Rare aplastic anemia
Situs Inversus,https://purl.org/okn/frink/kg/digcfdekg/node/factor/68026d40262c21bb1dff,Situs Inversus (trait context: Situs inversus totalis),Situs inversus totalis
Sjogren's inflammation and T cells,https://purl.org/okn/frink/kg/digcfdekg/node/factor/8767c7bf8249f4e4612f,Sjogren's inflammation and T cells (trait context: atopic eczema),atopic eczema
Skeletal and cardiac degeneration genes,https://purl.org/okn/frink/kg/digcfdekg/node/factor/98c83d26ad8b6b4c8811,Skeletal and cardiac degeneration genes (trait context: Dilated cardiomyopathy),Dilated cardiomyopathy
Skeletal and cardiac development genes,https://purl.org/okn/frink/kg/digcfdekg/node/factor/aeec514755198ce89631,Skeletal and cardiac development genes (trait context: Chronic obstructive pulmonary disease (COPD)),Chronic obstructive pulmonary disease (COPD)
Skeletal and cardiac morphogenesis signaling,https://purl.org/okn/frink/kg/digcfdekg/node/factor/a5911674caa5dfb34d6c,Skeletal and cardiac morphogenesis signaling (trait context: open-angle glaucoma),open-angle glaucoma
Skeletal and hair development genes,https://purl.org/okn/frink/kg/digcfdekg/node/factor/f3f1ad35f910fc75fdda,Skeletal and hair development genes (trait context: Any cancer (heterodominant model)),Any cancer (heterodominant model)
Skeletal Development,https://purl.org/okn/frink/kg/digcfdekg/node/factor/8c171f7a8adffe4b15cb,Skeletal Development (trait context: Proliferative diabetic retinopathy (PDR) vs no PDR acct DoD-GC),Proliferative diabetic retinopathy (PDR) vs no PDR acct DoD-GC
Skeletal Development and Chondrocyte Hypertrophy,https://purl.org/okn/frink/kg/digcfdekg/node/factor/a9992b48a49bf5c91ca7,Skeletal Development and Chondrocyte Hypertrophy (trait context: Breast cancer),Breast cancer
Skeletal development and ossification,https://purl.org/okn/frink/kg/digcfdekg/node/factor/806f83fc681244276c69,Skeletal development and ossification (trait context: Type 2 diabetes with ketoacidosis),Type 2 diabetes with ketoacidosis
Skeletal development and receptors,https://purl.org/okn/frink/kg/digcfdekg/node/factor/402bb96b2e503389cfe2,Skeletal development and receptors (trait context: Carpal tunnel syndrome),Carpal tunnel syndrome
Skeletal growth and bone abnormalities,https://purl.org/okn/frink/kg/digcfdekg/node/factor/55a7620e47687312273e,Skeletal growth and bone abnormalities (trait context: Type 2 diabetes (additive model)),Type 2 diabetes (additive model)
Skeletal morphologies and development,https://purl.org/okn/frink/kg/digcfdekg/node/factor/8d5ae27d12465bcfe9f9,Skeletal morphologies and development (trait context: Carpal tunnel syndrome),Carpal tunnel syndrome
Skeletal morphology and BMP signaling,https://purl.org/okn/frink/kg/digcfdekg/node/factor/6a739635c50ba16309a6,Skeletal morphology and BMP signaling (trait context: Carpal tunnel syndrome),Carpal tunnel syndrome
Skeletal muscle and NK cells,https://purl.org/okn/frink/kg/digcfdekg/node/factor/c7851ec7c4c885d29f22,Skeletal muscle and NK cells (trait context: Rare aplastic anemia),Rare aplastic anemia
Skeletal muscle and ovarian cells,https://purl.org/okn/frink/kg/digcfdekg/node/factor/0367a357711bd7ee448b,Skeletal muscle and ovarian cells (trait context: Rare aplastic anemia),Rare aplastic anemia
Skeletal muscle morphology abnormalities,https://purl.org/okn/frink/kg/digcfdekg/node/factor/55ecf898f763ecc76830,Skeletal muscle morphology abnormalities (trait context: Dilated cardiomyopathy; broad definition),Dilated cardiomyopathy; broad definition
Skeletal muscle up-regulated genes,https://purl.org/okn/frink/kg/digcfdekg/node/factor/624b422a56097fd32780,Skeletal muscle up-regulated genes (trait context: Dilated cardiomyopathy),Dilated cardiomyopathy
SLE autoantibodies and nephritis,https://purl.org/okn/frink/kg/digcfdekg/node/factor/7e7ab250806e4a0f6254,SLE autoantibodies and nephritis (trait context: Systemic lupus erythematosus),Systemic lupus erythematosus
SLE risk with autoimmunity markers,https://purl.org/okn/frink/kg/digcfdekg/node/factor/e510c914b2bd8dae2dfe,SLE risk with autoimmunity markers (trait context: Systemic lupus erythematosus),Systemic lupus erythematosus
SLE with B cell activation,https://purl.org/okn/frink/kg/digcfdekg/node/factor/b66859f21a1db788ce2d,SLE with B cell activation (trait context: systemic lupus erythematosus),systemic lupus erythematosus
SLE with memory T cells,https://purl.org/okn/frink/kg/digcfdekg/node/factor/42a416a4e6261818051e,SLE with memory T cells (trait context: systemic lupus erythematosus),systemic lupus erythematosus
SMAD signaling and miRNA regulation,https://purl.org/okn/frink/kg/digcfdekg/node/factor/5d7b04d3395de5513cce,SMAD signaling and miRNA regulation (trait context: Primary open-angle glaucoma),Primary open-angle glaucoma
Small islets and insulin impairment,https://purl.org/okn/frink/kg/digcfdekg/node/factor/24ea445dbb03e57dc9ef,Small islets and insulin impairment (trait context: Type 2 diabetes (T2D) adj BMI),Type 2 diabetes (T2D) adj BMI
SMARCB1 Tumor Suppressor Network,https://purl.org/okn/frink/kg/digcfdekg/node/factor/7191298b385699f73040,SMARCB1 Tumor Suppressor Network (trait context: Meningioma),Meningioma
Sodium and calcium channels,https://purl.org/okn/frink/kg/digcfdekg/node/factor/a3c6ee1db0058b6eda9e,Sodium and calcium channels (trait context: Brugada syndrome),Brugada syndrome
Sodium and potassium transport regulation,https://purl.org/okn/frink/kg/digcfdekg/node/factor/735c941095e38bd58121,Sodium and potassium transport regulation (trait context: Brugada syndrome),Brugada syndrome
Sodium channel complex and transport,https://purl.org/okn/frink/kg/digcfdekg/node/factor/4c17376978640f102691,Sodium channel complex and transport (trait context: Brugada syndrome),Brugada syndrome
Sodium channel depolarization and conduction,https://purl.org/okn/frink/kg/digcfdekg/node/factor/ba9d46a28366d3a0b30d,Sodium channel depolarization and conduction (trait context: Brugada syndrome),Brugada syndrome
Sodium channel regulation,https://purl.org/okn/frink/kg/digcfdekg/node/factor/33df65107e73a6ed8221,Sodium channel regulation (trait context: Brugada syndrome),Brugada syndrome
Somite formation and limb defects,https://purl.org/okn/frink/kg/digcfdekg/node/factor/bbce0fa19408ad521257,Somite formation and limb defects (trait context: Oligodontia),Oligodontia
Spasticity with autophagy impairment,https://purl.org/okn/frink/kg/digcfdekg/node/factor/257a19207f13d8e090e6,Spasticity with autophagy impairment (trait context: Hereditary spastic paraplegia),Hereditary spastic paraplegia
Sphingolipid Metabolism and Ceramide,https://purl.org/okn/frink/kg/digcfdekg/node/factor/79effa65f9c54852f765,Sphingolipid Metabolism and Ceramide (trait context: Disorder of lipid metabolism),Disorder of lipid metabolism
Spleen absence and immune traits,https://purl.org/okn/frink/kg/digcfdekg/node/factor/1d0cefd1394d8e09f252,Spleen absence and immune traits (trait context: primary biliary cirrhosis),primary biliary cirrhosis
Spleen and B cell alterations,https://purl.org/okn/frink/kg/digcfdekg/node/factor/f718934dbf9d8c9ac8b0,Spleen and B cell alterations (trait context: inflammatory bowel disease),inflammatory bowel disease
Spleen and erythrocyte markers,https://purl.org/okn/frink/kg/digcfdekg/node/factor/5ec183b740b1405bc9b0,Spleen and erythrocyte markers (trait context: Porphyria),Porphyria
Spleen changes; leukemia and genes,https://purl.org/okn/frink/kg/digcfdekg/node/factor/f425969458f57dabf3c0,Spleen changes; leukemia and genes (trait context: Precursor B-cell acute lymphoblastic leukemia),Precursor B-cell acute lymphoblastic leukemia
Spleen morphology and lymphoid genes,https://purl.org/okn/frink/kg/digcfdekg/node/factor/03fe6f256a15967a98ef,Spleen morphology and lymphoid genes (trait context: Precursor B-cell acute lymphoblastic leukemia),Precursor B-cell acute lymphoblastic leukemia
Spliceosome components,https://purl.org/okn/frink/kg/digcfdekg/node/factor/cb1652f04621164f264f,Spliceosome components (trait context: Retinitis pigmentosa),Retinitis pigmentosa
Spliceosome-related retinal degeneration,https://purl.org/okn/frink/kg/digcfdekg/node/factor/97e4c78455f64edb27ab,Spliceosome-related retinal degeneration (trait context: Retinitis pigmentosa),Retinitis pigmentosa
STAT5 signaling with IRF4 IKZF4,https://purl.org/okn/frink/kg/digcfdekg/node/factor/9ad3ff806278fad43a6d,STAT5 signaling with IRF4 IKZF4 (trait context: Childhood-onset asthma),Childhood-onset asthma
Statin Cholesterol Production and Transport,https://purl.org/okn/frink/kg/digcfdekg/node/factor/7506dc8a189265b07cfc,Statin Cholesterol Production and Transport (trait context: Disorder of lipid metabolism),Disorder of lipid metabolism
Stem cell and mesenchymal differentiation,https://purl.org/okn/frink/kg/digcfdekg/node/factor/e069ecc19f455e8368c2,Stem cell and mesenchymal differentiation (trait context: Hirschsprung disease),Hirschsprung disease
Stem cell and neural guidance,https://purl.org/okn/frink/kg/digcfdekg/node/factor/739d357dc8fb260af5eb,Stem cell and neural guidance (trait context: Hyperaldosteronism),Hyperaldosteronism
Stem cell proliferation and development,https://purl.org/okn/frink/kg/digcfdekg/node/factor/3545743d1ed1f3a3f993,Stem cell proliferation and development (trait context: Primary open-angle glaucoma),Primary open-angle glaucoma
Steroid hormone biosynthesis and metabolism,https://purl.org/okn/frink/kg/digcfdekg/node/factor/66bd6166844f6441ad75,Steroid hormone biosynthesis and metabolism (trait context: Congenital adrenal hyperplasia),Congenital adrenal hyperplasia
Steroid metabolism and androgen synthesis,https://purl.org/okn/frink/kg/digcfdekg/node/factor/0ec8750f36ef5fb1c3da,Steroid metabolism and androgen synthesis (trait context: Congenital adrenal hyperplasia),Congenital adrenal hyperplasia
Sterol and Triglyceride Metabolism,https://purl.org/okn/frink/kg/digcfdekg/node/factor/01485447a2fd3517c308,Sterol and Triglyceride Metabolism (trait context: Disorder of lipid metabolism),Disorder of lipid metabolism
Sterol Transport and Lipoprotein Assembly,https://purl.org/okn/frink/kg/digcfdekg/node/factor/85822a0a45b9fd8ea623,Sterol Transport and Lipoprotein Assembly (trait context: Disorder of lipid metabolism),Disorder of lipid metabolism
STK17A and MAP3K14 coexpression,https://purl.org/okn/frink/kg/digcfdekg/node/factor/2c42d13984633b434985,STK17A and MAP3K14 coexpression (trait context: Systemic lupus erythematosus (SLE)),Systemic lupus erythematosus (SLE)
Striated Muscle and Heart Development,https://purl.org/okn/frink/kg/digcfdekg/node/factor/6d3277ba0edb7eaf2c05,Striated Muscle and Heart Development (trait context: Severe insulin-resistant type 2 diabetes),Severe insulin-resistant type 2 diabetes
Sulfatase Activity,https://purl.org/okn/frink/kg/digcfdekg/node/factor/60201ccae8e544a15b22,Sulfatase Activity (trait context: Lysosomal disease),Lysosomal disease
Synaptic organization proteins,https://purl.org/okn/frink/kg/digcfdekg/node/factor/cdaf16d9188198ff84a8,Synaptic organization proteins (trait context: major depressive disorder),major depressive disorder
Synaptic plasticity and cognition,https://purl.org/okn/frink/kg/digcfdekg/node/factor/ef58f281099f3d9de0b9,Synaptic plasticity and cognition (trait context: Gastroesophageal reflux disease (GERD)),Gastroesophageal reflux disease (GERD)
Synaptic Signaling Program,https://purl.org/okn/frink/kg/digcfdekg/node/factor/9f333cfebcf6b7085dc8,Synaptic Signaling Program (trait context: Acute lymphoblastic leukemia),Acute lymphoblastic leukemia
Systemic lupus and complement genes,https://purl.org/okn/frink/kg/digcfdekg/node/factor/44a2d69e981e8c056742,Systemic lupus and complement genes (trait context: Systemic lupus erythematosus),Systemic lupus erythematosus
Systemic lupus and transplant genes,https://purl.org/okn/frink/kg/digcfdekg/node/factor/a5702e46343eb668439e,Systemic lupus and transplant genes (trait context: Systemic lupus erythematosus),Systemic lupus erythematosus
Systemic lupus erythematosus markers,https://purl.org/okn/frink/kg/digcfdekg/node/factor/5f7d890680e8539a790e,Systemic lupus erythematosus markers (trait context: Systemic lupus erythematosus (SLE)),Systemic lupus erythematosus (SLE)
Systemic Lupus Erythematosus Signals,https://purl.org/okn/frink/kg/digcfdekg/node/factor/993c693f88e4e2c8b922,Systemic Lupus Erythematosus Signals (trait context: childhood onset asthma),childhood onset asthma
Systemic lupus markers and antibodies,https://purl.org/okn/frink/kg/digcfdekg/node/factor/34dec409bc8be1446b58,Systemic lupus markers and antibodies (trait context: Psoriasis),Psoriasis
Systemic lupus susceptibility and antibodies,https://purl.org/okn/frink/kg/digcfdekg/node/factor/90a608a081c1ab27ae6d,Systemic lupus susceptibility and antibodies (trait context: inflammatory bowel disease),inflammatory bowel disease
Systemic lupus with autoantibodies,https://purl.org/okn/frink/kg/digcfdekg/node/factor/eba7011d38495572d379,Systemic lupus with autoantibodies (trait context: Inflammatory bowel disease (IBD)),Inflammatory bowel disease (IBD)
T and B cell signaling,https://purl.org/okn/frink/kg/digcfdekg/node/factor/65aece23c94be1d9db1d,T and B cell signaling (trait context: Multiple sclerosis),Multiple sclerosis
T and B cell signaling,https://purl.org/okn/frink/kg/digcfdekg/node/factor/cf115c82aa6671eb42ed,T and B cell signaling (trait context: Psoriasis),Psoriasis
T and NK Cell Dysfunctions,https://purl.org/okn/frink/kg/digcfdekg/node/factor/31a4a6ab2147c83335f1,T and NK Cell Dysfunctions (trait context: childhood onset asthma),childhood onset asthma
T Cell Activation,https://purl.org/okn/frink/kg/digcfdekg/node/factor/47acc9a3c5a5bbab3046,T Cell Activation (trait context: leprosy),leprosy
T cell activation and autoimmunity,https://purl.org/okn/frink/kg/digcfdekg/node/factor/c38df6ee5cfb237efca5,T cell activation and autoimmunity (trait context: Lymphoma),Lymphoma
T cell activation and cytokines,https://purl.org/okn/frink/kg/digcfdekg/node/factor/abaea608b00f8f99a96f,T cell activation and cytokines (trait context: Takayasu arteritis),Takayasu arteritis
T cell activation and differentiation,https://purl.org/okn/frink/kg/digcfdekg/node/factor/1827d405ee5dc6b99256,T cell activation and differentiation (trait context: atopic eczema),atopic eczema
T cell activation and differentiation,https://purl.org/okn/frink/kg/digcfdekg/node/factor/ba678e0520238ab0beb0,T cell activation and differentiation (trait context: Lymphoma),Lymphoma
T cell activation and differentiation,https://purl.org/okn/frink/kg/digcfdekg/node/factor/9bf0a765db9f0e5ef43a,T cell activation and differentiation (trait context: Narcolepsy),Narcolepsy
T cell activation and differentiation,https://purl.org/okn/frink/kg/digcfdekg/node/factor/e954cb8764de82c799e2,T cell activation and differentiation (trait context: psoriasis),psoriasis
T cell activation and differentiation,https://purl.org/okn/frink/kg/digcfdekg/node/factor/f71e9c34ec7b61d12a9b,T cell activation and differentiation (trait context: Psoriasis),Psoriasis
T cell activation and hyperplasia,https://purl.org/okn/frink/kg/digcfdekg/node/factor/af99a4d8376603c7beb2,T cell activation and hyperplasia (trait context: atopic eczema),atopic eczema
T cell activation and NF-kB,https://purl.org/okn/frink/kg/digcfdekg/node/factor/f3d50f1d3e3de41de7e5,T cell activation and NF-kB (trait context: Multiple sclerosis),Multiple sclerosis
T cell activation and regulation,https://purl.org/okn/frink/kg/digcfdekg/node/factor/21139d59c89362df0ee9,T cell activation and regulation (trait context: allergic disease),allergic disease
T cell activation and signaling,https://purl.org/okn/frink/kg/digcfdekg/node/factor/382e00df638a3f5b0ad0,T cell activation and signaling (trait context: primary biliary cirrhosis),primary biliary cirrhosis
T Cell Activation Regulation,https://purl.org/okn/frink/kg/digcfdekg/node/factor/a1ba8e3b37d140da4cc1,T Cell Activation Regulation (trait context: Atopic dermatitis),Atopic dermatitis
T cell activation with IFN-γ,https://purl.org/okn/frink/kg/digcfdekg/node/factor/76c997969613bc5d12d7,T cell activation with IFN-γ (trait context: Primary sclerosing cholangitis),Primary sclerosing cholangitis
T cell and antibody dysregulation,https://purl.org/okn/frink/kg/digcfdekg/node/factor/959fa87da0afa0db46e0,T cell and antibody dysregulation (trait context: Systemic lupus erythematosus),Systemic lupus erythematosus
T cell and hematopoiesis genes,https://purl.org/okn/frink/kg/digcfdekg/node/factor/46aa8e4603351bd6890e,T cell and hematopoiesis genes (trait context: Precursor B-cell acute lymphoblastic leukemia),Precursor B-cell acute lymphoblastic leukemia
T cell costimulation and CTLA4,https://purl.org/okn/frink/kg/digcfdekg/node/factor/36e96e35d8bdfba84c35,T cell costimulation and CTLA4 (trait context: Systemic lupus erythematosus (SLE)),Systemic lupus erythematosus (SLE)
T cell costimulation and rejection,https://purl.org/okn/frink/kg/digcfdekg/node/factor/9318a3ec4ee353437f15,T cell costimulation and rejection (trait context: Psoriasis),Psoriasis
T cell cytokine signaling,https://purl.org/okn/frink/kg/digcfdekg/node/factor/752bb3773ea312152692,T cell cytokine signaling (trait context: Inflammatory bowel disease (IBD)),Inflammatory bowel disease (IBD)
T cell cytotoxicity and cytokines,https://purl.org/okn/frink/kg/digcfdekg/node/factor/d80e3fc9e3f785cb8c08,T cell cytotoxicity and cytokines (trait context: ankylosing spondylitis),ankylosing spondylitis
T Cell Development and Differentiation,https://purl.org/okn/frink/kg/digcfdekg/node/factor/b7cf9ba1a0f4c67a67d0,T Cell Development and Differentiation (trait context: Atopic dermatitis),Atopic dermatitis
T cell development and differentiation,https://purl.org/okn/frink/kg/digcfdekg/node/factor/b4c20ea4707b07859a3c,T cell development and differentiation (trait context: atopic eczema),atopic eczema
T cell development and migration,https://purl.org/okn/frink/kg/digcfdekg/node/factor/b7af97828772c4f37c7b,T cell development and migration (trait context: Childhood-onset asthma),Childhood-onset asthma
T cell development and TFs,https://purl.org/okn/frink/kg/digcfdekg/node/factor/26f3ed4592e332c3d682,T cell development and TFs (trait context: Non-Hodgkin's lymphoma),Non-Hodgkin's lymphoma
T Cell Differentiation Abnormalities,https://purl.org/okn/frink/kg/digcfdekg/node/factor/b4b2b84be0c46a34763e,T Cell Differentiation Abnormalities (trait context: childhood onset asthma),childhood onset asthma
T cell differentiation abnormalities,https://purl.org/okn/frink/kg/digcfdekg/node/factor/0a001b86cbf31055182e,T cell differentiation abnormalities (trait context: IgA nephropathy (IgAN)),IgA nephropathy (IgAN)
T cell differentiation abnormalities,https://purl.org/okn/frink/kg/digcfdekg/node/factor/aca29c331b8209093235,T cell differentiation abnormalities (trait context: Systemic lupus erythematosus (SLE)),Systemic lupus erythematosus (SLE)
T cell differentiation and activation,https://purl.org/okn/frink/kg/digcfdekg/node/factor/032e87429b4009dd477e,T cell differentiation and activation (trait context: ankylosing spondylitis),ankylosing spondylitis
T Cell Differentiation and Activation,https://purl.org/okn/frink/kg/digcfdekg/node/factor/2896724726897b6919df,T Cell Differentiation and Activation (trait context: childhood onset asthma),childhood onset asthma
T cell differentiation and activation,https://purl.org/okn/frink/kg/digcfdekg/node/factor/5796047d5a6019dbc060,T cell differentiation and activation (trait context: Childhood-onset asthma),Childhood-onset asthma
T cell differentiation and activation,https://purl.org/okn/frink/kg/digcfdekg/node/factor/c4457843bb96c3a5ba71,T cell differentiation and activation (trait context: Systemic lupus erythematosus (SLE)),Systemic lupus erythematosus (SLE)
T cell differentiation and apoptosis,https://purl.org/okn/frink/kg/digcfdekg/node/factor/48b6448f5739d11e9d46,T cell differentiation and apoptosis (trait context: Type 1 diabetes (T1D)),Type 1 diabetes (T1D)
T cell differentiation and markers,https://purl.org/okn/frink/kg/digcfdekg/node/factor/ccf9bb5f04dba53adb3b,T cell differentiation and markers (trait context: Non-Hodgkin's lymphoma),Non-Hodgkin's lymphoma
T cell differentiation and signaling,https://purl.org/okn/frink/kg/digcfdekg/node/factor/6b6b74ec502dd5fa5d59,T cell differentiation and signaling (trait context: autoimmune disease),autoimmune disease
T cell differentiation and thymocytes,https://purl.org/okn/frink/kg/digcfdekg/node/factor/e945dd4281ad0932b422,T cell differentiation and thymocytes (trait context: Childhood-onset asthma),Childhood-onset asthma
T cell differentiation defects,https://purl.org/okn/frink/kg/digcfdekg/node/factor/ccf81a23c82dd5c747ca,T cell differentiation defects (trait context: allergic disease),allergic disease
T cell differentiation defects,https://purl.org/okn/frink/kg/digcfdekg/node/factor/e9fc938d0c585ab3c54b,T cell differentiation defects (trait context: Inflammatory bowel disease (IBD)),Inflammatory bowel disease (IBD)
T cell differentiation in thymus,https://purl.org/okn/frink/kg/digcfdekg/node/factor/47785d75c8ec32479216,T cell differentiation in thymus (trait context: Inflammatory bowel disease (IBD)),Inflammatory bowel disease (IBD)
T cell differentiation pathways,https://purl.org/okn/frink/kg/digcfdekg/node/factor/f3213db15432da7ed46c,T cell differentiation pathways (trait context: allergic disease),allergic disease
T cell differentiation regulators,https://purl.org/okn/frink/kg/digcfdekg/node/factor/0790969b48940d749c9e,T cell differentiation regulators (trait context: allergic disease),allergic disease
T cell differentiation regulators,https://purl.org/okn/frink/kg/digcfdekg/node/factor/99a1156e3b2c12ab5da9,T cell differentiation regulators (trait context: Psoriasis),Psoriasis
T cell dysfunction and activation,https://purl.org/okn/frink/kg/digcfdekg/node/factor/b62e9c0434c91ea67018,T cell dysfunction and activation (trait context: allergic disease),allergic disease
T cell lymphoma and hematopoietic,https://purl.org/okn/frink/kg/digcfdekg/node/factor/e7067d015a2257399f88,T cell lymphoma and hematopoietic (trait context: Precursor B-cell acute lymphoblastic leukemia),Precursor B-cell acute lymphoblastic leukemia
T Cell Mediated Immunity Regulation,https://purl.org/okn/frink/kg/digcfdekg/node/factor/daf8acfe95488f154c3d,T Cell Mediated Immunity Regulation (trait context: leprosy),leprosy
T cell modulation and tolerance,https://purl.org/okn/frink/kg/digcfdekg/node/factor/2b62ca15370ece5598f6,T cell modulation and tolerance (trait context: Vasculitis),Vasculitis
T Cell Morphology Abnormalities,https://purl.org/okn/frink/kg/digcfdekg/node/factor/d8d7a7cc90b0e8277f4a,T Cell Morphology Abnormalities (trait context: childhood onset asthma),childhood onset asthma
T cell numbers and differentiation,https://purl.org/okn/frink/kg/digcfdekg/node/factor/d5acfa9287af53e11a95,T cell numbers and differentiation (trait context: type 1 diabetes mellitus),type 1 diabetes mellitus
T cell physiology and regulation,https://purl.org/okn/frink/kg/digcfdekg/node/factor/5274b96bc333552d29d8,T cell physiology and regulation (trait context: Primary sclerosing cholangitis),Primary sclerosing cholangitis
T Cell Proliferation and Activation,https://purl.org/okn/frink/kg/digcfdekg/node/factor/6406bc85a3c8e026d4b9,T Cell Proliferation and Activation (trait context: childhood onset asthma),childhood onset asthma
T cell proliferation and activation,https://purl.org/okn/frink/kg/digcfdekg/node/factor/ee8c890823cff20dde91,T cell proliferation and activation (trait context: Psoriasis),Psoriasis
T Cell Proliferation and Adhesion,https://purl.org/okn/frink/kg/digcfdekg/node/factor/c5544ce6fdf692d8a389,T Cell Proliferation and Adhesion (trait context: Primary biliary cholangitis),Primary biliary cholangitis
T cell proliferation and selection,https://purl.org/okn/frink/kg/digcfdekg/node/factor/26a6c73373ed566fd715,T cell proliferation and selection (trait context: inflammatory bowel disease),inflammatory bowel disease
T cell proliferation signaling,https://purl.org/okn/frink/kg/digcfdekg/node/factor/758efb548dced27d3236,T cell proliferation signaling (trait context: allergic disease),allergic disease
T Cell Receptor Signaling,https://purl.org/okn/frink/kg/digcfdekg/node/factor/4bac47d6c5dec45d2fe7,T Cell Receptor Signaling (trait context: Primary biliary cholangitis),Primary biliary cholangitis
T cell receptor signaling abnormalities,https://purl.org/okn/frink/kg/digcfdekg/node/factor/60c484c3633d4cc7baf8,T cell receptor signaling abnormalities (trait context: multiple sclerosis),multiple sclerosis
T cell receptor signaling genes,https://purl.org/okn/frink/kg/digcfdekg/node/factor/f421a990de4f22861337,T cell receptor signaling genes (trait context: IgA nephropathy (IgAN)),IgA nephropathy (IgAN)
T Cell Signaling,https://purl.org/okn/frink/kg/digcfdekg/node/factor/758f475b33afe8fcd564,T Cell Signaling (trait context: Systemic sclerosis),Systemic sclerosis
T cell signaling and proliferation,https://purl.org/okn/frink/kg/digcfdekg/node/factor/47c673cc44ab27f03a13,T cell signaling and proliferation (trait context: inflammatory bowel disease),inflammatory bowel disease
T cell subsets and selection,https://purl.org/okn/frink/kg/digcfdekg/node/factor/dd1f24fb1daab6b1c7d2,T cell subsets and selection (trait context: Lymphoma),Lymphoma
T cells and autoimmunity markers,https://purl.org/okn/frink/kg/digcfdekg/node/factor/a39ea606f21443cee80b,T cells and autoimmunity markers (trait context: allergic disease),allergic disease
T Helper 17 Response,https://purl.org/okn/frink/kg/digcfdekg/node/factor/762a77fddceba3796470,T Helper 17 Response (trait context: psoriasis vulgaris),psoriasis vulgaris
T helper differentiation and activation,https://purl.org/okn/frink/kg/digcfdekg/node/factor/a4568c0386ebca0e467e,T helper differentiation and activation (trait context: multiple sclerosis),multiple sclerosis
T helper differentiation and signaling,https://purl.org/okn/frink/kg/digcfdekg/node/factor/0c995ea920558c2ef55c,T helper differentiation and signaling (trait context: Type 1 diabetes (T1D)),Type 1 diabetes (T1D)
T Helper Differentiation Regulation,https://purl.org/okn/frink/kg/digcfdekg/node/factor/e12515bfa990ae867957,T Helper Differentiation Regulation (trait context: Atopic dermatitis),Atopic dermatitis
T helper differentiation regulation,https://purl.org/okn/frink/kg/digcfdekg/node/factor/f7f343f9088e42a5990a,T helper differentiation regulation (trait context: Inflammatory bowel disease (IBD)),Inflammatory bowel disease (IBD)
T-cell selective chemokine receptor expression,https://purl.org/okn/frink/kg/digcfdekg/node/factor/c694b770b9f40d8961ae,T-cell selective chemokine receptor expression (trait context: Behcet's syndrome),Behcet's syndrome
Tail and craniofacial development defects,https://purl.org/okn/frink/kg/digcfdekg/node/factor/0ae5e98a762e5f672d0b,Tail and craniofacial development defects (trait context: Neural tube defect),Neural tube defect
Tail and vertebral development defects,https://purl.org/okn/frink/kg/digcfdekg/node/factor/106865cf7935def779ef,Tail and vertebral development defects (trait context: Neural tube defect),Neural tube defect
TCA Cycle and Related Metabolism,https://purl.org/okn/frink/kg/digcfdekg/node/factor/c0cd392df82f10ec6e3e,TCA Cycle and Related Metabolism (trait context: Organic aciduria),Organic aciduria
TCR and BCR signaling,https://purl.org/okn/frink/kg/digcfdekg/node/factor/12cfd4ab2baba545e02c,TCR and BCR signaling (trait context: Systemic lupus erythematosus (SLE)),Systemic lupus erythematosus (SLE)
TCR signaling and activation,https://purl.org/okn/frink/kg/digcfdekg/node/factor/229ddc1b9e0f938ed33c,TCR signaling and activation (trait context: Inflammatory bowel disease (IBD)),Inflammatory bowel disease (IBD)
TCR signaling and activation,https://purl.org/okn/frink/kg/digcfdekg/node/factor/ac5b6b83c09fb3faf74f,TCR signaling and activation (trait context: Multiple sclerosis),Multiple sclerosis
TCR signaling and activation modulators,https://purl.org/okn/frink/kg/digcfdekg/node/factor/3deb617513146b041058,TCR signaling and activation modulators (trait context: Type 1 diabetes (T1D)),Type 1 diabetes (T1D)
TCR signaling and thymocyte activation,https://purl.org/okn/frink/kg/digcfdekg/node/factor/522e8dc8bfd10c36f158,TCR signaling and thymocyte activation (trait context: allergic disease),allergic disease
TCR signaling in infections,https://purl.org/okn/frink/kg/digcfdekg/node/factor/cc4febd31f56b0cca75e,TCR signaling in infections (trait context: atopic eczema),atopic eczema
Telomere Biology and DNA Repair,https://purl.org/okn/frink/kg/digcfdekg/node/factor/f0ddd42a1b2d3499e870,Telomere Biology and DNA Repair (trait context: Familial melanoma),Familial melanoma
Telomere Length and Cancer Pathways,https://purl.org/okn/frink/kg/digcfdekg/node/factor/a5a85cd2421195ad1b8b,Telomere Length and Cancer Pathways (trait context: Familial melanoma),Familial melanoma
Telomere maintenance and enzymes,https://purl.org/okn/frink/kg/digcfdekg/node/factor/c4f92d9ca96de592c1fb,Telomere maintenance and enzymes (trait context: Rare aplastic anemia),Rare aplastic anemia
Telomere maintenance and repair,https://purl.org/okn/frink/kg/digcfdekg/node/factor/aff010e4a739b3f9d21e,Telomere maintenance and repair (trait context: Rare aplastic anemia),Rare aplastic anemia
Tetralogy and septum morphogenesis genes,https://purl.org/okn/frink/kg/digcfdekg/node/factor/c94d37235c3504b4457c,Tetralogy and septum morphogenesis genes (trait context: Tetralogy of Fallot),Tetralogy of Fallot
TGF Beta Signaling,https://purl.org/okn/frink/kg/digcfdekg/node/factor/139068926ec272b9020e,TGF Beta Signaling (trait context: colorectal cancer),colorectal cancer
TGF Beta Signaling and Differentiation,https://purl.org/okn/frink/kg/digcfdekg/node/factor/b77e18e98f25146a81a4,TGF Beta Signaling and Differentiation (trait context: colorectal cancer),colorectal cancer
TGF-beta signaling and angiogenesis,https://purl.org/okn/frink/kg/digcfdekg/node/factor/9712cfc369cd42bb9be5,TGF-beta signaling and angiogenesis (trait context: Hyperaldosteronism),Hyperaldosteronism
TGF-beta signaling and SMADs,https://purl.org/okn/frink/kg/digcfdekg/node/factor/50f9d37dee5b581ec574,TGF-beta signaling and SMADs (trait context: Carpal tunnel syndrome),Carpal tunnel syndrome
TGFB pathway upregulated genes,https://purl.org/okn/frink/kg/digcfdekg/node/factor/5eb6187c715e0cfee8ca,TGFB pathway upregulated genes (trait context: Hyperaldosteronism),Hyperaldosteronism
TGFB signaling in cancers,https://purl.org/okn/frink/kg/digcfdekg/node/factor/208d4be36d17759ffb76,TGFB signaling in cancers (trait context: Lynch syndrome),Lynch syndrome
TGFB1/SMADs and cancer pathways,https://purl.org/okn/frink/kg/digcfdekg/node/factor/d6bbb288180cc9f57028,TGFB1/SMADs and cancer pathways (trait context: Childhood-onset asthma),Childhood-onset asthma
TGFβ Signaling and Mesonephros,https://purl.org/okn/frink/kg/digcfdekg/node/factor/ebeedfbd6ebf6746ac3e,TGFβ Signaling and Mesonephros (trait context: colorectal cancer),colorectal cancer
Th1 allograft tolerance and ILs,https://purl.org/okn/frink/kg/digcfdekg/node/factor/31d968ec646635e244cd,Th1 allograft tolerance and ILs (trait context: primary biliary cirrhosis),primary biliary cirrhosis
TH1 differentiation and cytotoxic activation,https://purl.org/okn/frink/kg/digcfdekg/node/factor/b32990e92634d250a723,TH1 differentiation and cytotoxic activation (trait context: Vasculitis),Vasculitis
Th1 physiology and IL-12,https://purl.org/okn/frink/kg/digcfdekg/node/factor/8ce3b948ca60c61c3166,Th1 physiology and IL-12 (trait context: primary biliary cirrhosis),primary biliary cirrhosis
Th1/Th2 and IL-12 signaling,https://purl.org/okn/frink/kg/digcfdekg/node/factor/2623e0c49132c92657fa,Th1/Th2 and IL-12 signaling (trait context: psoriasis),psoriasis
Th1/Th2 and immune signaling,https://purl.org/okn/frink/kg/digcfdekg/node/factor/7fed856d6d33f0b209e9,Th1/Th2 and immune signaling (trait context: Psoriasis),Psoriasis
Th1/Th2 and T Cell Activation,https://purl.org/okn/frink/kg/digcfdekg/node/factor/cbb1f524129a4edc63ac,Th1/Th2 and T Cell Activation (trait context: Atopic dermatitis),Atopic dermatitis
Th1/Th2 balance and tolerance,https://purl.org/okn/frink/kg/digcfdekg/node/factor/f62e33cefe95954167b9,Th1/Th2 balance and tolerance (trait context: Vasculitis),Vasculitis
Th1/Th2 Cytokine Signaling,https://purl.org/okn/frink/kg/digcfdekg/node/factor/26312410a25a38a83265,Th1/Th2 Cytokine Signaling (trait context: Primary biliary cholangitis),Primary biliary cholangitis
TH1/TH2 T cell pathway,https://purl.org/okn/frink/kg/digcfdekg/node/factor/ac4ed62e0cee86741c05,TH1/TH2 T cell pathway (trait context: multiple sclerosis),multiple sclerosis
Th17 Differentiation and Activation,https://purl.org/okn/frink/kg/digcfdekg/node/factor/b44698900dc413455fb7,Th17 Differentiation and Activation (trait context: Atopic dermatitis),Atopic dermatitis
Th17 differentiation and IL-17,https://purl.org/okn/frink/kg/digcfdekg/node/factor/fd698244d49b9f1380e4,Th17 differentiation and IL-17 (trait context: Inflammatory bowel disease (IBD)),Inflammatory bowel disease (IBD)
Th17 differentiation and IL-17 production,https://purl.org/okn/frink/kg/digcfdekg/node/factor/6f71c1ddac92601ce88e,Th17 differentiation and IL-17 production (trait context: Psoriasis),Psoriasis
TH17 differentiation and signaling,https://purl.org/okn/frink/kg/digcfdekg/node/factor/e5475fafc55bf7f6df53,TH17 differentiation and signaling (trait context: Childhood-onset asthma),Childhood-onset asthma
Th17 Differentiation in IBD,https://purl.org/okn/frink/kg/digcfdekg/node/factor/db0d9fb4892855245061,Th17 Differentiation in IBD (trait context: childhood onset asthma),childhood onset asthma
Th17 differentiation pathways,https://purl.org/okn/frink/kg/digcfdekg/node/factor/8d4cba1976c147d97e38,Th17 differentiation pathways (trait context: allergic disease),allergic disease
Th17 IL-23 signaling and IFN-I,https://purl.org/okn/frink/kg/digcfdekg/node/factor/9cf3a4aa45bb6672f6cd,Th17 IL-23 signaling and IFN-I (trait context: psoriatic arthritis),psoriatic arthritis
TH17 immune response regulation,https://purl.org/okn/frink/kg/digcfdekg/node/factor/a8a52676e630eceba1bf,TH17 immune response regulation (trait context: inflammatory bowel disease),inflammatory bowel disease
Th2 and ILC regulation TFs,https://purl.org/okn/frink/kg/digcfdekg/node/factor/37e08286d22ee94dc19b,Th2 and ILC regulation TFs (trait context: Childhood-onset asthma),Childhood-onset asthma
Th2 cytokine signaling,https://purl.org/okn/frink/kg/digcfdekg/node/factor/cae62351e2b6c75102a4,Th2 cytokine signaling (trait context: allergic disease),allergic disease
Th2 physiology and IFN-gamma decrease,https://purl.org/okn/frink/kg/digcfdekg/node/factor/bbd3455e99815aa46d0b,Th2 physiology and IFN-gamma decrease (trait context: primary biliary cirrhosis),primary biliary cirrhosis
Th2 responses and infection risk,https://purl.org/okn/frink/kg/digcfdekg/node/factor/fbc074b0c46ab71660e5,Th2 responses and infection risk (trait context: Psoriasis),Psoriasis
Thioester and Sulfur Metabolism,https://purl.org/okn/frink/kg/digcfdekg/node/factor/164927a9353229f04649,Thioester and Sulfur Metabolism (trait context: Organic aciduria),Organic aciduria
Thymic T Cell Development,https://purl.org/okn/frink/kg/digcfdekg/node/factor/b186ac79f4932f95b38e,Thymic T Cell Development (trait context: childhood onset asthma),childhood onset asthma
Thymic T cell differentiation,https://purl.org/okn/frink/kg/digcfdekg/node/factor/73665a92793b922f2905,Thymic T cell differentiation (trait context: Psoriasis),Psoriasis
Thymic T-cell differentiation regulation,https://purl.org/okn/frink/kg/digcfdekg/node/factor/db6ef266106964c3c96b,Thymic T-cell differentiation regulation (trait context: type 1 diabetes mellitus),type 1 diabetes mellitus
Thymic T-cell selection,https://purl.org/okn/frink/kg/digcfdekg/node/factor/52b7863ef4685565bbc5,Thymic T-cell selection (trait context: type 1 diabetes mellitus),type 1 diabetes mellitus
thymocyte and T cell reductions,https://purl.org/okn/frink/kg/digcfdekg/node/factor/7ed134038d6375fab318,thymocyte and T cell reductions (trait context: Multiple sclerosis),Multiple sclerosis
Thymocyte development and Notch genes,https://purl.org/okn/frink/kg/digcfdekg/node/factor/dcecd60a612ae1c67857,Thymocyte development and Notch genes (trait context: Precursor B-cell acute lymphoblastic leukemia),Precursor B-cell acute lymphoblastic leukemia
Thyroid and B/T Cell Activation,https://purl.org/okn/frink/kg/digcfdekg/node/factor/7a135fe6ed722016f615,Thyroid and B/T Cell Activation (trait context: Atopic dermatitis),Atopic dermatitis
Thyroid and fetal lymphoid cells,https://purl.org/okn/frink/kg/digcfdekg/node/factor/1a3347628f3b399668ef,Thyroid and fetal lymphoid cells (trait context: Childhood-onset asthma),Childhood-onset asthma
Thyroid and gland development signals,https://purl.org/okn/frink/kg/digcfdekg/node/factor/d20b8de42fb74b39c803,Thyroid and gland development signals (trait context: Congenital hypothyroidism),Congenital hypothyroidism
Thyroid and immune coexpression genes,https://purl.org/okn/frink/kg/digcfdekg/node/factor/abcb4524ed449998cbdb,Thyroid and immune coexpression genes (trait context: inflammatory bowel disease),inflammatory bowel disease
Thyroid and small intestine markers,https://purl.org/okn/frink/kg/digcfdekg/node/factor/9308e72da2f2badd815d,Thyroid and small intestine markers (trait context: multiple sclerosis),multiple sclerosis
Thyroid Cancer and DNA Damage,https://purl.org/okn/frink/kg/digcfdekg/node/factor/80f8fa159b42387ecd34,Thyroid Cancer and DNA Damage (trait context: cancer),cancer
Thyroid Cancer MAPK Genes,https://purl.org/okn/frink/kg/digcfdekg/node/factor/d79237122dd452634319,Thyroid Cancer MAPK Genes (trait context: Rare thyroid carcinoma),Rare thyroid carcinoma
Thyroid Cancer Oncogenic Pathways,https://purl.org/okn/frink/kg/digcfdekg/node/factor/ffaa2d963d45f97dd5ed,Thyroid Cancer Oncogenic Pathways (trait context: Rare thyroid carcinoma),Rare thyroid carcinoma
Thyroid disease and IFN signaling,https://purl.org/okn/frink/kg/digcfdekg/node/factor/3953e87009ab48465ed2,Thyroid disease and IFN signaling (trait context: systemic lupus erythematosus),systemic lupus erythematosus
thyroid downregulation and immune genes,https://purl.org/okn/frink/kg/digcfdekg/node/factor/8471789c36b65de525d7,thyroid downregulation and immune genes (trait context: Multiple sclerosis),Multiple sclerosis
Thyroid Endometrial Cancers and MAPK,https://purl.org/okn/frink/kg/digcfdekg/node/factor/3ef8094372b644e919fc,Thyroid Endometrial Cancers and MAPK (trait context: Rare thyroid carcinoma),Rare thyroid carcinoma
Thyroid follicle morphology and hormones,https://purl.org/okn/frink/kg/digcfdekg/node/factor/699542aeebf59ec6ae1d,Thyroid follicle morphology and hormones (trait context: Congenital hypothyroidism),Congenital hypothyroidism
Thyroid hormone generation and metabolism,https://purl.org/okn/frink/kg/digcfdekg/node/factor/d163c660aac179a10c3a,Thyroid hormone generation and metabolism (trait context: Congenital hypothyroidism),Congenital hypothyroidism
Thyroid hormone imbalance and development,https://purl.org/okn/frink/kg/digcfdekg/node/factor/b1e8e66ef23c8784ab11,Thyroid hormone imbalance and development (trait context: Congenital hypothyroidism),Congenital hypothyroidism
Thyroid hormone production imbalance,https://purl.org/okn/frink/kg/digcfdekg/node/factor/439ef51fbaba2f82e7bd,Thyroid hormone production imbalance (trait context: Congenital hypothyroidism),Congenital hypothyroidism
Thyroid hormones and growth hormone,https://purl.org/okn/frink/kg/digcfdekg/node/factor/7134babd1f07f36c70b0,Thyroid hormones and growth hormone (trait context: Congenital hypothyroidism),Congenital hypothyroidism
thyroid immune gene downregulation,https://purl.org/okn/frink/kg/digcfdekg/node/factor/9832439cdba4c376865f,thyroid immune gene downregulation (trait context: Multiple sclerosis),Multiple sclerosis
Thyroid signaling and metabolism,https://purl.org/okn/frink/kg/digcfdekg/node/factor/1f6bcd2e4ab86eef4e54,Thyroid signaling and metabolism (trait context: Congenital hypothyroidism),Congenital hypothyroidism
Thyroid-adipose B cell markers,https://purl.org/okn/frink/kg/digcfdekg/node/factor/a7512c6da6b9cff21f30,Thyroid-adipose B cell markers (trait context: Systemic lupus erythematosus (SLE)),Systemic lupus erythematosus (SLE)
Thyroid-Cardiac Coexpression Markers,https://purl.org/okn/frink/kg/digcfdekg/node/factor/33b60815e184c206c5da,Thyroid-Cardiac Coexpression Markers (trait context: Rare cardiomyopathy),Rare cardiomyopathy
Thyroid-downregulated B cell markers,https://purl.org/okn/frink/kg/digcfdekg/node/factor/682b820a51813148f9cd,Thyroid-downregulated B cell markers (trait context: multiple sclerosis),multiple sclerosis
Thyroid-related T cell genes,https://purl.org/okn/frink/kg/digcfdekg/node/factor/9d2071f0868ecb394e3c,Thyroid-related T cell genes (trait context: Type 1 diabetes (T1D)),Type 1 diabetes (T1D)
Thyroxine and pituitary abnormalities,https://purl.org/okn/frink/kg/digcfdekg/node/factor/8e88a23015508b69806a,Thyroxine and pituitary abnormalities (trait context: Congenital hypothyroidism),Congenital hypothyroidism
Thyroxine biosynthesis and metabolism,https://purl.org/okn/frink/kg/digcfdekg/node/factor/b79614023e6931d58d29,Thyroxine biosynthesis and metabolism (trait context: Congenital hypothyroidism),Congenital hypothyroidism
Thyroxine biosynthesis and thyroid activity,https://purl.org/okn/frink/kg/digcfdekg/node/factor/ebe1eddcca21ff5427b4,Thyroxine biosynthesis and thyroid activity (trait context: Congenital hypothyroidism),Congenital hypothyroidism
Tissue Specific Upregulation of Lipoproteins,https://purl.org/okn/frink/kg/digcfdekg/node/factor/344ef1d65be4881692fe,Tissue Specific Upregulation of Lipoproteins (trait context: Amyloidosis),Amyloidosis
Tissue-specific gene upregulation,https://purl.org/okn/frink/kg/digcfdekg/node/factor/063e702c4d17f0492b04,Tissue-specific gene upregulation (trait context: Type 1 diabetes (T1D)),Type 1 diabetes (T1D)
tissue-specific immune coexpression,https://purl.org/okn/frink/kg/digcfdekg/node/factor/8cf5add461bf2ee9e7c8,tissue-specific immune coexpression (trait context: Multiple sclerosis),Multiple sclerosis
Tissue-Specific P2RY10 Coexpression,https://purl.org/okn/frink/kg/digcfdekg/node/factor/fcd383f7635267d14342,Tissue-Specific P2RY10 Coexpression (trait context: Primary biliary cholangitis),Primary biliary cholangitis
Tissue-wide gene expression,https://purl.org/okn/frink/kg/digcfdekg/node/factor/8e525c83bef16f2049a6,Tissue-wide gene expression (trait context: Membranous nephropathy),Membranous nephropathy
Titin-related Signaling and Myopathy,https://purl.org/okn/frink/kg/digcfdekg/node/factor/97be24d45f77ed0e3085,Titin-related Signaling and Myopathy (trait context: Rare cardiomyopathy),Rare cardiomyopathy
TLR signaling and IFN induction,https://purl.org/okn/frink/kg/digcfdekg/node/factor/7f6650c8ab259446d62e,TLR signaling and IFN induction (trait context: systemic lupus erythematosus),systemic lupus erythematosus
TLR signaling and interferon production,https://purl.org/okn/frink/kg/digcfdekg/node/factor/112a4476cbd7a9979671,TLR signaling and interferon production (trait context: Encephalitis),Encephalitis
TLR signaling and NF-kB activation,https://purl.org/okn/frink/kg/digcfdekg/node/factor/9df413a6b909347563d2,TLR signaling and NF-kB activation (trait context: systemic lupus erythematosus),systemic lupus erythematosus
TNF NFkB signaling,https://purl.org/okn/frink/kg/digcfdekg/node/factor/97fc9438f1fe841274ac,TNF NFkB signaling (trait context: allergic disease),allergic disease
TNF signaling and granulocytes,https://purl.org/okn/frink/kg/digcfdekg/node/factor/0dd47c900b9fd2a1be1b,TNF signaling and granulocytes (trait context: Type 1 diabetes (T1D)),Type 1 diabetes (T1D)
TNF Signaling and Metaprograms,https://purl.org/okn/frink/kg/digcfdekg/node/factor/77068b88258c4592890f,TNF Signaling and Metaprograms (trait context: Atopic dermatitis),Atopic dermatitis
TNF signaling via NF-kB,https://purl.org/okn/frink/kg/digcfdekg/node/factor/77494dcff81e5ce71b6c,TNF signaling via NF-kB (trait context: Inflammatory bowel disease (IBD)),Inflammatory bowel disease (IBD)
TNF-NFkB immune activation,https://purl.org/okn/frink/kg/digcfdekg/node/factor/89e81b6bad575c075eae,TNF-NFkB immune activation (trait context: Inflammatory bowel disease (IBD)),Inflammatory bowel disease (IBD)
TNF/NF-kB Signaling,https://purl.org/okn/frink/kg/digcfdekg/node/factor/28d63b790a101c7a04b2,TNF/NF-kB Signaling (trait context: Primary biliary cholangitis),Primary biliary cholangitis
TNF/NF-kB signaling and CD40,https://purl.org/okn/frink/kg/digcfdekg/node/factor/04e6179afe34406a20fa,TNF/NF-kB signaling and CD40 (trait context: Childhood-onset asthma),Childhood-onset asthma
TNF/NF-κB and Notch Targets,https://purl.org/okn/frink/kg/digcfdekg/node/factor/02099b254206878f0891,TNF/NF-κB and Notch Targets (trait context: Atopic dermatitis),Atopic dermatitis
Tolerogenic signals and innate immunity,https://purl.org/okn/frink/kg/digcfdekg/node/factor/b4343c828b9ef2e03248,Tolerogenic signals and innate immunity (trait context: Vasculitis),Vasculitis
Tooth and facial limb anomalies,https://purl.org/okn/frink/kg/digcfdekg/node/factor/a4e962132b97db7be3bb,Tooth and facial limb anomalies (trait context: Oligodontia),Oligodontia
TP53 network and DNA damage,https://purl.org/okn/frink/kg/digcfdekg/node/factor/e37eb448f6741840705f,TP53 network and DNA damage (trait context: renal carcinoma),renal carcinoma
TP53 network and hematopoietic regulation,https://purl.org/okn/frink/kg/digcfdekg/node/factor/1eb9e53deb3a3c1239d2,TP53 network and hematopoietic regulation (trait context: Lymphoma),Lymphoma
TP53 Pathway and Cell Cycle,https://purl.org/okn/frink/kg/digcfdekg/node/factor/d936ce310d7e8dff48ac,TP53 Pathway and Cell Cycle (trait context: cancer),cancer
TP53 regulates G2 arrest,https://purl.org/okn/frink/kg/digcfdekg/node/factor/ca88326ecdeca25d18b3,TP53 regulates G2 arrest (trait context: renal carcinoma),renal carcinoma
Transcription factor regulation in adipogenesis,https://purl.org/okn/frink/kg/digcfdekg/node/factor/84b3bd54f71c6cedb52a,Transcription factor regulation in adipogenesis (trait context: Diabetic retinopathy),Diabetic retinopathy
Transcription factors and motifs,https://purl.org/okn/frink/kg/digcfdekg/node/factor/e7121f07f6f6b4a5be68,Transcription factors and motifs (trait context: Gastroesophageal reflux disease (GERD)),Gastroesophageal reflux disease (GERD)
Transcriptional Regulation Of Granulopoiesis,https://purl.org/okn/frink/kg/digcfdekg/node/factor/11eab7698f92032440ce,Transcriptional Regulation Of Granulopoiesis (trait context: Non-Hodgkin lymphoma),Non-Hodgkin lymphoma
Transmembrane receptor kinase signaling,https://purl.org/okn/frink/kg/digcfdekg/node/factor/88735564e08cf677518f,Transmembrane receptor kinase signaling (trait context: Hyperaldosteronism),Hyperaldosteronism
Transplant response and autoimmunity markers,https://purl.org/okn/frink/kg/digcfdekg/node/factor/7ae95d4a3914da5e42e1,Transplant response and autoimmunity markers (trait context: atopic eczema),atopic eczema
Triglyceride and Cholesterol Abnormalities,https://purl.org/okn/frink/kg/digcfdekg/node/factor/e4bbf00ad9df79051efd,Triglyceride and Cholesterol Abnormalities (trait context: Disorder of lipid metabolism),Disorder of lipid metabolism
Triglyceride-Rich Lipoprotein Remodeling,https://purl.org/okn/frink/kg/digcfdekg/node/factor/39f82b13b8b100e1cc1f,Triglyceride-Rich Lipoprotein Remodeling (trait context: Disorder of lipid metabolism),Disorder of lipid metabolism
Tuberculosis Immunity and IFN Signaling,https://purl.org/okn/frink/kg/digcfdekg/node/factor/e302fc628cb2c4255e94,Tuberculosis Immunity and IFN Signaling (trait context: COVID-19),COVID-19
Tumor incidence and copy-number changes,https://purl.org/okn/frink/kg/digcfdekg/node/factor/2dcdb8cba66f0383bcac,Tumor incidence and copy-number changes (trait context: Lymphoma),Lymphoma
Tumor incidence and nasal morphology,https://purl.org/okn/frink/kg/digcfdekg/node/factor/d64fbc7534132b7beb70,Tumor incidence and nasal morphology (trait context: Type 2 diabetes with peripheral circulatory manifestations),Type 2 diabetes with peripheral circulatory manifestations
Tumor incidence and T cells,https://purl.org/okn/frink/kg/digcfdekg/node/factor/ef02a8ab6dd64b64614b,Tumor incidence and T cells (trait context: Lymphoma),Lymphoma
Tumor progression and metastasis,https://purl.org/okn/frink/kg/digcfdekg/node/factor/f879d9cd4d6a903cbef7,Tumor progression and metastasis (trait context: Acute myeloid leukemia),Acute myeloid leukemia
Tumor reduction with polyps,https://purl.org/okn/frink/kg/digcfdekg/node/factor/26f2c3d58f346c69af6c,Tumor reduction with polyps (trait context: Type 2 diabetes with peripheral circulatory manifestations),Type 2 diabetes with peripheral circulatory manifestations
Type 1 diabetes susceptibility,https://purl.org/okn/frink/kg/digcfdekg/node/factor/02fc231f8569944123c2,Type 1 diabetes susceptibility (trait context: allergic disease),allergic disease
Type 2 Immunity and Cytokines,https://purl.org/okn/frink/kg/digcfdekg/node/factor/85c81e52fccdcc6d4773,Type 2 Immunity and Cytokines (trait context: Atopic dermatitis),Atopic dermatitis
Type 2 Papillary Renal Carcinoma,https://purl.org/okn/frink/kg/digcfdekg/node/factor/38b9cb9349ab20e74b4a,Type 2 Papillary Renal Carcinoma (trait context: MiT family translocation renal cell carcinoma),MiT family translocation renal cell carcinoma
Type II diabetes pathways,https://purl.org/okn/frink/kg/digcfdekg/node/factor/caccf46284132b30003e,Type II diabetes pathways (trait context: type 2 diabetes mellitus),type 2 diabetes mellitus
Tyrosine kinase inhibitors and receptors,https://purl.org/okn/frink/kg/digcfdekg/node/factor/3094bd451d1d04e0d63a,Tyrosine kinase inhibitors and receptors (trait context: Myeloproliferative neoplasm),Myeloproliferative neoplasm
Upregulated Lipid Metabolism Pathways,https://purl.org/okn/frink/kg/digcfdekg/node/factor/0fbcf606ae5f5d17cd88,Upregulated Lipid Metabolism Pathways (trait context: Disorder of lipid metabolism),Disorder of lipid metabolism
Upregulated signaling inhibitors and oncogenes,https://purl.org/okn/frink/kg/digcfdekg/node/factor/50ce57bd5c830303fcdc,Upregulated signaling inhibitors and oncogenes (trait context: Type 2 diabetes (T2D) adj BMI),Type 2 diabetes (T2D) adj BMI
Valvular and outflow tract genes,https://purl.org/okn/frink/kg/digcfdekg/node/factor/c885850985ccec55987b,Valvular and outflow tract genes (trait context: Tetralogy of Fallot),Tetralogy of Fallot
Vascular and cardiac development genes,https://purl.org/okn/frink/kg/digcfdekg/node/factor/06f4c9244d5bf8484bd0,Vascular and cardiac development genes (trait context: Chronic obstructive pulmonary disease (COPD)),Chronic obstructive pulmonary disease (COPD)
Vascular and craniofacial development,https://purl.org/okn/frink/kg/digcfdekg/node/factor/39b8b3a2eafaad86c5d9,Vascular and craniofacial development (trait context: Intracranial aneurysm),Intracranial aneurysm
Vascular development and angiogenesis,https://purl.org/okn/frink/kg/digcfdekg/node/factor/ddd6fee242ab70c63bd9,Vascular development and angiogenesis (trait context: open-angle glaucoma),open-angle glaucoma
Vascular development and heart septum,https://purl.org/okn/frink/kg/digcfdekg/node/factor/c84bf5eedd6d34038d76,Vascular development and heart septum (trait context: Tetralogy of Fallot),Tetralogy of Fallot
Vascular inflammation with Tregs,https://purl.org/okn/frink/kg/digcfdekg/node/factor/53c34f2f971bc394c519,Vascular inflammation with Tregs (trait context: Systemic lupus erythematosus),Systemic lupus erythematosus
Vasculature Development and Heart Defect,https://purl.org/okn/frink/kg/digcfdekg/node/factor/4b1b09738573d57fc071,Vasculature Development and Heart Defect (trait context: Severe insulin-resistant type 2 diabetes),Severe insulin-resistant type 2 diabetes
Vastus lateralis up-regulation genes,https://purl.org/okn/frink/kg/digcfdekg/node/factor/64b229c7c946df29074f,Vastus lateralis up-regulation genes (trait context: Dilated cardiomyopathy),Dilated cardiomyopathy
Ventricle and atrial septum development,https://purl.org/okn/frink/kg/digcfdekg/node/factor/fa2b033a6a5225c09a14,Ventricle and atrial septum development (trait context: Interatrial communication),Interatrial communication
Ventricular Action Potential and Contraction,https://purl.org/okn/frink/kg/digcfdekg/node/factor/65021d1df77102c8046d,Ventricular Action Potential and Contraction (trait context: Long QT syndrome),Long QT syndrome
Ventricular and chamber heart morphogenesis,https://purl.org/okn/frink/kg/digcfdekg/node/factor/5c3744f8be8fa843e51f,Ventricular and chamber heart morphogenesis (trait context: Chronic obstructive pulmonary disease (COPD)),Chronic obstructive pulmonary disease (COPD)
Ventricular arrhythmias and contraction,https://purl.org/okn/frink/kg/digcfdekg/node/factor/a21e4f016f0e98408ee2,Ventricular arrhythmias and contraction (trait context: Brugada syndrome),Brugada syndrome
Ventricular contraction and action potential,https://purl.org/okn/frink/kg/digcfdekg/node/factor/dc2dd89b144add397921,Ventricular contraction and action potential (trait context: Brugada syndrome),Brugada syndrome
Ventricular Maturation Program,https://purl.org/okn/frink/kg/digcfdekg/node/factor/f134deaf39e0b9f7db83,Ventricular Maturation Program (trait context: Dilated cardiomyopathy; strict definition),Dilated cardiomyopathy; strict definition
Ventricular Myofibril Assembly,https://purl.org/okn/frink/kg/digcfdekg/node/factor/024eb2add172c4b1da9b,Ventricular Myofibril Assembly (trait context: Dilated cardiomyopathy; strict definition),Dilated cardiomyopathy; strict definition
Ventricular repolarization and conduction,https://purl.org/okn/frink/kg/digcfdekg/node/factor/9bfa5c6d6506acfb8c78,Ventricular repolarization and conduction (trait context: Brugada syndrome),Brugada syndrome
Vertebrate skeletal patterning and signaling,https://purl.org/okn/frink/kg/digcfdekg/node/factor/7611f3eefb555a8d836d,Vertebrate skeletal patterning and signaling (trait context: Cervical cancer),Cervical cancer
Very Long Chain Lipids,https://purl.org/okn/frink/kg/digcfdekg/node/factor/5570a2d47cb12b91ce35,Very Long Chain Lipids (trait context: Chronic primary adrenal insufficiency),Chronic primary adrenal insufficiency
Very long-chain fatty acid metabolism,https://purl.org/okn/frink/kg/digcfdekg/node/factor/dccbc107e2611a2f7b14,Very long-chain fatty acid metabolism (trait context: Peroxisomal disease),Peroxisomal disease
Very long-chain fatty acid oxidation,https://purl.org/okn/frink/kg/digcfdekg/node/factor/95aff7705f5850eb4bab,Very long-chain fatty acid oxidation (trait context: Peroxisomal disease),Peroxisomal disease
Very long-chain fatty acid transport,https://purl.org/okn/frink/kg/digcfdekg/node/factor/7f6dca929ab36cf77c2c,Very long-chain fatty acid transport (trait context: Peroxisomal disease),Peroxisomal disease
Vincristine resistance and muscle genes,https://purl.org/okn/frink/kg/digcfdekg/node/factor/b8f0b931b044cf315b13,Vincristine resistance and muscle genes (trait context: Rare aplastic anemia),Rare aplastic anemia
Vision and eye physiology genes,https://purl.org/okn/frink/kg/digcfdekg/node/factor/1474a508aab2c57d8899,Vision and eye physiology genes (trait context: Retinitis pigmentosa),Retinitis pigmentosa
Visual cycle and phototransduction,https://purl.org/okn/frink/kg/digcfdekg/node/factor/feeb079c6714bb8a0a32,Visual cycle and phototransduction (trait context: Retinitis pigmentosa),Retinitis pigmentosa
Vitamin Cofactor Disorders with Ammonia,https://purl.org/okn/frink/kg/digcfdekg/node/factor/b1f74fc8babeeb61fb9f,Vitamin Cofactor Disorders with Ammonia (trait context: Organic aciduria),Organic aciduria
Vitamin Cofactor Metabolism Defects,https://purl.org/okn/frink/kg/digcfdekg/node/factor/64432f063b34be9db07a,Vitamin Cofactor Metabolism Defects (trait context: Organic aciduria),Organic aciduria
Warburg metabolism and HIF1 targets,https://purl.org/okn/frink/kg/digcfdekg/node/factor/9c1529318e9164393eb7,Warburg metabolism and HIF1 targets (trait context: Glycogen storage disease),Glycogen storage disease
Water-Soluble Vitamin Metabolism,https://purl.org/okn/frink/kg/digcfdekg/node/factor/ac575ae75533d1602bd9,Water-Soluble Vitamin Metabolism (trait context: Organic aciduria),Organic aciduria
Weight gain and hyperglycemia risk,https://purl.org/okn/frink/kg/digcfdekg/node/factor/894fcc2b8514bf79ba9e,Weight gain and hyperglycemia risk (trait context: Type 2 diabetes (T2D)),Type 2 diabetes (T2D)
White adipose consensus markers,https://purl.org/okn/frink/kg/digcfdekg/node/factor/67d4d23282bd7bc4fe01,White adipose consensus markers (trait context: Type 1 diabetes with ophthalmic manifestations),Type 1 diabetes with ophthalmic manifestations
WNT pathway and epithelial morphology,https://purl.org/okn/frink/kg/digcfdekg/node/factor/8b0ef9a8780f24f4545e,WNT pathway and epithelial morphology (trait context: Type 2 diabetes (with no history of pregnancy)),Type 2 diabetes (with no history of pregnancy)
WNT Signaling,https://purl.org/okn/frink/kg/digcfdekg/node/factor/589ed3b2f8304179a41c,WNT Signaling (trait context: Acute promyelocytic leukemia),Acute promyelocytic leukemia
Wnt signaling and development,https://purl.org/okn/frink/kg/digcfdekg/node/factor/4c766c22e617bca8071b,Wnt signaling and development (trait context: Type 1 diabetes with renal manifestations),Type 1 diabetes with renal manifestations
WNT signaling and glucose regulation,https://purl.org/okn/frink/kg/digcfdekg/node/factor/a0fabb470b4b2a97eb55,WNT signaling and glucose regulation (trait context: Type 2 diabetes with neurological manifestations),Type 2 diabetes with neurological manifestations
Wnt signaling and oral development,https://purl.org/okn/frink/kg/digcfdekg/node/factor/e50cfae5e277d3f9df2a,Wnt signaling and oral development (trait context: Oligodontia),Oligodontia
Wnt signaling and retina angiogenesis,https://purl.org/okn/frink/kg/digcfdekg/node/factor/6c74d4735d9ebe2fe515,Wnt signaling and retina angiogenesis (trait context: Familial exudative vitreoretinopathy),Familial exudative vitreoretinopathy
Young-onset diabetes genes,https://purl.org/okn/frink/kg/digcfdekg/node/factor/9685b79d24731eda21c0,Young-onset diabetes genes (trait context: Type 2 diabetes with renal manifestations),Type 2 diabetes with renal manifestations
Z-line and myopathy features,https://purl.org/okn/frink/kg/digcfdekg/node/factor/f60c0c5d7a961c2f964b,Z-line and myopathy features (trait context: Dilated cardiomyopathy; broad definition),Dilated cardiomyopathy; broad definition
Z-line and sarcomere abnormalities,https://purl.org/okn/frink/kg/digcfdekg/node/factor/ad85a2b135ebc1b73b3c,Z-line and sarcomere abnormalities (trait context: Dilated cardiomyopathy; broad definition),Dilated cardiomyopathy; broad definition
Z-line morphology and sarcomere genes,https://purl.org/okn/frink/kg/digcfdekg/node/factor/2820e335ec36e119808c,Z-line morphology and sarcomere genes (trait context: Dilated cardiomyopathy),Dilated cardiomyopathy
