disease,biomarker_disease_iris,role,cfde_disease,factor
acute lymphoblastic leukemia,http://purl.obolibrary.org/obo/MONDO_0004967,diagnostic,Acute lymphoblastic leukemia,Abnormal hematopoiesis and cell cycle
acute lymphoblastic leukemia,http://purl.obolibrary.org/obo/MONDO_0004967,diagnostic,Acute lymphoblastic leukemia,Absent myeloid progenitors
acute lymphoblastic leukemia,http://purl.obolibrary.org/obo/MONDO_0004967,diagnostic,Acute lymphoblastic leukemia,Absent myeloid progenitors and megakaryocytes
acute lymphoblastic leukemia,http://purl.obolibrary.org/obo/MONDO_0004967,diagnostic,Acute lymphoblastic leukemia,Acute leukemia with myeloid hyperplasia
acute lymphoblastic leukemia,http://purl.obolibrary.org/obo/MONDO_0004967,diagnostic,Acute lymphoblastic leukemia,ALL with B-cell differentiation
acute lymphoblastic leukemia,http://purl.obolibrary.org/obo/MONDO_0004967,diagnostic,Acute lymphoblastic leukemia,Arrested B-cell differentiation
acute lymphoblastic leukemia,http://purl.obolibrary.org/obo/MONDO_0004967,diagnostic,Acute lymphoblastic leukemia,Arrested immature B cells
acute lymphoblastic leukemia,http://purl.obolibrary.org/obo/MONDO_0004967,diagnostic,Acute lymphoblastic leukemia,Decreased early B-cell numbers
acute lymphoblastic leukemia,http://purl.obolibrary.org/obo/MONDO_0004967,diagnostic,Acute lymphoblastic leukemia,Decreased early lymphoid cells
acute lymphoblastic leukemia,http://purl.obolibrary.org/obo/MONDO_0004967,diagnostic,Acute lymphoblastic leukemia,Defective myeloid progenitors and regulators
acute lymphoblastic leukemia,http://purl.obolibrary.org/obo/MONDO_0004967,diagnostic,Acute lymphoblastic leukemia,Defective T cells and thymocytes
acute lymphoblastic leukemia,http://purl.obolibrary.org/obo/MONDO_0004967,diagnostic,Acute lymphoblastic leukemia,Deficient myeloid progenitors and HSC
acute lymphoblastic leukemia,http://purl.obolibrary.org/obo/MONDO_0004967,diagnostic,Acute lymphoblastic leukemia,Diminished progenitors across lineages
acute lymphoblastic leukemia,http://purl.obolibrary.org/obo/MONDO_0004967,diagnostic,Acute lymphoblastic leukemia,Increased leukemia and tumors
acute lymphoblastic leukemia,http://purl.obolibrary.org/obo/MONDO_0004967,diagnostic,Acute lymphoblastic leukemia,Increased leukemia with myeloid hyperplasia
acute lymphoblastic leukemia,http://purl.obolibrary.org/obo/MONDO_0004967,diagnostic,Acute lymphoblastic leukemia,Megakaryocyte progenitors and leukemia risk
acute lymphoblastic leukemia,http://purl.obolibrary.org/obo/MONDO_0004967,diagnostic,Acute lymphoblastic leukemia,Megakaryocyte regulation by Runx1
acute lymphoblastic leukemia,http://purl.obolibrary.org/obo/MONDO_0004967,diagnostic,Acute lymphoblastic leukemia,Myeloid hyperplasia and stem changes
acute lymphoblastic leukemia,http://purl.obolibrary.org/obo/MONDO_0004967,diagnostic,Acute lymphoblastic leukemia,Reduced tumor-free survival and cancers
acute lymphoblastic leukemia,http://purl.obolibrary.org/obo/MONDO_0004967,diagnostic,Acute lymphoblastic leukemia,Synaptic Signaling Program
acute lymphoblastic leukemia,http://purl.obolibrary.org/obo/MONDO_0004967,prognostic,Acute lymphoblastic leukemia,Abnormal hematopoiesis and cell cycle
acute lymphoblastic leukemia,http://purl.obolibrary.org/obo/MONDO_0004967,prognostic,Acute lymphoblastic leukemia,Absent myeloid progenitors
acute lymphoblastic leukemia,http://purl.obolibrary.org/obo/MONDO_0004967,prognostic,Acute lymphoblastic leukemia,Absent myeloid progenitors and megakaryocytes
acute lymphoblastic leukemia,http://purl.obolibrary.org/obo/MONDO_0004967,prognostic,Acute lymphoblastic leukemia,Acute leukemia with myeloid hyperplasia
acute lymphoblastic leukemia,http://purl.obolibrary.org/obo/MONDO_0004967,prognostic,Acute lymphoblastic leukemia,ALL with B-cell differentiation
acute lymphoblastic leukemia,http://purl.obolibrary.org/obo/MONDO_0004967,prognostic,Acute lymphoblastic leukemia,Arrested B-cell differentiation
acute lymphoblastic leukemia,http://purl.obolibrary.org/obo/MONDO_0004967,prognostic,Acute lymphoblastic leukemia,Arrested immature B cells
acute lymphoblastic leukemia,http://purl.obolibrary.org/obo/MONDO_0004967,prognostic,Acute lymphoblastic leukemia,Decreased early B-cell numbers
acute lymphoblastic leukemia,http://purl.obolibrary.org/obo/MONDO_0004967,prognostic,Acute lymphoblastic leukemia,Decreased early lymphoid cells
acute lymphoblastic leukemia,http://purl.obolibrary.org/obo/MONDO_0004967,prognostic,Acute lymphoblastic leukemia,Defective myeloid progenitors and regulators
acute lymphoblastic leukemia,http://purl.obolibrary.org/obo/MONDO_0004967,prognostic,Acute lymphoblastic leukemia,Defective T cells and thymocytes
acute lymphoblastic leukemia,http://purl.obolibrary.org/obo/MONDO_0004967,prognostic,Acute lymphoblastic leukemia,Deficient myeloid progenitors and HSC
acute lymphoblastic leukemia,http://purl.obolibrary.org/obo/MONDO_0004967,prognostic,Acute lymphoblastic leukemia,Diminished progenitors across lineages
acute lymphoblastic leukemia,http://purl.obolibrary.org/obo/MONDO_0004967,prognostic,Acute lymphoblastic leukemia,Increased leukemia and tumors
acute lymphoblastic leukemia,http://purl.obolibrary.org/obo/MONDO_0004967,prognostic,Acute lymphoblastic leukemia,Increased leukemia with myeloid hyperplasia
acute lymphoblastic leukemia,http://purl.obolibrary.org/obo/MONDO_0004967,prognostic,Acute lymphoblastic leukemia,Megakaryocyte progenitors and leukemia risk
acute lymphoblastic leukemia,http://purl.obolibrary.org/obo/MONDO_0004967,prognostic,Acute lymphoblastic leukemia,Megakaryocyte regulation by Runx1
acute lymphoblastic leukemia,http://purl.obolibrary.org/obo/MONDO_0004967,prognostic,Acute lymphoblastic leukemia,Myeloid hyperplasia and stem changes
acute lymphoblastic leukemia,http://purl.obolibrary.org/obo/MONDO_0004967,prognostic,Acute lymphoblastic leukemia,Reduced tumor-free survival and cancers
acute lymphoblastic leukemia,http://purl.obolibrary.org/obo/MONDO_0004967,prognostic,Acute lymphoblastic leukemia,Synaptic Signaling Program
acute lymphoblastic leukemia,http://purl.obolibrary.org/obo/MONDO_0004967,risk,Acute lymphoblastic leukemia,Abnormal hematopoiesis and cell cycle
acute lymphoblastic leukemia,http://purl.obolibrary.org/obo/MONDO_0004967,risk,Acute lymphoblastic leukemia,Absent myeloid progenitors
acute lymphoblastic leukemia,http://purl.obolibrary.org/obo/MONDO_0004967,risk,Acute lymphoblastic leukemia,Absent myeloid progenitors and megakaryocytes
acute lymphoblastic leukemia,http://purl.obolibrary.org/obo/MONDO_0004967,risk,Acute lymphoblastic leukemia,Acute leukemia with myeloid hyperplasia
acute lymphoblastic leukemia,http://purl.obolibrary.org/obo/MONDO_0004967,risk,Acute lymphoblastic leukemia,ALL with B-cell differentiation
acute lymphoblastic leukemia,http://purl.obolibrary.org/obo/MONDO_0004967,risk,Acute lymphoblastic leukemia,Arrested B-cell differentiation
acute lymphoblastic leukemia,http://purl.obolibrary.org/obo/MONDO_0004967,risk,Acute lymphoblastic leukemia,Arrested immature B cells
acute lymphoblastic leukemia,http://purl.obolibrary.org/obo/MONDO_0004967,risk,Acute lymphoblastic leukemia,Decreased early B-cell numbers
acute lymphoblastic leukemia,http://purl.obolibrary.org/obo/MONDO_0004967,risk,Acute lymphoblastic leukemia,Decreased early lymphoid cells
acute lymphoblastic leukemia,http://purl.obolibrary.org/obo/MONDO_0004967,risk,Acute lymphoblastic leukemia,Defective myeloid progenitors and regulators
acute lymphoblastic leukemia,http://purl.obolibrary.org/obo/MONDO_0004967,risk,Acute lymphoblastic leukemia,Defective T cells and thymocytes
acute lymphoblastic leukemia,http://purl.obolibrary.org/obo/MONDO_0004967,risk,Acute lymphoblastic leukemia,Deficient myeloid progenitors and HSC
acute lymphoblastic leukemia,http://purl.obolibrary.org/obo/MONDO_0004967,risk,Acute lymphoblastic leukemia,Diminished progenitors across lineages
acute lymphoblastic leukemia,http://purl.obolibrary.org/obo/MONDO_0004967,risk,Acute lymphoblastic leukemia,Increased leukemia and tumors
acute lymphoblastic leukemia,http://purl.obolibrary.org/obo/MONDO_0004967,risk,Acute lymphoblastic leukemia,Increased leukemia with myeloid hyperplasia
acute lymphoblastic leukemia,http://purl.obolibrary.org/obo/MONDO_0004967,risk,Acute lymphoblastic leukemia,Megakaryocyte progenitors and leukemia risk
acute lymphoblastic leukemia,http://purl.obolibrary.org/obo/MONDO_0004967,risk,Acute lymphoblastic leukemia,Megakaryocyte regulation by Runx1
acute lymphoblastic leukemia,http://purl.obolibrary.org/obo/MONDO_0004967,risk,Acute lymphoblastic leukemia,Myeloid hyperplasia and stem changes
acute lymphoblastic leukemia,http://purl.obolibrary.org/obo/MONDO_0004967,risk,Acute lymphoblastic leukemia,Reduced tumor-free survival and cancers
acute lymphoblastic leukemia,http://purl.obolibrary.org/obo/MONDO_0004967,risk,Acute lymphoblastic leukemia,Synaptic Signaling Program
acute myeloid leukemia,http://purl.obolibrary.org/obo/MONDO_0018874,diagnostic,Acute myeloid leukemia,Abnormal erythropoiesis and anemia
acute myeloid leukemia,http://purl.obolibrary.org/obo/MONDO_0018874,diagnostic,Acute myeloid leukemia,Abnormal hematopoietic cell morphologies
acute myeloid leukemia,http://purl.obolibrary.org/obo/MONDO_0018874,diagnostic,Acute myeloid leukemia,Abnormal hematopoietic differentiation
acute myeloid leukemia,http://purl.obolibrary.org/obo/MONDO_0018874,diagnostic,Acute myeloid leukemia,Abnormal hematopoietic progenitors
acute myeloid leukemia,http://purl.obolibrary.org/obo/MONDO_0018874,diagnostic,Acute myeloid leukemia,Abnormal myelopoiesis and progenitors
acute myeloid leukemia,http://purl.obolibrary.org/obo/MONDO_0018874,diagnostic,Acute myeloid leukemia,Absent common myeloid progenitors
acute myeloid leukemia,http://purl.obolibrary.org/obo/MONDO_0018874,diagnostic,Acute myeloid leukemia,Absent myeloid progenitors and hyperplasia
acute myeloid leukemia,http://purl.obolibrary.org/obo/MONDO_0018874,diagnostic,Acute myeloid leukemia,Bone marrow progenitors and HSCs
acute myeloid leukemia,http://purl.obolibrary.org/obo/MONDO_0018874,diagnostic,Acute myeloid leukemia,Granulopoiesis and extramedullary hematopoiesis
acute myeloid leukemia,http://purl.obolibrary.org/obo/MONDO_0018874,diagnostic,Acute myeloid leukemia,Granulopoiesis and megakaryocyte abnormalities
acute myeloid leukemia,http://purl.obolibrary.org/obo/MONDO_0018874,diagnostic,Acute myeloid leukemia,Granulopoiesis regulation in leukemia
acute myeloid leukemia,http://purl.obolibrary.org/obo/MONDO_0018874,diagnostic,Acute myeloid leukemia,Granulopoiesis signaling in disease
acute myeloid leukemia,http://purl.obolibrary.org/obo/MONDO_0018874,diagnostic,Acute myeloid leukemia,Granulopoiesis transcriptional regulation
acute myeloid leukemia,http://purl.obolibrary.org/obo/MONDO_0018874,diagnostic,Acute myeloid leukemia,Hematologic neoplasia and anisocytosis
acute myeloid leukemia,http://purl.obolibrary.org/obo/MONDO_0018874,diagnostic,Acute myeloid leukemia,Hematopoietic tumor incidence and regulation
acute myeloid leukemia,http://purl.obolibrary.org/obo/MONDO_0018874,diagnostic,Acute myeloid leukemia,Increased HSC number and leukemia
acute myeloid leukemia,http://purl.obolibrary.org/obo/MONDO_0018874,diagnostic,Acute myeloid leukemia,Increased leukemia and stem cells
acute myeloid leukemia,http://purl.obolibrary.org/obo/MONDO_0018874,diagnostic,Acute myeloid leukemia,Leukocyte and myeloid abnormalities
acute myeloid leukemia,http://purl.obolibrary.org/obo/MONDO_0018874,diagnostic,Acute myeloid leukemia,MDS features and stem cells
acute myeloid leukemia,http://purl.obolibrary.org/obo/MONDO_0018874,diagnostic,Acute myeloid leukemia,Megakaryocyte abnormalities and MDS
acute myeloid leukemia,http://purl.obolibrary.org/obo/MONDO_0018874,diagnostic,Acute myeloid leukemia,Megakaryocyte and leukocyte abnormalities
acute myeloid leukemia,http://purl.obolibrary.org/obo/MONDO_0018874,diagnostic,Acute myeloid leukemia,Megakaryocyte and myeloid progenitors
acute myeloid leukemia,http://purl.obolibrary.org/obo/MONDO_0018874,diagnostic,Acute myeloid leukemia,Megakaryocyte morphology and tumor incidence
acute myeloid leukemia,http://purl.obolibrary.org/obo/MONDO_0018874,diagnostic,Acute myeloid leukemia,Myelodysplastic syndrome features
acute myeloid leukemia,http://purl.obolibrary.org/obo/MONDO_0018874,diagnostic,Acute myeloid leukemia,Myeloid differentiation and Wnt signaling
acute myeloid leukemia,http://purl.obolibrary.org/obo/MONDO_0018874,diagnostic,Acute myeloid leukemia,Myeloid hyperplasia and KIT signaling
acute myeloid leukemia,http://purl.obolibrary.org/obo/MONDO_0018874,diagnostic,Acute myeloid leukemia,Tumor progression and metastasis
acute myeloid leukemia,http://purl.obolibrary.org/obo/MONDO_0018874,prognostic,Acute myeloid leukemia,Abnormal erythropoiesis and anemia
acute myeloid leukemia,http://purl.obolibrary.org/obo/MONDO_0018874,prognostic,Acute myeloid leukemia,Abnormal hematopoietic cell morphologies
acute myeloid leukemia,http://purl.obolibrary.org/obo/MONDO_0018874,prognostic,Acute myeloid leukemia,Abnormal hematopoietic differentiation
acute myeloid leukemia,http://purl.obolibrary.org/obo/MONDO_0018874,prognostic,Acute myeloid leukemia,Abnormal hematopoietic progenitors
acute myeloid leukemia,http://purl.obolibrary.org/obo/MONDO_0018874,prognostic,Acute myeloid leukemia,Abnormal myelopoiesis and progenitors
acute myeloid leukemia,http://purl.obolibrary.org/obo/MONDO_0018874,prognostic,Acute myeloid leukemia,Absent common myeloid progenitors
acute myeloid leukemia,http://purl.obolibrary.org/obo/MONDO_0018874,prognostic,Acute myeloid leukemia,Absent myeloid progenitors and hyperplasia
acute myeloid leukemia,http://purl.obolibrary.org/obo/MONDO_0018874,prognostic,Acute myeloid leukemia,Bone marrow progenitors and HSCs
acute myeloid leukemia,http://purl.obolibrary.org/obo/MONDO_0018874,prognostic,Acute myeloid leukemia,Granulopoiesis and extramedullary hematopoiesis
acute myeloid leukemia,http://purl.obolibrary.org/obo/MONDO_0018874,prognostic,Acute myeloid leukemia,Granulopoiesis and megakaryocyte abnormalities
acute myeloid leukemia,http://purl.obolibrary.org/obo/MONDO_0018874,prognostic,Acute myeloid leukemia,Granulopoiesis regulation in leukemia
acute myeloid leukemia,http://purl.obolibrary.org/obo/MONDO_0018874,prognostic,Acute myeloid leukemia,Granulopoiesis signaling in disease
acute myeloid leukemia,http://purl.obolibrary.org/obo/MONDO_0018874,prognostic,Acute myeloid leukemia,Granulopoiesis transcriptional regulation
acute myeloid leukemia,http://purl.obolibrary.org/obo/MONDO_0018874,prognostic,Acute myeloid leukemia,Hematologic neoplasia and anisocytosis
acute myeloid leukemia,http://purl.obolibrary.org/obo/MONDO_0018874,prognostic,Acute myeloid leukemia,Hematopoietic tumor incidence and regulation
acute myeloid leukemia,http://purl.obolibrary.org/obo/MONDO_0018874,prognostic,Acute myeloid leukemia,Increased HSC number and leukemia
acute myeloid leukemia,http://purl.obolibrary.org/obo/MONDO_0018874,prognostic,Acute myeloid leukemia,Increased leukemia and stem cells
acute myeloid leukemia,http://purl.obolibrary.org/obo/MONDO_0018874,prognostic,Acute myeloid leukemia,Leukocyte and myeloid abnormalities
acute myeloid leukemia,http://purl.obolibrary.org/obo/MONDO_0018874,prognostic,Acute myeloid leukemia,MDS features and stem cells
acute myeloid leukemia,http://purl.obolibrary.org/obo/MONDO_0018874,prognostic,Acute myeloid leukemia,Megakaryocyte abnormalities and MDS
acute myeloid leukemia,http://purl.obolibrary.org/obo/MONDO_0018874,prognostic,Acute myeloid leukemia,Megakaryocyte and leukocyte abnormalities
acute myeloid leukemia,http://purl.obolibrary.org/obo/MONDO_0018874,prognostic,Acute myeloid leukemia,Megakaryocyte and myeloid progenitors
acute myeloid leukemia,http://purl.obolibrary.org/obo/MONDO_0018874,prognostic,Acute myeloid leukemia,Megakaryocyte morphology and tumor incidence
acute myeloid leukemia,http://purl.obolibrary.org/obo/MONDO_0018874,prognostic,Acute myeloid leukemia,Myelodysplastic syndrome features
acute myeloid leukemia,http://purl.obolibrary.org/obo/MONDO_0018874,prognostic,Acute myeloid leukemia,Myeloid differentiation and Wnt signaling
acute myeloid leukemia,http://purl.obolibrary.org/obo/MONDO_0018874,prognostic,Acute myeloid leukemia,Myeloid hyperplasia and KIT signaling
acute myeloid leukemia,http://purl.obolibrary.org/obo/MONDO_0018874,prognostic,Acute myeloid leukemia,Tumor progression and metastasis
acute myeloid leukemia,http://purl.obolibrary.org/obo/MONDO_0018874,risk,Acute myeloid leukemia,Abnormal erythropoiesis and anemia
acute myeloid leukemia,http://purl.obolibrary.org/obo/MONDO_0018874,risk,Acute myeloid leukemia,Abnormal hematopoietic cell morphologies
acute myeloid leukemia,http://purl.obolibrary.org/obo/MONDO_0018874,risk,Acute myeloid leukemia,Abnormal hematopoietic differentiation
acute myeloid leukemia,http://purl.obolibrary.org/obo/MONDO_0018874,risk,Acute myeloid leukemia,Abnormal hematopoietic progenitors
acute myeloid leukemia,http://purl.obolibrary.org/obo/MONDO_0018874,risk,Acute myeloid leukemia,Abnormal myelopoiesis and progenitors
acute myeloid leukemia,http://purl.obolibrary.org/obo/MONDO_0018874,risk,Acute myeloid leukemia,Absent common myeloid progenitors
acute myeloid leukemia,http://purl.obolibrary.org/obo/MONDO_0018874,risk,Acute myeloid leukemia,Absent myeloid progenitors and hyperplasia
acute myeloid leukemia,http://purl.obolibrary.org/obo/MONDO_0018874,risk,Acute myeloid leukemia,Bone marrow progenitors and HSCs
acute myeloid leukemia,http://purl.obolibrary.org/obo/MONDO_0018874,risk,Acute myeloid leukemia,Granulopoiesis and extramedullary hematopoiesis
acute myeloid leukemia,http://purl.obolibrary.org/obo/MONDO_0018874,risk,Acute myeloid leukemia,Granulopoiesis and megakaryocyte abnormalities
acute myeloid leukemia,http://purl.obolibrary.org/obo/MONDO_0018874,risk,Acute myeloid leukemia,Granulopoiesis regulation in leukemia
acute myeloid leukemia,http://purl.obolibrary.org/obo/MONDO_0018874,risk,Acute myeloid leukemia,Granulopoiesis signaling in disease
acute myeloid leukemia,http://purl.obolibrary.org/obo/MONDO_0018874,risk,Acute myeloid leukemia,Granulopoiesis transcriptional regulation
acute myeloid leukemia,http://purl.obolibrary.org/obo/MONDO_0018874,risk,Acute myeloid leukemia,Hematologic neoplasia and anisocytosis
acute myeloid leukemia,http://purl.obolibrary.org/obo/MONDO_0018874,risk,Acute myeloid leukemia,Hematopoietic tumor incidence and regulation
acute myeloid leukemia,http://purl.obolibrary.org/obo/MONDO_0018874,risk,Acute myeloid leukemia,Increased HSC number and leukemia
acute myeloid leukemia,http://purl.obolibrary.org/obo/MONDO_0018874,risk,Acute myeloid leukemia,Increased leukemia and stem cells
acute myeloid leukemia,http://purl.obolibrary.org/obo/MONDO_0018874,risk,Acute myeloid leukemia,Leukocyte and myeloid abnormalities
acute myeloid leukemia,http://purl.obolibrary.org/obo/MONDO_0018874,risk,Acute myeloid leukemia,MDS features and stem cells
acute myeloid leukemia,http://purl.obolibrary.org/obo/MONDO_0018874,risk,Acute myeloid leukemia,Megakaryocyte abnormalities and MDS
acute myeloid leukemia,http://purl.obolibrary.org/obo/MONDO_0018874,risk,Acute myeloid leukemia,Megakaryocyte and leukocyte abnormalities
acute myeloid leukemia,http://purl.obolibrary.org/obo/MONDO_0018874,risk,Acute myeloid leukemia,Megakaryocyte and myeloid progenitors
acute myeloid leukemia,http://purl.obolibrary.org/obo/MONDO_0018874,risk,Acute myeloid leukemia,Megakaryocyte morphology and tumor incidence
acute myeloid leukemia,http://purl.obolibrary.org/obo/MONDO_0018874,risk,Acute myeloid leukemia,Myelodysplastic syndrome features
acute myeloid leukemia,http://purl.obolibrary.org/obo/MONDO_0018874,risk,Acute myeloid leukemia,Myeloid differentiation and Wnt signaling
acute myeloid leukemia,http://purl.obolibrary.org/obo/MONDO_0018874,risk,Acute myeloid leukemia,Myeloid hyperplasia and KIT signaling
acute myeloid leukemia,http://purl.obolibrary.org/obo/MONDO_0018874,risk,Acute myeloid leukemia,Tumor progression and metastasis
acute promyelocytic leukemia,http://purl.obolibrary.org/obo/MONDO_0012883,diagnostic,Acute promyelocytic leukemia,Cytokine Signaling
acute promyelocytic leukemia,http://purl.obolibrary.org/obo/MONDO_0012883,diagnostic,Acute promyelocytic leukemia,WNT Signaling
acute promyelocytic leukemia,http://purl.obolibrary.org/obo/MONDO_0012883,prognostic,Acute promyelocytic leukemia,Cytokine Signaling
acute promyelocytic leukemia,http://purl.obolibrary.org/obo/MONDO_0012883,prognostic,Acute promyelocytic leukemia,WNT Signaling
acute promyelocytic leukemia,http://purl.obolibrary.org/obo/MONDO_0012883,risk,Acute promyelocytic leukemia,Cytokine Signaling
acute promyelocytic leukemia,http://purl.obolibrary.org/obo/MONDO_0012883,risk,Acute promyelocytic leukemia,WNT Signaling
adrenal cortex carcinoma,http://purl.obolibrary.org/obo/MONDO_0006639,prognostic,Adrenocortical carcinoma,Mixed cancers and tumor suppressors
adrenal cortex carcinoma,http://purl.obolibrary.org/obo/MONDO_0006639,prognostic,Adrenocortical carcinoma,Prostate bladder cancers with mutations
adrenal cortex carcinoma,http://purl.obolibrary.org/obo/MONDO_0006639,prognostic,Adrenocortical carcinoma,Prostate cancer with metastasis
adrenal cortex carcinoma,http://purl.obolibrary.org/obo/MONDO_0006639,risk,Adrenocortical carcinoma,Mixed cancers and tumor suppressors
adrenal cortex carcinoma,http://purl.obolibrary.org/obo/MONDO_0006639,risk,Adrenocortical carcinoma,Prostate bladder cancers with mutations
adrenal cortex carcinoma,http://purl.obolibrary.org/obo/MONDO_0006639,risk,Adrenocortical carcinoma,Prostate cancer with metastasis
adult hepatocellular carcinoma,http://purl.obolibrary.org/obo/MONDO_0016216,diagnostic,Adult hepatocellular carcinoma,Cancer Pathways and Genes Set1
adult hepatocellular carcinoma,http://purl.obolibrary.org/obo/MONDO_0016216,diagnostic,Adult hepatocellular carcinoma,Cancer Pathways and Mutations Set2
allergic disease,http://purl.obolibrary.org/obo/MONDO_0005271,diagnostic,allergic disease,Absent lymphoid tissues
allergic disease,http://purl.obolibrary.org/obo/MONDO_0005271,diagnostic,allergic disease,Allograft rejection and cytokines
allergic disease,http://purl.obolibrary.org/obo/MONDO_0005271,diagnostic,allergic disease,Allograft rejection HLA alleles
allergic disease,http://purl.obolibrary.org/obo/MONDO_0005271,diagnostic,allergic disease,CD40 NFkB signaling
allergic disease,http://purl.obolibrary.org/obo/MONDO_0005271,diagnostic,allergic disease,Fetal lymphoid cells and thymus
allergic disease,http://purl.obolibrary.org/obo/MONDO_0005271,diagnostic,allergic disease,Helper T cell differentiation
allergic disease,http://purl.obolibrary.org/obo/MONDO_0005271,diagnostic,allergic disease,IL2 JAK STAT receptors
allergic disease,http://purl.obolibrary.org/obo/MONDO_0005271,diagnostic,allergic disease,IL2 JAK STAT signaling
allergic disease,http://purl.obolibrary.org/obo/MONDO_0005271,diagnostic,allergic disease,IL4 and IL12 signaling
allergic disease,http://purl.obolibrary.org/obo/MONDO_0005271,diagnostic,allergic disease,Increased autoantibodies and plasma cells
allergic disease,http://purl.obolibrary.org/obo/MONDO_0005271,diagnostic,allergic disease,Intestinal coexpression regulators
allergic disease,http://purl.obolibrary.org/obo/MONDO_0005271,diagnostic,allergic disease,Peyer patch immune interactions
allergic disease,http://purl.obolibrary.org/obo/MONDO_0005271,diagnostic,allergic disease,Peyer patches and lymph nodes
allergic disease,http://purl.obolibrary.org/obo/MONDO_0005271,diagnostic,allergic disease,T cell activation and regulation
allergic disease,http://purl.obolibrary.org/obo/MONDO_0005271,diagnostic,allergic disease,T cell differentiation defects
allergic disease,http://purl.obolibrary.org/obo/MONDO_0005271,diagnostic,allergic disease,T cell differentiation pathways
allergic disease,http://purl.obolibrary.org/obo/MONDO_0005271,diagnostic,allergic disease,T cell differentiation regulators
allergic disease,http://purl.obolibrary.org/obo/MONDO_0005271,diagnostic,allergic disease,T cell dysfunction and activation
allergic disease,http://purl.obolibrary.org/obo/MONDO_0005271,diagnostic,allergic disease,T cell proliferation signaling
allergic disease,http://purl.obolibrary.org/obo/MONDO_0005271,diagnostic,allergic disease,T cells and autoimmunity markers
allergic disease,http://purl.obolibrary.org/obo/MONDO_0005271,diagnostic,allergic disease,TCR signaling and thymocyte activation
allergic disease,http://purl.obolibrary.org/obo/MONDO_0005271,diagnostic,allergic disease,Th17 differentiation pathways
allergic disease,http://purl.obolibrary.org/obo/MONDO_0005271,diagnostic,allergic disease,Th2 cytokine signaling
allergic disease,http://purl.obolibrary.org/obo/MONDO_0005271,diagnostic,allergic disease,TNF NFkB signaling
allergic disease,http://purl.obolibrary.org/obo/MONDO_0005271,diagnostic,allergic disease,Type 1 diabetes susceptibility
allergic disease,http://purl.obolibrary.org/obo/MONDO_0005271,risk,allergic disease,Absent lymphoid tissues
allergic disease,http://purl.obolibrary.org/obo/MONDO_0005271,risk,allergic disease,Allograft rejection and cytokines
allergic disease,http://purl.obolibrary.org/obo/MONDO_0005271,risk,allergic disease,Allograft rejection HLA alleles
allergic disease,http://purl.obolibrary.org/obo/MONDO_0005271,risk,allergic disease,CD40 NFkB signaling
allergic disease,http://purl.obolibrary.org/obo/MONDO_0005271,risk,allergic disease,Fetal lymphoid cells and thymus
allergic disease,http://purl.obolibrary.org/obo/MONDO_0005271,risk,allergic disease,Helper T cell differentiation
allergic disease,http://purl.obolibrary.org/obo/MONDO_0005271,risk,allergic disease,IL2 JAK STAT receptors
allergic disease,http://purl.obolibrary.org/obo/MONDO_0005271,risk,allergic disease,IL2 JAK STAT signaling
allergic disease,http://purl.obolibrary.org/obo/MONDO_0005271,risk,allergic disease,IL4 and IL12 signaling
allergic disease,http://purl.obolibrary.org/obo/MONDO_0005271,risk,allergic disease,Increased autoantibodies and plasma cells
allergic disease,http://purl.obolibrary.org/obo/MONDO_0005271,risk,allergic disease,Intestinal coexpression regulators
allergic disease,http://purl.obolibrary.org/obo/MONDO_0005271,risk,allergic disease,Peyer patch immune interactions
allergic disease,http://purl.obolibrary.org/obo/MONDO_0005271,risk,allergic disease,Peyer patches and lymph nodes
allergic disease,http://purl.obolibrary.org/obo/MONDO_0005271,risk,allergic disease,T cell activation and regulation
allergic disease,http://purl.obolibrary.org/obo/MONDO_0005271,risk,allergic disease,T cell differentiation defects
allergic disease,http://purl.obolibrary.org/obo/MONDO_0005271,risk,allergic disease,T cell differentiation pathways
allergic disease,http://purl.obolibrary.org/obo/MONDO_0005271,risk,allergic disease,T cell differentiation regulators
allergic disease,http://purl.obolibrary.org/obo/MONDO_0005271,risk,allergic disease,T cell dysfunction and activation
allergic disease,http://purl.obolibrary.org/obo/MONDO_0005271,risk,allergic disease,T cell proliferation signaling
allergic disease,http://purl.obolibrary.org/obo/MONDO_0005271,risk,allergic disease,T cells and autoimmunity markers
allergic disease,http://purl.obolibrary.org/obo/MONDO_0005271,risk,allergic disease,TCR signaling and thymocyte activation
allergic disease,http://purl.obolibrary.org/obo/MONDO_0005271,risk,allergic disease,Th17 differentiation pathways
allergic disease,http://purl.obolibrary.org/obo/MONDO_0005271,risk,allergic disease,Th2 cytokine signaling
allergic disease,http://purl.obolibrary.org/obo/MONDO_0005271,risk,allergic disease,TNF NFkB signaling
allergic disease,http://purl.obolibrary.org/obo/MONDO_0005271,risk,allergic disease,Type 1 diabetes susceptibility
amyloidosis,http://purl.obolibrary.org/obo/MONDO_0019065,diagnostic,Amyloidosis,Amyloid Fiber Formation Astrocyte Markers
amyloidosis,http://purl.obolibrary.org/obo/MONDO_0019065,diagnostic,Amyloidosis,Amyloid Fibril Formation and Neurodegeneration
amyloidosis,http://purl.obolibrary.org/obo/MONDO_0019065,diagnostic,Amyloidosis,Amyloid Fibril Formation and Trophoblasts
amyloidosis,http://purl.obolibrary.org/obo/MONDO_0019065,diagnostic,Amyloidosis,Amyloid Formation and Innate Immunity
amyloidosis,http://purl.obolibrary.org/obo/MONDO_0019065,diagnostic,Amyloidosis,Amyloid Formation and Upregulated Genes
amyloidosis,http://purl.obolibrary.org/obo/MONDO_0019065,diagnostic,Amyloidosis,Cholesterol Lipoprotein Remodeling and Statins
amyloidosis,http://purl.obolibrary.org/obo/MONDO_0019065,diagnostic,Amyloidosis,Tissue Specific Upregulation of Lipoproteins
amyotrophic lateral sclerosis,http://purl.obolibrary.org/obo/MONDO_0004976,diagnostic,Amyotrophic lateral sclerosis,Axon degeneration and autophagy
amyotrophic lateral sclerosis,http://purl.obolibrary.org/obo/MONDO_0004976,diagnostic,Amyotrophic lateral sclerosis,Axon degeneration and motor neurons
amyotrophic lateral sclerosis,http://purl.obolibrary.org/obo/MONDO_0004976,diagnostic,Amyotrophic lateral sclerosis,Frontal lobe pathology and autophagy
amyotrophic lateral sclerosis,http://purl.obolibrary.org/obo/MONDO_0004976,diagnostic,Amyotrophic lateral sclerosis,Macroautophagy regulation and apoptosis
amyotrophic lateral sclerosis,http://purl.obolibrary.org/obo/MONDO_0004976,diagnostic,Amyotrophic lateral sclerosis,Molecular condensate scaffold activity
amyotrophic lateral sclerosis,http://purl.obolibrary.org/obo/MONDO_0004976,diagnostic,Amyotrophic lateral sclerosis,Motor neuron degeneration and astrocytosis
amyotrophic lateral sclerosis,http://purl.obolibrary.org/obo/MONDO_0004976,diagnostic,Amyotrophic lateral sclerosis,Motor neuron degeneration and glia
amyotrophic lateral sclerosis,http://purl.obolibrary.org/obo/MONDO_0004976,diagnostic,Amyotrophic lateral sclerosis,Motor neuron disease with weakness
amyotrophic lateral sclerosis,http://purl.obolibrary.org/obo/MONDO_0004976,diagnostic,Amyotrophic lateral sclerosis,Muscle fibers and motor neurons
amyotrophic lateral sclerosis,http://purl.obolibrary.org/obo/MONDO_0004976,diagnostic,Amyotrophic lateral sclerosis,Neuromuscular junction signaling
amyotrophic lateral sclerosis,http://purl.obolibrary.org/obo/MONDO_0004976,diagnostic,Amyotrophic lateral sclerosis,Neuromuscular synapse coordination
amyotrophic lateral sclerosis,http://purl.obolibrary.org/obo/MONDO_0004976,prognostic,Amyotrophic lateral sclerosis,Axon degeneration and autophagy
amyotrophic lateral sclerosis,http://purl.obolibrary.org/obo/MONDO_0004976,prognostic,Amyotrophic lateral sclerosis,Axon degeneration and motor neurons
amyotrophic lateral sclerosis,http://purl.obolibrary.org/obo/MONDO_0004976,prognostic,Amyotrophic lateral sclerosis,Frontal lobe pathology and autophagy
amyotrophic lateral sclerosis,http://purl.obolibrary.org/obo/MONDO_0004976,prognostic,Amyotrophic lateral sclerosis,Macroautophagy regulation and apoptosis
amyotrophic lateral sclerosis,http://purl.obolibrary.org/obo/MONDO_0004976,prognostic,Amyotrophic lateral sclerosis,Molecular condensate scaffold activity
amyotrophic lateral sclerosis,http://purl.obolibrary.org/obo/MONDO_0004976,prognostic,Amyotrophic lateral sclerosis,Motor neuron degeneration and astrocytosis
amyotrophic lateral sclerosis,http://purl.obolibrary.org/obo/MONDO_0004976,prognostic,Amyotrophic lateral sclerosis,Motor neuron degeneration and glia
amyotrophic lateral sclerosis,http://purl.obolibrary.org/obo/MONDO_0004976,prognostic,Amyotrophic lateral sclerosis,Motor neuron disease with weakness
amyotrophic lateral sclerosis,http://purl.obolibrary.org/obo/MONDO_0004976,prognostic,Amyotrophic lateral sclerosis,Muscle fibers and motor neurons
amyotrophic lateral sclerosis,http://purl.obolibrary.org/obo/MONDO_0004976,prognostic,Amyotrophic lateral sclerosis,Neuromuscular junction signaling
amyotrophic lateral sclerosis,http://purl.obolibrary.org/obo/MONDO_0004976,prognostic,Amyotrophic lateral sclerosis,Neuromuscular synapse coordination
amyotrophic lateral sclerosis,http://purl.obolibrary.org/obo/MONDO_0004976,risk,Amyotrophic lateral sclerosis,Axon degeneration and autophagy
amyotrophic lateral sclerosis,http://purl.obolibrary.org/obo/MONDO_0004976,risk,Amyotrophic lateral sclerosis,Axon degeneration and motor neurons
amyotrophic lateral sclerosis,http://purl.obolibrary.org/obo/MONDO_0004976,risk,Amyotrophic lateral sclerosis,Frontal lobe pathology and autophagy
amyotrophic lateral sclerosis,http://purl.obolibrary.org/obo/MONDO_0004976,risk,Amyotrophic lateral sclerosis,Macroautophagy regulation and apoptosis
amyotrophic lateral sclerosis,http://purl.obolibrary.org/obo/MONDO_0004976,risk,Amyotrophic lateral sclerosis,Molecular condensate scaffold activity
amyotrophic lateral sclerosis,http://purl.obolibrary.org/obo/MONDO_0004976,risk,Amyotrophic lateral sclerosis,Motor neuron degeneration and astrocytosis
amyotrophic lateral sclerosis,http://purl.obolibrary.org/obo/MONDO_0004976,risk,Amyotrophic lateral sclerosis,Motor neuron degeneration and glia
amyotrophic lateral sclerosis,http://purl.obolibrary.org/obo/MONDO_0004976,risk,Amyotrophic lateral sclerosis,Motor neuron disease with weakness
amyotrophic lateral sclerosis,http://purl.obolibrary.org/obo/MONDO_0004976,risk,Amyotrophic lateral sclerosis,Muscle fibers and motor neurons
amyotrophic lateral sclerosis,http://purl.obolibrary.org/obo/MONDO_0004976,risk,Amyotrophic lateral sclerosis,Neuromuscular junction signaling
amyotrophic lateral sclerosis,http://purl.obolibrary.org/obo/MONDO_0004976,risk,Amyotrophic lateral sclerosis,Neuromuscular synapse coordination
androgenetic alopecia,http://purl.obolibrary.org/obo/MONDO_0005339,risk,androgenetic alopecia,Scapula Development
ankylosing spondylitis,http://purl.obolibrary.org/obo/MONDO_0005306,diagnostic,ankylosing spondylitis,Antigen presentation and immune regulation
ankylosing spondylitis,http://purl.obolibrary.org/obo/MONDO_0005306,diagnostic,ankylosing spondylitis,NK cell and cytokine regulation
ankylosing spondylitis,http://purl.obolibrary.org/obo/MONDO_0005306,diagnostic,ankylosing spondylitis,T cell cytotoxicity and cytokines
ankylosing spondylitis,http://purl.obolibrary.org/obo/MONDO_0005306,diagnostic,ankylosing spondylitis,T cell differentiation and activation
ankylosing spondylitis,http://purl.obolibrary.org/obo/MONDO_0005306,risk,ankylosing spondylitis,Antigen presentation and immune regulation
ankylosing spondylitis,http://purl.obolibrary.org/obo/MONDO_0005306,risk,ankylosing spondylitis,NK cell and cytokine regulation
ankylosing spondylitis,http://purl.obolibrary.org/obo/MONDO_0005306,risk,ankylosing spondylitis,T cell cytotoxicity and cytokines
ankylosing spondylitis,http://purl.obolibrary.org/obo/MONDO_0005306,risk,ankylosing spondylitis,T cell differentiation and activation
aplastic anemia,http://purl.obolibrary.org/obo/MONDO_0015909,diagnostic,Rare aplastic anemia,Amino acid metabolism and development
aplastic anemia,http://purl.obolibrary.org/obo/MONDO_0015909,diagnostic,Rare aplastic anemia,Fanconi and DNA damage response
aplastic anemia,http://purl.obolibrary.org/obo/MONDO_0015909,diagnostic,Rare aplastic anemia,Fanconi DNA Repair Pathways
aplastic anemia,http://purl.obolibrary.org/obo/MONDO_0015909,diagnostic,Rare aplastic anemia,FBL renal tubule epithelial cells
aplastic anemia,http://purl.obolibrary.org/obo/MONDO_0015909,diagnostic,Rare aplastic anemia,Gamma delta T cell activation
aplastic anemia,http://purl.obolibrary.org/obo/MONDO_0015909,diagnostic,Rare aplastic anemia,Gastric Lysozyme Positive Cells
aplastic anemia,http://purl.obolibrary.org/obo/MONDO_0015909,diagnostic,Rare aplastic anemia,Gaucher responses and MBD4
aplastic anemia,http://purl.obolibrary.org/obo/MONDO_0015909,diagnostic,Rare aplastic anemia,Homologous recombination and SDSA
aplastic anemia,http://purl.obolibrary.org/obo/MONDO_0015909,diagnostic,Rare aplastic anemia,Liver cancer and stem cells
aplastic anemia,http://purl.obolibrary.org/obo/MONDO_0015909,diagnostic,Rare aplastic anemia,Lung club cells and kidney
aplastic anemia,http://purl.obolibrary.org/obo/MONDO_0015909,diagnostic,Rare aplastic anemia,Midbrain neurons and gastric cells
aplastic anemia,http://purl.obolibrary.org/obo/MONDO_0015909,diagnostic,Rare aplastic anemia,Ovarian early follicle cells
aplastic anemia,http://purl.obolibrary.org/obo/MONDO_0015909,diagnostic,Rare aplastic anemia,Ovary stroma and fibroblasts
aplastic anemia,http://purl.obolibrary.org/obo/MONDO_0015909,diagnostic,Rare aplastic anemia,P53 signaling mediator regulation
aplastic anemia,http://purl.obolibrary.org/obo/MONDO_0015909,diagnostic,Rare aplastic anemia,Pancytopenia and hematopoiesis genes
aplastic anemia,http://purl.obolibrary.org/obo/MONDO_0015909,diagnostic,Rare aplastic anemia,Processome and SARS interactions
aplastic anemia,http://purl.obolibrary.org/obo/MONDO_0015909,diagnostic,Rare aplastic anemia,Ribosome assembly and SARS
aplastic anemia,http://purl.obolibrary.org/obo/MONDO_0015909,diagnostic,Rare aplastic anemia,Ribosome biogenesis and assembly
aplastic anemia,http://purl.obolibrary.org/obo/MONDO_0015909,diagnostic,Rare aplastic anemia,Serum translation response and cells
aplastic anemia,http://purl.obolibrary.org/obo/MONDO_0015909,diagnostic,Rare aplastic anemia,Skeletal muscle and NK cells
aplastic anemia,http://purl.obolibrary.org/obo/MONDO_0015909,diagnostic,Rare aplastic anemia,Skeletal muscle and ovarian cells
aplastic anemia,http://purl.obolibrary.org/obo/MONDO_0015909,diagnostic,Rare aplastic anemia,Telomere maintenance and enzymes
aplastic anemia,http://purl.obolibrary.org/obo/MONDO_0015909,diagnostic,Rare aplastic anemia,Telomere maintenance and repair
aplastic anemia,http://purl.obolibrary.org/obo/MONDO_0015909,diagnostic,Rare aplastic anemia,Vincristine resistance and muscle genes
astrocytic tumor,http://purl.obolibrary.org/obo/MONDO_0021636,diagnostic,Astrocytoma,Cancer and Hair/Bone Pathways
astrocytic tumor,http://purl.obolibrary.org/obo/MONDO_0021636,diagnostic,Astrocytoma,Cancers and Tumor Suppressor Genes
astrocytic tumor,http://purl.obolibrary.org/obo/MONDO_0021636,diagnostic,Astrocytoma,FGFR/RAS/ERK Signaling in Cancers
astrocytic tumor,http://purl.obolibrary.org/obo/MONDO_0021636,diagnostic,Astrocytoma,Growth Factor and Immune Signaling
astrocytic tumor,http://purl.obolibrary.org/obo/MONDO_0021636,diagnostic,Astrocytoma,Inhibitors Target RTK/ERK Pathways
astrocytic tumor,http://purl.obolibrary.org/obo/MONDO_0021636,diagnostic,Astrocytoma,"Melanoma, Glioma, Prostate Signaling"
astrocytic tumor,http://purl.obolibrary.org/obo/MONDO_0021636,diagnostic,Astrocytoma,RAS/ERK Pathways in Cancers
astrocytic tumor,http://purl.obolibrary.org/obo/MONDO_0021636,diagnostic,Astrocytoma,RTK/EGFR Signaling in Cancers
astrocytic tumor,http://purl.obolibrary.org/obo/MONDO_0021636,prognostic,Astrocytoma,Cancer and Hair/Bone Pathways
astrocytic tumor,http://purl.obolibrary.org/obo/MONDO_0021636,prognostic,Astrocytoma,Cancers and Tumor Suppressor Genes
astrocytic tumor,http://purl.obolibrary.org/obo/MONDO_0021636,prognostic,Astrocytoma,FGFR/RAS/ERK Signaling in Cancers
astrocytic tumor,http://purl.obolibrary.org/obo/MONDO_0021636,prognostic,Astrocytoma,Growth Factor and Immune Signaling
astrocytic tumor,http://purl.obolibrary.org/obo/MONDO_0021636,prognostic,Astrocytoma,Inhibitors Target RTK/ERK Pathways
astrocytic tumor,http://purl.obolibrary.org/obo/MONDO_0021636,prognostic,Astrocytoma,"Melanoma, Glioma, Prostate Signaling"
astrocytic tumor,http://purl.obolibrary.org/obo/MONDO_0021636,prognostic,Astrocytoma,RAS/ERK Pathways in Cancers
astrocytic tumor,http://purl.obolibrary.org/obo/MONDO_0021636,prognostic,Astrocytoma,RTK/EGFR Signaling in Cancers
astrocytic tumor,http://purl.obolibrary.org/obo/MONDO_0021636,risk,Astrocytoma,Cancer and Hair/Bone Pathways
astrocytic tumor,http://purl.obolibrary.org/obo/MONDO_0021636,risk,Astrocytoma,Cancers and Tumor Suppressor Genes
astrocytic tumor,http://purl.obolibrary.org/obo/MONDO_0021636,risk,Astrocytoma,FGFR/RAS/ERK Signaling in Cancers
astrocytic tumor,http://purl.obolibrary.org/obo/MONDO_0021636,risk,Astrocytoma,Growth Factor and Immune Signaling
astrocytic tumor,http://purl.obolibrary.org/obo/MONDO_0021636,risk,Astrocytoma,Inhibitors Target RTK/ERK Pathways
astrocytic tumor,http://purl.obolibrary.org/obo/MONDO_0021636,risk,Astrocytoma,"Melanoma, Glioma, Prostate Signaling"
astrocytic tumor,http://purl.obolibrary.org/obo/MONDO_0021636,risk,Astrocytoma,RAS/ERK Pathways in Cancers
astrocytic tumor,http://purl.obolibrary.org/obo/MONDO_0021636,risk,Astrocytoma,RTK/EGFR Signaling in Cancers
atopic eczema,http://purl.obolibrary.org/obo/MONDO_0004980,prognostic,Atopic dermatitis,Absent Lymphoid Structures and Cytokines
atopic eczema,http://purl.obolibrary.org/obo/MONDO_0004980,prognostic,Atopic dermatitis,Allograft Rejection and HLA
atopic eczema,http://purl.obolibrary.org/obo/MONDO_0004980,prognostic,Atopic dermatitis,CD40 and IL-4 Signaling
atopic eczema,http://purl.obolibrary.org/obo/MONDO_0004980,prognostic,Atopic dermatitis,Cytokine Receptor Signaling
atopic eczema,http://purl.obolibrary.org/obo/MONDO_0004980,prognostic,Atopic dermatitis,Cytokine Signaling and Inflammation
atopic eczema,http://purl.obolibrary.org/obo/MONDO_0004980,prognostic,Atopic dermatitis,Decreased Immunoglobulins and NF-kB
atopic eczema,http://purl.obolibrary.org/obo/MONDO_0004980,prognostic,Atopic dermatitis,EBV-Transformed Lymphocytes Upregulated
atopic eczema,http://purl.obolibrary.org/obo/MONDO_0004980,prognostic,Atopic dermatitis,Fetal Lymphoid Cells and T
atopic eczema,http://purl.obolibrary.org/obo/MONDO_0004980,prognostic,Atopic dermatitis,GPCR Coexpression in Small Intestine
atopic eczema,http://purl.obolibrary.org/obo/MONDO_0004980,prognostic,Atopic dermatitis,Il 2 Jak Stat Signaling
atopic eczema,http://purl.obolibrary.org/obo/MONDO_0004980,prognostic,Atopic dermatitis,IL-2/JAK-STAT Signaling and Memory
atopic eczema,http://purl.obolibrary.org/obo/MONDO_0004980,prognostic,Atopic dermatitis,IL-4 and Type 2 Immunity
atopic eczema,http://purl.obolibrary.org/obo/MONDO_0004980,prognostic,Atopic dermatitis,Immune Interactions and IFNG Signaling
atopic eczema,http://purl.obolibrary.org/obo/MONDO_0004980,prognostic,Atopic dermatitis,Increased Immunoglobulins and Plasma Cells
atopic eczema,http://purl.obolibrary.org/obo/MONDO_0004980,prognostic,Atopic dermatitis,"Macrophages, DCs Respond to LPS"
atopic eczema,http://purl.obolibrary.org/obo/MONDO_0004980,prognostic,Atopic dermatitis,Myeloid Activation and Differentiation
atopic eczema,http://purl.obolibrary.org/obo/MONDO_0004980,prognostic,Atopic dermatitis,Regulation of T Helper Differentiation
atopic eczema,http://purl.obolibrary.org/obo/MONDO_0004980,prognostic,Atopic dermatitis,Regulatory T Cells and DCs
atopic eczema,http://purl.obolibrary.org/obo/MONDO_0004980,prognostic,Atopic dermatitis,T Cell Activation Regulation
atopic eczema,http://purl.obolibrary.org/obo/MONDO_0004980,prognostic,Atopic dermatitis,T Cell Development and Differentiation
atopic eczema,http://purl.obolibrary.org/obo/MONDO_0004980,prognostic,Atopic dermatitis,T Helper Differentiation Regulation
atopic eczema,http://purl.obolibrary.org/obo/MONDO_0004980,prognostic,Atopic dermatitis,Th1/Th2 and T Cell Activation
atopic eczema,http://purl.obolibrary.org/obo/MONDO_0004980,prognostic,Atopic dermatitis,Th17 Differentiation and Activation
atopic eczema,http://purl.obolibrary.org/obo/MONDO_0004980,prognostic,Atopic dermatitis,Thyroid and B/T Cell Activation
atopic eczema,http://purl.obolibrary.org/obo/MONDO_0004980,prognostic,Atopic dermatitis,TNF Signaling and Metaprograms
atopic eczema,http://purl.obolibrary.org/obo/MONDO_0004980,prognostic,Atopic dermatitis,TNF/NF-κB and Notch Targets
atopic eczema,http://purl.obolibrary.org/obo/MONDO_0004980,prognostic,Atopic dermatitis,Type 2 Immunity and Cytokines
atopic eczema,http://purl.obolibrary.org/obo/MONDO_0004980,prognostic,atopic eczema,Absent lymphoid structures and signaling
atopic eczema,http://purl.obolibrary.org/obo/MONDO_0004980,prognostic,atopic eczema,Absent Peyer patches; immune abnormalities
atopic eczema,http://purl.obolibrary.org/obo/MONDO_0004980,prognostic,atopic eczema,Autoimmune inflammation and lymphoid changes
atopic eczema,http://purl.obolibrary.org/obo/MONDO_0004980,prognostic,atopic eczema,Autoimmune susceptibility and immune development
atopic eczema,http://purl.obolibrary.org/obo/MONDO_0004980,prognostic,atopic eczema,Autoimmune susceptibility and T activation
atopic eczema,http://purl.obolibrary.org/obo/MONDO_0004980,prognostic,atopic eczema,CD4 T cell differentiation
atopic eczema,http://purl.obolibrary.org/obo/MONDO_0004980,prognostic,atopic eczema,Cytokine Jak-STAT signaling
atopic eczema,http://purl.obolibrary.org/obo/MONDO_0004980,prognostic,atopic eczema,Dendritic cells and cytokine signaling
atopic eczema,http://purl.obolibrary.org/obo/MONDO_0004980,prognostic,atopic eczema,IBD signaling with ILC development
atopic eczema,http://purl.obolibrary.org/obo/MONDO_0004980,prognostic,atopic eczema,IL-2 STAT signaling pathways
atopic eczema,http://purl.obolibrary.org/obo/MONDO_0004980,prognostic,atopic eczema,ILC development and inflammatory signaling
atopic eczema,http://purl.obolibrary.org/obo/MONDO_0004980,prognostic,atopic eczema,Immune signaling with lymphoid abnormalities
atopic eczema,http://purl.obolibrary.org/obo/MONDO_0004980,prognostic,atopic eczema,Jak-STAT signaling in T cells
atopic eczema,http://purl.obolibrary.org/obo/MONDO_0004980,prognostic,atopic eczema,Multiorgan inflammation and TNF pathway
atopic eczema,http://purl.obolibrary.org/obo/MONDO_0004980,prognostic,atopic eczema,Peyer's patches and NF-kB signaling
atopic eczema,http://purl.obolibrary.org/obo/MONDO_0004980,prognostic,atopic eczema,Regulatory T cells and inflammation
atopic eczema,http://purl.obolibrary.org/obo/MONDO_0004980,prognostic,atopic eczema,Regulatory T cells in inflammation
atopic eczema,http://purl.obolibrary.org/obo/MONDO_0004980,prognostic,atopic eczema,Sjogren's inflammation and T cells
atopic eczema,http://purl.obolibrary.org/obo/MONDO_0004980,prognostic,atopic eczema,T cell activation and differentiation
atopic eczema,http://purl.obolibrary.org/obo/MONDO_0004980,prognostic,atopic eczema,T cell activation and hyperplasia
atopic eczema,http://purl.obolibrary.org/obo/MONDO_0004980,prognostic,atopic eczema,T cell development and differentiation
atopic eczema,http://purl.obolibrary.org/obo/MONDO_0004980,prognostic,atopic eczema,TCR signaling in infections
atopic eczema,http://purl.obolibrary.org/obo/MONDO_0004980,prognostic,atopic eczema,Transplant response and autoimmunity markers
atopic eczema,http://purl.obolibrary.org/obo/MONDO_0004980,risk,Atopic dermatitis,Absent Lymphoid Structures and Cytokines
atopic eczema,http://purl.obolibrary.org/obo/MONDO_0004980,risk,Atopic dermatitis,Allograft Rejection and HLA
atopic eczema,http://purl.obolibrary.org/obo/MONDO_0004980,risk,Atopic dermatitis,CD40 and IL-4 Signaling
atopic eczema,http://purl.obolibrary.org/obo/MONDO_0004980,risk,Atopic dermatitis,Cytokine Receptor Signaling
atopic eczema,http://purl.obolibrary.org/obo/MONDO_0004980,risk,Atopic dermatitis,Cytokine Signaling and Inflammation
atopic eczema,http://purl.obolibrary.org/obo/MONDO_0004980,risk,Atopic dermatitis,Decreased Immunoglobulins and NF-kB
atopic eczema,http://purl.obolibrary.org/obo/MONDO_0004980,risk,Atopic dermatitis,EBV-Transformed Lymphocytes Upregulated
atopic eczema,http://purl.obolibrary.org/obo/MONDO_0004980,risk,Atopic dermatitis,Fetal Lymphoid Cells and T
atopic eczema,http://purl.obolibrary.org/obo/MONDO_0004980,risk,Atopic dermatitis,GPCR Coexpression in Small Intestine
atopic eczema,http://purl.obolibrary.org/obo/MONDO_0004980,risk,Atopic dermatitis,Il 2 Jak Stat Signaling
atopic eczema,http://purl.obolibrary.org/obo/MONDO_0004980,risk,Atopic dermatitis,IL-2/JAK-STAT Signaling and Memory
atopic eczema,http://purl.obolibrary.org/obo/MONDO_0004980,risk,Atopic dermatitis,IL-4 and Type 2 Immunity
atopic eczema,http://purl.obolibrary.org/obo/MONDO_0004980,risk,Atopic dermatitis,Immune Interactions and IFNG Signaling
atopic eczema,http://purl.obolibrary.org/obo/MONDO_0004980,risk,Atopic dermatitis,Increased Immunoglobulins and Plasma Cells
atopic eczema,http://purl.obolibrary.org/obo/MONDO_0004980,risk,Atopic dermatitis,"Macrophages, DCs Respond to LPS"
atopic eczema,http://purl.obolibrary.org/obo/MONDO_0004980,risk,Atopic dermatitis,Myeloid Activation and Differentiation
atopic eczema,http://purl.obolibrary.org/obo/MONDO_0004980,risk,Atopic dermatitis,Regulation of T Helper Differentiation
atopic eczema,http://purl.obolibrary.org/obo/MONDO_0004980,risk,Atopic dermatitis,Regulatory T Cells and DCs
atopic eczema,http://purl.obolibrary.org/obo/MONDO_0004980,risk,Atopic dermatitis,T Cell Activation Regulation
atopic eczema,http://purl.obolibrary.org/obo/MONDO_0004980,risk,Atopic dermatitis,T Cell Development and Differentiation
atopic eczema,http://purl.obolibrary.org/obo/MONDO_0004980,risk,Atopic dermatitis,T Helper Differentiation Regulation
atopic eczema,http://purl.obolibrary.org/obo/MONDO_0004980,risk,Atopic dermatitis,Th1/Th2 and T Cell Activation
atopic eczema,http://purl.obolibrary.org/obo/MONDO_0004980,risk,Atopic dermatitis,Th17 Differentiation and Activation
atopic eczema,http://purl.obolibrary.org/obo/MONDO_0004980,risk,Atopic dermatitis,Thyroid and B/T Cell Activation
atopic eczema,http://purl.obolibrary.org/obo/MONDO_0004980,risk,Atopic dermatitis,TNF Signaling and Metaprograms
atopic eczema,http://purl.obolibrary.org/obo/MONDO_0004980,risk,Atopic dermatitis,TNF/NF-κB and Notch Targets
atopic eczema,http://purl.obolibrary.org/obo/MONDO_0004980,risk,Atopic dermatitis,Type 2 Immunity and Cytokines
atopic eczema,http://purl.obolibrary.org/obo/MONDO_0004980,risk,atopic eczema,Absent lymphoid structures and signaling
atopic eczema,http://purl.obolibrary.org/obo/MONDO_0004980,risk,atopic eczema,Absent Peyer patches; immune abnormalities
atopic eczema,http://purl.obolibrary.org/obo/MONDO_0004980,risk,atopic eczema,Autoimmune inflammation and lymphoid changes
atopic eczema,http://purl.obolibrary.org/obo/MONDO_0004980,risk,atopic eczema,Autoimmune susceptibility and immune development
atopic eczema,http://purl.obolibrary.org/obo/MONDO_0004980,risk,atopic eczema,Autoimmune susceptibility and T activation
atopic eczema,http://purl.obolibrary.org/obo/MONDO_0004980,risk,atopic eczema,CD4 T cell differentiation
atopic eczema,http://purl.obolibrary.org/obo/MONDO_0004980,risk,atopic eczema,Cytokine Jak-STAT signaling
atopic eczema,http://purl.obolibrary.org/obo/MONDO_0004980,risk,atopic eczema,Dendritic cells and cytokine signaling
atopic eczema,http://purl.obolibrary.org/obo/MONDO_0004980,risk,atopic eczema,IBD signaling with ILC development
atopic eczema,http://purl.obolibrary.org/obo/MONDO_0004980,risk,atopic eczema,IL-2 STAT signaling pathways
atopic eczema,http://purl.obolibrary.org/obo/MONDO_0004980,risk,atopic eczema,ILC development and inflammatory signaling
atopic eczema,http://purl.obolibrary.org/obo/MONDO_0004980,risk,atopic eczema,Immune signaling with lymphoid abnormalities
atopic eczema,http://purl.obolibrary.org/obo/MONDO_0004980,risk,atopic eczema,Jak-STAT signaling in T cells
atopic eczema,http://purl.obolibrary.org/obo/MONDO_0004980,risk,atopic eczema,Multiorgan inflammation and TNF pathway
atopic eczema,http://purl.obolibrary.org/obo/MONDO_0004980,risk,atopic eczema,Peyer's patches and NF-kB signaling
atopic eczema,http://purl.obolibrary.org/obo/MONDO_0004980,risk,atopic eczema,Regulatory T cells and inflammation
atopic eczema,http://purl.obolibrary.org/obo/MONDO_0004980,risk,atopic eczema,Regulatory T cells in inflammation
atopic eczema,http://purl.obolibrary.org/obo/MONDO_0004980,risk,atopic eczema,Sjogren's inflammation and T cells
atopic eczema,http://purl.obolibrary.org/obo/MONDO_0004980,risk,atopic eczema,T cell activation and differentiation
atopic eczema,http://purl.obolibrary.org/obo/MONDO_0004980,risk,atopic eczema,T cell activation and hyperplasia
atopic eczema,http://purl.obolibrary.org/obo/MONDO_0004980,risk,atopic eczema,T cell development and differentiation
atopic eczema,http://purl.obolibrary.org/obo/MONDO_0004980,risk,atopic eczema,TCR signaling in infections
atopic eczema,http://purl.obolibrary.org/obo/MONDO_0004980,risk,atopic eczema,Transplant response and autoimmunity markers
atrial septal defect,http://purl.obolibrary.org/obo/MONDO_0006664,prognostic,Interatrial communication,Cardiac morphology defects and failure
atrial septal defect,http://purl.obolibrary.org/obo/MONDO_0006664,prognostic,Interatrial communication,Congenital heart development genes
atrial septal defect,http://purl.obolibrary.org/obo/MONDO_0006664,prognostic,Interatrial communication,Conotruncal development and cardiogenesis genes
atrial septal defect,http://purl.obolibrary.org/obo/MONDO_0006664,prognostic,Interatrial communication,Disordered myocardium and muscle proteins
atrial septal defect,http://purl.obolibrary.org/obo/MONDO_0006664,prognostic,Interatrial communication,Outflow tract and atrioventricular defects
atrial septal defect,http://purl.obolibrary.org/obo/MONDO_0006664,prognostic,Interatrial communication,Outflow tract and cardiogenesis regulation
atrial septal defect,http://purl.obolibrary.org/obo/MONDO_0006664,prognostic,Interatrial communication,Ventricle and atrial septum development
autoimmune disease,http://purl.obolibrary.org/obo/MONDO_0007179,diagnostic,autoimmune disease,Abnormal alpha-beta T cell activation
autoimmune disease,http://purl.obolibrary.org/obo/MONDO_0007179,diagnostic,autoimmune disease,Abnormal immune and hematopoiesis
autoimmune disease,http://purl.obolibrary.org/obo/MONDO_0007179,diagnostic,autoimmune disease,"Absent germinal centers, infection risk"
autoimmune disease,http://purl.obolibrary.org/obo/MONDO_0007179,diagnostic,autoimmune disease,Altered cytokine secretion and proliferation
autoimmune disease,http://purl.obolibrary.org/obo/MONDO_0007179,diagnostic,autoimmune disease,B and T cell abnormalities
autoimmune disease,http://purl.obolibrary.org/obo/MONDO_0007179,diagnostic,autoimmune disease,Decreased interferon gamma secretion
autoimmune disease,http://purl.obolibrary.org/obo/MONDO_0007179,diagnostic,autoimmune disease,Decreased interferon production and response
autoimmune disease,http://purl.obolibrary.org/obo/MONDO_0007179,diagnostic,autoimmune disease,Fetal lymphoid cells
autoimmune disease,http://purl.obolibrary.org/obo/MONDO_0007179,diagnostic,autoimmune disease,Impaired T cell activation
autoimmune disease,http://purl.obolibrary.org/obo/MONDO_0007179,diagnostic,autoimmune disease,Increased B-1 cells
autoimmune disease,http://purl.obolibrary.org/obo/MONDO_0007179,diagnostic,autoimmune disease,Increased T and B cells
autoimmune disease,http://purl.obolibrary.org/obo/MONDO_0007179,diagnostic,autoimmune disease,Reduced IFN-gamma and NK function
autoimmune disease,http://purl.obolibrary.org/obo/MONDO_0007179,diagnostic,autoimmune disease,T cell differentiation and signaling
B-cell chronic lymphocytic leukemia,http://purl.obolibrary.org/obo/MONDO_0004948,prognostic,B-cell chronic lymphocytic leukemia,Mammary and ovarian tumor profiles
B-cell chronic lymphocytic leukemia,http://purl.obolibrary.org/obo/MONDO_0004948,prognostic,B-cell chronic lymphocytic leukemia,Meiosis and telomere maintenance
B-cell chronic lymphocytic leukemia,http://purl.obolibrary.org/obo/MONDO_0004948,prognostic,chronic lymphocytic leukemia,Neural Development
B-cell chronic lymphocytic leukemia,http://purl.obolibrary.org/obo/MONDO_0004948,risk,B-cell chronic lymphocytic leukemia,Mammary and ovarian tumor profiles
B-cell chronic lymphocytic leukemia,http://purl.obolibrary.org/obo/MONDO_0004948,risk,B-cell chronic lymphocytic leukemia,Meiosis and telomere maintenance
B-cell chronic lymphocytic leukemia,http://purl.obolibrary.org/obo/MONDO_0004948,risk,chronic lymphocytic leukemia,Neural Development
Behcet disease,http://purl.obolibrary.org/obo/MONDO_0007191,risk,Behcet's syndrome,IFN-gamma and IL-12 axis
Behcet disease,http://purl.obolibrary.org/obo/MONDO_0007191,risk,Behcet's syndrome,T-cell selective chemokine receptor expression
Behcet disease,http://purl.obolibrary.org/obo/MONDO_0007191,risk,Behet disease,Allograft rejection pathways
Behcet disease,http://purl.obolibrary.org/obo/MONDO_0007191,risk,Behet disease,Cytokine dysregulation: TNF-IFN-γ-IL-10
Behcet disease,http://purl.obolibrary.org/obo/MONDO_0007191,risk,Behet disease,Decreased IFN-γ signaling; parasite susceptibility
Behcet disease,http://purl.obolibrary.org/obo/MONDO_0007191,risk,Behet disease,Decreased IFN-γ; enhanced infection risk
Behcet disease,http://purl.obolibrary.org/obo/MONDO_0007191,risk,Behet disease,Decreased IFN-γ; NK/T dysregulation
Behcet disease,http://purl.obolibrary.org/obo/MONDO_0007191,risk,Behet disease,Decreased IFN-γ; parasite susceptibility
Behcet disease,http://purl.obolibrary.org/obo/MONDO_0007191,risk,Behet disease,Impaired inflammatory signaling; NK dysfunction
Behcet disease,http://purl.obolibrary.org/obo/MONDO_0007191,risk,Behet disease,Inflammatory cytokine signaling
Behcet disease,http://purl.obolibrary.org/obo/MONDO_0007191,risk,Behet disease,Lymphocyte Expression Program
brain aneurysm,http://purl.obolibrary.org/obo/MONDO_0005291,risk,Intracranial aneurysm,Organ formation and germ layer
brain aneurysm,http://purl.obolibrary.org/obo/MONDO_0005291,risk,Intracranial aneurysm,Regulation of organ morphogenesis
brain aneurysm,http://purl.obolibrary.org/obo/MONDO_0005291,risk,Intracranial aneurysm,Vascular and craniofacial development
brain aneurysm,http://purl.obolibrary.org/obo/MONDO_0005291,risk,Unruptured intracranial aneurysm,Renal Development
breast cancer,http://purl.obolibrary.org/obo/MONDO_0007254,diagnostic,Breast cancer,Adipogenesis and Fat Cell Differentiation
breast cancer,http://purl.obolibrary.org/obo/MONDO_0007254,diagnostic,Breast cancer,Craniofacial and Cardiac Defects
breast cancer,http://purl.obolibrary.org/obo/MONDO_0007254,diagnostic,Breast cancer,Craniofacial Morphology Abnormalities
breast cancer,http://purl.obolibrary.org/obo/MONDO_0007254,diagnostic,Breast cancer,Embryonic Limb and Mammary Development
breast cancer,http://purl.obolibrary.org/obo/MONDO_0007254,diagnostic,Breast cancer,Limb and Hair Follicle Development
breast cancer,http://purl.obolibrary.org/obo/MONDO_0007254,diagnostic,Breast cancer,Lung and Cardiac Morphogenesis
breast cancer,http://purl.obolibrary.org/obo/MONDO_0007254,diagnostic,Breast cancer,Lung Development and Morphogenesis
breast cancer,http://purl.obolibrary.org/obo/MONDO_0007254,diagnostic,Breast cancer,Mammary Gland Development
breast cancer,http://purl.obolibrary.org/obo/MONDO_0007254,diagnostic,Breast cancer,Prostate Cancer and DNA Damage
breast cancer,http://purl.obolibrary.org/obo/MONDO_0007254,diagnostic,Breast cancer,Pulmonary and Craniofacial Anomalies
breast cancer,http://purl.obolibrary.org/obo/MONDO_0007254,diagnostic,Breast cancer,Skeletal Development and Chondrocyte Hypertrophy
breast cancer,http://purl.obolibrary.org/obo/MONDO_0007254,monitoring,Breast cancer,Adipogenesis and Fat Cell Differentiation
breast cancer,http://purl.obolibrary.org/obo/MONDO_0007254,monitoring,Breast cancer,Craniofacial and Cardiac Defects
breast cancer,http://purl.obolibrary.org/obo/MONDO_0007254,monitoring,Breast cancer,Craniofacial Morphology Abnormalities
breast cancer,http://purl.obolibrary.org/obo/MONDO_0007254,monitoring,Breast cancer,Embryonic Limb and Mammary Development
breast cancer,http://purl.obolibrary.org/obo/MONDO_0007254,monitoring,Breast cancer,Limb and Hair Follicle Development
breast cancer,http://purl.obolibrary.org/obo/MONDO_0007254,monitoring,Breast cancer,Lung and Cardiac Morphogenesis
breast cancer,http://purl.obolibrary.org/obo/MONDO_0007254,monitoring,Breast cancer,Lung Development and Morphogenesis
breast cancer,http://purl.obolibrary.org/obo/MONDO_0007254,monitoring,Breast cancer,Mammary Gland Development
breast cancer,http://purl.obolibrary.org/obo/MONDO_0007254,monitoring,Breast cancer,Prostate Cancer and DNA Damage
breast cancer,http://purl.obolibrary.org/obo/MONDO_0007254,monitoring,Breast cancer,Pulmonary and Craniofacial Anomalies
breast cancer,http://purl.obolibrary.org/obo/MONDO_0007254,monitoring,Breast cancer,Skeletal Development and Chondrocyte Hypertrophy
breast cancer,http://purl.obolibrary.org/obo/MONDO_0007254,prognostic,Breast cancer,Adipogenesis and Fat Cell Differentiation
breast cancer,http://purl.obolibrary.org/obo/MONDO_0007254,prognostic,Breast cancer,Craniofacial and Cardiac Defects
breast cancer,http://purl.obolibrary.org/obo/MONDO_0007254,prognostic,Breast cancer,Craniofacial Morphology Abnormalities
breast cancer,http://purl.obolibrary.org/obo/MONDO_0007254,prognostic,Breast cancer,Embryonic Limb and Mammary Development
breast cancer,http://purl.obolibrary.org/obo/MONDO_0007254,prognostic,Breast cancer,Limb and Hair Follicle Development
breast cancer,http://purl.obolibrary.org/obo/MONDO_0007254,prognostic,Breast cancer,Lung and Cardiac Morphogenesis
breast cancer,http://purl.obolibrary.org/obo/MONDO_0007254,prognostic,Breast cancer,Lung Development and Morphogenesis
breast cancer,http://purl.obolibrary.org/obo/MONDO_0007254,prognostic,Breast cancer,Mammary Gland Development
breast cancer,http://purl.obolibrary.org/obo/MONDO_0007254,prognostic,Breast cancer,Prostate Cancer and DNA Damage
breast cancer,http://purl.obolibrary.org/obo/MONDO_0007254,prognostic,Breast cancer,Pulmonary and Craniofacial Anomalies
breast cancer,http://purl.obolibrary.org/obo/MONDO_0007254,prognostic,Breast cancer,Skeletal Development and Chondrocyte Hypertrophy
breast cancer,http://purl.obolibrary.org/obo/MONDO_0007254,risk,Breast cancer,Adipogenesis and Fat Cell Differentiation
breast cancer,http://purl.obolibrary.org/obo/MONDO_0007254,risk,Breast cancer,Craniofacial and Cardiac Defects
breast cancer,http://purl.obolibrary.org/obo/MONDO_0007254,risk,Breast cancer,Craniofacial Morphology Abnormalities
breast cancer,http://purl.obolibrary.org/obo/MONDO_0007254,risk,Breast cancer,Embryonic Limb and Mammary Development
breast cancer,http://purl.obolibrary.org/obo/MONDO_0007254,risk,Breast cancer,Limb and Hair Follicle Development
breast cancer,http://purl.obolibrary.org/obo/MONDO_0007254,risk,Breast cancer,Lung and Cardiac Morphogenesis
breast cancer,http://purl.obolibrary.org/obo/MONDO_0007254,risk,Breast cancer,Lung Development and Morphogenesis
breast cancer,http://purl.obolibrary.org/obo/MONDO_0007254,risk,Breast cancer,Mammary Gland Development
breast cancer,http://purl.obolibrary.org/obo/MONDO_0007254,risk,Breast cancer,Prostate Cancer and DNA Damage
breast cancer,http://purl.obolibrary.org/obo/MONDO_0007254,risk,Breast cancer,Pulmonary and Craniofacial Anomalies
breast cancer,http://purl.obolibrary.org/obo/MONDO_0007254,risk,Breast cancer,Skeletal Development and Chondrocyte Hypertrophy
Brugada syndrome,http://purl.obolibrary.org/obo/MONDO_0015263,risk,Brugada syndrome,Actin movement and contraction
Brugada syndrome,http://purl.obolibrary.org/obo/MONDO_0015263,risk,Brugada syndrome,Calcium and cation channel regulation
Brugada syndrome,http://purl.obolibrary.org/obo/MONDO_0015263,risk,Brugada syndrome,Calcium channel activity and import
Brugada syndrome,http://purl.obolibrary.org/obo/MONDO_0015263,risk,Brugada syndrome,Cardiac action potential phases
Brugada syndrome,http://purl.obolibrary.org/obo/MONDO_0015263,risk,Brugada syndrome,Cardiac conduction and depolarization
Brugada syndrome,http://purl.obolibrary.org/obo/MONDO_0015263,risk,Brugada syndrome,Cardiac conduction cell signaling
Brugada syndrome,http://purl.obolibrary.org/obo/MONDO_0015263,risk,Brugada syndrome,Conduction signaling and contraction
Brugada syndrome,http://purl.obolibrary.org/obo/MONDO_0015263,risk,Brugada syndrome,Heart rate and action potential
Brugada syndrome,http://purl.obolibrary.org/obo/MONDO_0015263,risk,Brugada syndrome,Potassium channel activity
Brugada syndrome,http://purl.obolibrary.org/obo/MONDO_0015263,risk,Brugada syndrome,Potassium export and repolarization
Brugada syndrome,http://purl.obolibrary.org/obo/MONDO_0015263,risk,Brugada syndrome,Potassium transport and action potential
Brugada syndrome,http://purl.obolibrary.org/obo/MONDO_0015263,risk,Brugada syndrome,Regulation of cardiac contraction
Brugada syndrome,http://purl.obolibrary.org/obo/MONDO_0015263,risk,Brugada syndrome,Regulation of ion channels
Brugada syndrome,http://purl.obolibrary.org/obo/MONDO_0015263,risk,Brugada syndrome,Sodium and calcium channels
Brugada syndrome,http://purl.obolibrary.org/obo/MONDO_0015263,risk,Brugada syndrome,Sodium and potassium transport regulation
Brugada syndrome,http://purl.obolibrary.org/obo/MONDO_0015263,risk,Brugada syndrome,Sodium channel complex and transport
Brugada syndrome,http://purl.obolibrary.org/obo/MONDO_0015263,risk,Brugada syndrome,Sodium channel depolarization and conduction
Brugada syndrome,http://purl.obolibrary.org/obo/MONDO_0015263,risk,Brugada syndrome,Sodium channel regulation
Brugada syndrome,http://purl.obolibrary.org/obo/MONDO_0015263,risk,Brugada syndrome,Ventricular arrhythmias and contraction
Brugada syndrome,http://purl.obolibrary.org/obo/MONDO_0015263,risk,Brugada syndrome,Ventricular contraction and action potential
Brugada syndrome,http://purl.obolibrary.org/obo/MONDO_0015263,risk,Brugada syndrome,Ventricular repolarization and conduction
cancer,http://purl.obolibrary.org/obo/MONDO_0004992,diagnostic,Any cancer,Coat pigmentation and melanocyte morphology
cancer,http://purl.obolibrary.org/obo/MONDO_0004992,diagnostic,Any cancer,Developmental pigmentation and glycosylation
cancer,http://purl.obolibrary.org/obo/MONDO_0004992,diagnostic,Any cancer,Embryonic development and skeletal morphology
cancer,http://purl.obolibrary.org/obo/MONDO_0004992,diagnostic,Any cancer,Eye and ear pigmentation
cancer,http://purl.obolibrary.org/obo/MONDO_0004992,diagnostic,Any cancer,Eye pigmentation and coat color
cancer,http://purl.obolibrary.org/obo/MONDO_0004992,diagnostic,Any cancer,Host pathogen interaction and apoptosis
cancer,http://purl.obolibrary.org/obo/MONDO_0004992,diagnostic,Any cancer,Melanin granule and melanocyte morphology
cancer,http://purl.obolibrary.org/obo/MONDO_0004992,diagnostic,Any cancer,Melanin metabolism and coat pigmentation
cancer,http://purl.obolibrary.org/obo/MONDO_0004992,diagnostic,Any cancer,Melanosome and coat pigmentation
cancer,http://purl.obolibrary.org/obo/MONDO_0004992,diagnostic,Any cancer,Melanosome morphology and pigmentation
cancer,http://purl.obolibrary.org/obo/MONDO_0004992,diagnostic,Any cancer,Notch signaling and pigmentation
cancer,http://purl.obolibrary.org/obo/MONDO_0004992,diagnostic,Any cancer,Pigment pathways and vesicles
cancer,http://purl.obolibrary.org/obo/MONDO_0004992,diagnostic,Any cancer,Pigmentation genes and coat color
cancer,http://purl.obolibrary.org/obo/MONDO_0004992,diagnostic,Any cancer (heterodominant model),Cardiovascular development and EMT
cancer,http://purl.obolibrary.org/obo/MONDO_0004992,diagnostic,Any cancer (heterodominant model),Limb bone development genes
cancer,http://purl.obolibrary.org/obo/MONDO_0004992,diagnostic,Any cancer (heterodominant model),Skeletal and hair development genes
cancer,http://purl.obolibrary.org/obo/MONDO_0004992,diagnostic,cancer,Breast Tissue Development and Cancer
cancer,http://purl.obolibrary.org/obo/MONDO_0004992,diagnostic,cancer,Cancer Pathways Across Tumor Types
cancer,http://purl.obolibrary.org/obo/MONDO_0004992,diagnostic,cancer,Cancer Pathways and Regulators
cancer,http://purl.obolibrary.org/obo/MONDO_0004992,diagnostic,cancer,DNA Damage and Apoptosis Regulation
cancer,http://purl.obolibrary.org/obo/MONDO_0004992,diagnostic,cancer,Glioblastoma and Cancer Signaling
cancer,http://purl.obolibrary.org/obo/MONDO_0004992,diagnostic,cancer,Glioblastoma and Cell Cycle Signaling
cancer,http://purl.obolibrary.org/obo/MONDO_0004992,diagnostic,cancer,Integrated Cancer Pathways and Signaling
cancer,http://purl.obolibrary.org/obo/MONDO_0004992,diagnostic,cancer,Mammary Epithelium Development and Morphogenesis
cancer,http://purl.obolibrary.org/obo/MONDO_0004992,diagnostic,cancer,Prostate Cancer Genomic Instability
cancer,http://purl.obolibrary.org/obo/MONDO_0004992,diagnostic,cancer,Thyroid Cancer and DNA Damage
cancer,http://purl.obolibrary.org/obo/MONDO_0004992,diagnostic,cancer,TP53 Pathway and Cell Cycle
cancer,http://purl.obolibrary.org/obo/MONDO_0004992,monitoring,Any cancer,Coat pigmentation and melanocyte morphology
cancer,http://purl.obolibrary.org/obo/MONDO_0004992,monitoring,Any cancer,Developmental pigmentation and glycosylation
cancer,http://purl.obolibrary.org/obo/MONDO_0004992,monitoring,Any cancer,Embryonic development and skeletal morphology
cancer,http://purl.obolibrary.org/obo/MONDO_0004992,monitoring,Any cancer,Eye and ear pigmentation
cancer,http://purl.obolibrary.org/obo/MONDO_0004992,monitoring,Any cancer,Eye pigmentation and coat color
cancer,http://purl.obolibrary.org/obo/MONDO_0004992,monitoring,Any cancer,Host pathogen interaction and apoptosis
cancer,http://purl.obolibrary.org/obo/MONDO_0004992,monitoring,Any cancer,Melanin granule and melanocyte morphology
cancer,http://purl.obolibrary.org/obo/MONDO_0004992,monitoring,Any cancer,Melanin metabolism and coat pigmentation
cancer,http://purl.obolibrary.org/obo/MONDO_0004992,monitoring,Any cancer,Melanosome and coat pigmentation
cancer,http://purl.obolibrary.org/obo/MONDO_0004992,monitoring,Any cancer,Melanosome morphology and pigmentation
cancer,http://purl.obolibrary.org/obo/MONDO_0004992,monitoring,Any cancer,Notch signaling and pigmentation
cancer,http://purl.obolibrary.org/obo/MONDO_0004992,monitoring,Any cancer,Pigment pathways and vesicles
cancer,http://purl.obolibrary.org/obo/MONDO_0004992,monitoring,Any cancer,Pigmentation genes and coat color
cancer,http://purl.obolibrary.org/obo/MONDO_0004992,monitoring,Any cancer (heterodominant model),Cardiovascular development and EMT
cancer,http://purl.obolibrary.org/obo/MONDO_0004992,monitoring,Any cancer (heterodominant model),Limb bone development genes
cancer,http://purl.obolibrary.org/obo/MONDO_0004992,monitoring,Any cancer (heterodominant model),Skeletal and hair development genes
cancer,http://purl.obolibrary.org/obo/MONDO_0004992,monitoring,cancer,Breast Tissue Development and Cancer
cancer,http://purl.obolibrary.org/obo/MONDO_0004992,monitoring,cancer,Cancer Pathways Across Tumor Types
cancer,http://purl.obolibrary.org/obo/MONDO_0004992,monitoring,cancer,Cancer Pathways and Regulators
cancer,http://purl.obolibrary.org/obo/MONDO_0004992,monitoring,cancer,DNA Damage and Apoptosis Regulation
cancer,http://purl.obolibrary.org/obo/MONDO_0004992,monitoring,cancer,Glioblastoma and Cancer Signaling
cancer,http://purl.obolibrary.org/obo/MONDO_0004992,monitoring,cancer,Glioblastoma and Cell Cycle Signaling
cancer,http://purl.obolibrary.org/obo/MONDO_0004992,monitoring,cancer,Integrated Cancer Pathways and Signaling
cancer,http://purl.obolibrary.org/obo/MONDO_0004992,monitoring,cancer,Mammary Epithelium Development and Morphogenesis
cancer,http://purl.obolibrary.org/obo/MONDO_0004992,monitoring,cancer,Prostate Cancer Genomic Instability
cancer,http://purl.obolibrary.org/obo/MONDO_0004992,monitoring,cancer,Thyroid Cancer and DNA Damage
cancer,http://purl.obolibrary.org/obo/MONDO_0004992,monitoring,cancer,TP53 Pathway and Cell Cycle
cancer,http://purl.obolibrary.org/obo/MONDO_0004992,prognostic,Any cancer,Coat pigmentation and melanocyte morphology
cancer,http://purl.obolibrary.org/obo/MONDO_0004992,prognostic,Any cancer,Developmental pigmentation and glycosylation
cancer,http://purl.obolibrary.org/obo/MONDO_0004992,prognostic,Any cancer,Embryonic development and skeletal morphology
cancer,http://purl.obolibrary.org/obo/MONDO_0004992,prognostic,Any cancer,Eye and ear pigmentation
cancer,http://purl.obolibrary.org/obo/MONDO_0004992,prognostic,Any cancer,Eye pigmentation and coat color
cancer,http://purl.obolibrary.org/obo/MONDO_0004992,prognostic,Any cancer,Host pathogen interaction and apoptosis
cancer,http://purl.obolibrary.org/obo/MONDO_0004992,prognostic,Any cancer,Melanin granule and melanocyte morphology
cancer,http://purl.obolibrary.org/obo/MONDO_0004992,prognostic,Any cancer,Melanin metabolism and coat pigmentation
cancer,http://purl.obolibrary.org/obo/MONDO_0004992,prognostic,Any cancer,Melanosome and coat pigmentation
cancer,http://purl.obolibrary.org/obo/MONDO_0004992,prognostic,Any cancer,Melanosome morphology and pigmentation
cancer,http://purl.obolibrary.org/obo/MONDO_0004992,prognostic,Any cancer,Notch signaling and pigmentation
cancer,http://purl.obolibrary.org/obo/MONDO_0004992,prognostic,Any cancer,Pigment pathways and vesicles
cancer,http://purl.obolibrary.org/obo/MONDO_0004992,prognostic,Any cancer,Pigmentation genes and coat color
cancer,http://purl.obolibrary.org/obo/MONDO_0004992,prognostic,Any cancer (heterodominant model),Cardiovascular development and EMT
cancer,http://purl.obolibrary.org/obo/MONDO_0004992,prognostic,Any cancer (heterodominant model),Limb bone development genes
cancer,http://purl.obolibrary.org/obo/MONDO_0004992,prognostic,Any cancer (heterodominant model),Skeletal and hair development genes
cancer,http://purl.obolibrary.org/obo/MONDO_0004992,prognostic,cancer,Breast Tissue Development and Cancer
cancer,http://purl.obolibrary.org/obo/MONDO_0004992,prognostic,cancer,Cancer Pathways Across Tumor Types
cancer,http://purl.obolibrary.org/obo/MONDO_0004992,prognostic,cancer,Cancer Pathways and Regulators
cancer,http://purl.obolibrary.org/obo/MONDO_0004992,prognostic,cancer,DNA Damage and Apoptosis Regulation
cancer,http://purl.obolibrary.org/obo/MONDO_0004992,prognostic,cancer,Glioblastoma and Cancer Signaling
cancer,http://purl.obolibrary.org/obo/MONDO_0004992,prognostic,cancer,Glioblastoma and Cell Cycle Signaling
cancer,http://purl.obolibrary.org/obo/MONDO_0004992,prognostic,cancer,Integrated Cancer Pathways and Signaling
cancer,http://purl.obolibrary.org/obo/MONDO_0004992,prognostic,cancer,Mammary Epithelium Development and Morphogenesis
cancer,http://purl.obolibrary.org/obo/MONDO_0004992,prognostic,cancer,Prostate Cancer Genomic Instability
cancer,http://purl.obolibrary.org/obo/MONDO_0004992,prognostic,cancer,Thyroid Cancer and DNA Damage
cancer,http://purl.obolibrary.org/obo/MONDO_0004992,prognostic,cancer,TP53 Pathway and Cell Cycle
cancer,http://purl.obolibrary.org/obo/MONDO_0004992,risk,Any cancer,Coat pigmentation and melanocyte morphology
cancer,http://purl.obolibrary.org/obo/MONDO_0004992,risk,Any cancer,Developmental pigmentation and glycosylation
cancer,http://purl.obolibrary.org/obo/MONDO_0004992,risk,Any cancer,Embryonic development and skeletal morphology
cancer,http://purl.obolibrary.org/obo/MONDO_0004992,risk,Any cancer,Eye and ear pigmentation
cancer,http://purl.obolibrary.org/obo/MONDO_0004992,risk,Any cancer,Eye pigmentation and coat color
cancer,http://purl.obolibrary.org/obo/MONDO_0004992,risk,Any cancer,Host pathogen interaction and apoptosis
cancer,http://purl.obolibrary.org/obo/MONDO_0004992,risk,Any cancer,Melanin granule and melanocyte morphology
cancer,http://purl.obolibrary.org/obo/MONDO_0004992,risk,Any cancer,Melanin metabolism and coat pigmentation
cancer,http://purl.obolibrary.org/obo/MONDO_0004992,risk,Any cancer,Melanosome and coat pigmentation
cancer,http://purl.obolibrary.org/obo/MONDO_0004992,risk,Any cancer,Melanosome morphology and pigmentation
cancer,http://purl.obolibrary.org/obo/MONDO_0004992,risk,Any cancer,Notch signaling and pigmentation
cancer,http://purl.obolibrary.org/obo/MONDO_0004992,risk,Any cancer,Pigment pathways and vesicles
cancer,http://purl.obolibrary.org/obo/MONDO_0004992,risk,Any cancer,Pigmentation genes and coat color
cancer,http://purl.obolibrary.org/obo/MONDO_0004992,risk,Any cancer (heterodominant model),Cardiovascular development and EMT
cancer,http://purl.obolibrary.org/obo/MONDO_0004992,risk,Any cancer (heterodominant model),Limb bone development genes
cancer,http://purl.obolibrary.org/obo/MONDO_0004992,risk,Any cancer (heterodominant model),Skeletal and hair development genes
cancer,http://purl.obolibrary.org/obo/MONDO_0004992,risk,cancer,Breast Tissue Development and Cancer
cancer,http://purl.obolibrary.org/obo/MONDO_0004992,risk,cancer,Cancer Pathways Across Tumor Types
cancer,http://purl.obolibrary.org/obo/MONDO_0004992,risk,cancer,Cancer Pathways and Regulators
cancer,http://purl.obolibrary.org/obo/MONDO_0004992,risk,cancer,DNA Damage and Apoptosis Regulation
cancer,http://purl.obolibrary.org/obo/MONDO_0004992,risk,cancer,Glioblastoma and Cancer Signaling
cancer,http://purl.obolibrary.org/obo/MONDO_0004992,risk,cancer,Glioblastoma and Cell Cycle Signaling
cancer,http://purl.obolibrary.org/obo/MONDO_0004992,risk,cancer,Integrated Cancer Pathways and Signaling
cancer,http://purl.obolibrary.org/obo/MONDO_0004992,risk,cancer,Mammary Epithelium Development and Morphogenesis
cancer,http://purl.obolibrary.org/obo/MONDO_0004992,risk,cancer,Prostate Cancer Genomic Instability
cancer,http://purl.obolibrary.org/obo/MONDO_0004992,risk,cancer,Thyroid Cancer and DNA Damage
cancer,http://purl.obolibrary.org/obo/MONDO_0004992,risk,cancer,TP53 Pathway and Cell Cycle
cardiomyopathy,http://purl.obolibrary.org/obo/MONDO_0004994,risk,Rare cardiomyopathy,Abnormal Cardiac Conduction and Morphology
cardiomyopathy,http://purl.obolibrary.org/obo/MONDO_0004994,risk,Rare cardiomyopathy,Actin-Myosin Sliding and Degeneration
cardiomyopathy,http://purl.obolibrary.org/obo/MONDO_0004994,risk,Rare cardiomyopathy,Atrial and Ventricular Heart Traits
cardiomyopathy,http://purl.obolibrary.org/obo/MONDO_0004994,risk,Rare cardiomyopathy,Cardiac Echocardiography and Fibrosis
cardiomyopathy,http://purl.obolibrary.org/obo/MONDO_0004994,risk,Rare cardiomyopathy,Cardiac Hypertrophy and Contractility
cardiomyopathy,http://purl.obolibrary.org/obo/MONDO_0004994,risk,Rare cardiomyopathy,Cardiac Hypertrophy and Glycogen
cardiomyopathy,http://purl.obolibrary.org/obo/MONDO_0004994,risk,Rare cardiomyopathy,Cardiac Morphogenesis and Ventricle
cardiomyopathy,http://purl.obolibrary.org/obo/MONDO_0004994,risk,Rare cardiomyopathy,Cardiac Structural Proteins and NPY6R
cardiomyopathy,http://purl.obolibrary.org/obo/MONDO_0004994,risk,Rare cardiomyopathy,Coronary Artery and Muscle Contraction
cardiomyopathy,http://purl.obolibrary.org/obo/MONDO_0004994,risk,Rare cardiomyopathy,Developmental and Metabolic Cardiac Traits
cardiomyopathy,http://purl.obolibrary.org/obo/MONDO_0004994,risk,Rare cardiomyopathy,Envelope Proteins and Cardiac Development
cardiomyopathy,http://purl.obolibrary.org/obo/MONDO_0004994,risk,Rare cardiomyopathy,Gene Coexpression in Vascular Tissues
cardiomyopathy,http://purl.obolibrary.org/obo/MONDO_0004994,risk,Rare cardiomyopathy,Heart Gene Coexpression and Markers
cardiomyopathy,http://purl.obolibrary.org/obo/MONDO_0004994,risk,Rare cardiomyopathy,Heart Kinase Coexpression and Markers
cardiomyopathy,http://purl.obolibrary.org/obo/MONDO_0004994,risk,Rare cardiomyopathy,Left Ventricle Gene Signatures
cardiomyopathy,http://purl.obolibrary.org/obo/MONDO_0004994,risk,Rare cardiomyopathy,Left Ventricle Gene Upregulation
cardiomyopathy,http://purl.obolibrary.org/obo/MONDO_0004994,risk,Rare cardiomyopathy,MAPK Signaling Effectors
cardiomyopathy,http://purl.obolibrary.org/obo/MONDO_0004994,risk,Rare cardiomyopathy,Mitochondrial Gene Targets
cardiomyopathy,http://purl.obolibrary.org/obo/MONDO_0004994,risk,Rare cardiomyopathy,Mitochondrial Transcriptome Across Tissues
cardiomyopathy,http://purl.obolibrary.org/obo/MONDO_0004994,risk,Rare cardiomyopathy,Muscle Stretch and Degeneration
cardiomyopathy,http://purl.obolibrary.org/obo/MONDO_0004994,risk,Rare cardiomyopathy,Muscle Structure and Homeostasis
cardiomyopathy,http://purl.obolibrary.org/obo/MONDO_0004994,risk,Rare cardiomyopathy,Muscular Dystrophy and Sarcoglycans
cardiomyopathy,http://purl.obolibrary.org/obo/MONDO_0004994,risk,Rare cardiomyopathy,PDGF/EGF Signaling Network
cardiomyopathy,http://purl.obolibrary.org/obo/MONDO_0004994,risk,Rare cardiomyopathy,Ras-ERK Pathway Regulators
cardiomyopathy,http://purl.obolibrary.org/obo/MONDO_0004994,risk,Rare cardiomyopathy,Regulation of Cardiac Muscle Contraction
cardiomyopathy,http://purl.obolibrary.org/obo/MONDO_0004994,risk,Rare cardiomyopathy,Riboflavin and CoQ Disorders
cardiomyopathy,http://purl.obolibrary.org/obo/MONDO_0004994,risk,Rare cardiomyopathy,RTK-Ras Pathway Signaling
cardiomyopathy,http://purl.obolibrary.org/obo/MONDO_0004994,risk,Rare cardiomyopathy,Thyroid-Cardiac Coexpression Markers
cardiomyopathy,http://purl.obolibrary.org/obo/MONDO_0004994,risk,Rare cardiomyopathy,Titin-related Signaling and Myopathy
carpal tunnel syndrome,http://purl.obolibrary.org/obo/MONDO_0007275,risk,Carpal tunnel syndrome,Cartilage development and chondrodysplasia
carpal tunnel syndrome,http://purl.obolibrary.org/obo/MONDO_0007275,risk,Carpal tunnel syndrome,Chondrocyte differentiation and skeletogenesis
carpal tunnel syndrome,http://purl.obolibrary.org/obo/MONDO_0007275,risk,Carpal tunnel syndrome,Chondrogenesis and growth factors
carpal tunnel syndrome,http://purl.obolibrary.org/obo/MONDO_0007275,risk,Carpal tunnel syndrome,Collagen and extracellular matrix
carpal tunnel syndrome,http://purl.obolibrary.org/obo/MONDO_0007275,risk,Carpal tunnel syndrome,Collagen matrix and ECM genes
carpal tunnel syndrome,http://purl.obolibrary.org/obo/MONDO_0007275,risk,Carpal tunnel syndrome,Craniofacial and reproductive development genes
carpal tunnel syndrome,http://purl.obolibrary.org/obo/MONDO_0007275,risk,Carpal tunnel syndrome,Craniofacial bone morphologies
carpal tunnel syndrome,http://purl.obolibrary.org/obo/MONDO_0007275,risk,Carpal tunnel syndrome,Craniofacial development genes
carpal tunnel syndrome,http://purl.obolibrary.org/obo/MONDO_0007275,risk,Carpal tunnel syndrome,Craniofacial morphology and genes
carpal tunnel syndrome,http://purl.obolibrary.org/obo/MONDO_0007275,risk,Carpal tunnel syndrome,Craniofacial skeleton and ossification
carpal tunnel syndrome,http://purl.obolibrary.org/obo/MONDO_0007275,risk,Carpal tunnel syndrome,Digit patterning and limb anomalies
carpal tunnel syndrome,http://purl.obolibrary.org/obo/MONDO_0007275,risk,Carpal tunnel syndrome,Embryonic limb morphogenesis genes
carpal tunnel syndrome,http://purl.obolibrary.org/obo/MONDO_0007275,risk,Carpal tunnel syndrome,Extracellular matrix and vasculature genes
carpal tunnel syndrome,http://purl.obolibrary.org/obo/MONDO_0007275,risk,Carpal tunnel syndrome,Glycosylation and ADAMTS genes
carpal tunnel syndrome,http://purl.obolibrary.org/obo/MONDO_0007275,risk,Carpal tunnel syndrome,Kinase coexpression and ECM genes
carpal tunnel syndrome,http://purl.obolibrary.org/obo/MONDO_0007275,risk,Carpal tunnel syndrome,Limb and craniofacial development genes
carpal tunnel syndrome,http://purl.obolibrary.org/obo/MONDO_0007275,risk,Carpal tunnel syndrome,Limb morphology and mineralization
carpal tunnel syndrome,http://purl.obolibrary.org/obo/MONDO_0007275,risk,Carpal tunnel syndrome,Phalanx and limb bone morphology
carpal tunnel syndrome,http://purl.obolibrary.org/obo/MONDO_0007275,risk,Carpal tunnel syndrome,Respiratory failure and signaling genes
carpal tunnel syndrome,http://purl.obolibrary.org/obo/MONDO_0007275,risk,Carpal tunnel syndrome,Skeletal development and receptors
carpal tunnel syndrome,http://purl.obolibrary.org/obo/MONDO_0007275,risk,Carpal tunnel syndrome,Skeletal morphologies and development
carpal tunnel syndrome,http://purl.obolibrary.org/obo/MONDO_0007275,risk,Carpal tunnel syndrome,Skeletal morphology and BMP signaling
carpal tunnel syndrome,http://purl.obolibrary.org/obo/MONDO_0007275,risk,Carpal tunnel syndrome,TGF-beta signaling and SMADs
cervical cancer,http://purl.obolibrary.org/obo/MONDO_0002974,prognostic,Cervical cancer,Hair and nephron development signals
cervical cancer,http://purl.obolibrary.org/obo/MONDO_0002974,prognostic,Cervical cancer,Inner ear development and morphogenesis
cervical cancer,http://purl.obolibrary.org/obo/MONDO_0002974,prognostic,Cervical cancer,Kidney development and nephrogenesis regulation
cervical cancer,http://purl.obolibrary.org/obo/MONDO_0002974,prognostic,Cervical cancer,Vertebrate skeletal patterning and signaling
cervical cancer,http://purl.obolibrary.org/obo/MONDO_0002974,risk,Cervical cancer,Hair and nephron development signals
cervical cancer,http://purl.obolibrary.org/obo/MONDO_0002974,risk,Cervical cancer,Inner ear development and morphogenesis
cervical cancer,http://purl.obolibrary.org/obo/MONDO_0002974,risk,Cervical cancer,Kidney development and nephrogenesis regulation
cervical cancer,http://purl.obolibrary.org/obo/MONDO_0002974,risk,Cervical cancer,Vertebrate skeletal patterning and signaling
childhood absence epilepsy,http://purl.obolibrary.org/obo/MONDO_0010826,risk,Childhood absence epilepsy,GABA receptor channel activity
childhood onset asthma,http://purl.obolibrary.org/obo/MONDO_0005405,risk,childhood onset asthma,Absent Lymph Nodes and Spleen
childhood onset asthma,http://purl.obolibrary.org/obo/MONDO_0005405,risk,childhood onset asthma,Allograft Rejection and Immunity Regulation
childhood onset asthma,http://purl.obolibrary.org/obo/MONDO_0005405,risk,childhood onset asthma,Autoimmune Susceptibility and Transplant Rejection
childhood onset asthma,http://purl.obolibrary.org/obo/MONDO_0005405,risk,childhood onset asthma,CD8 T Cells and ILCs
childhood onset asthma,http://purl.obolibrary.org/obo/MONDO_0005405,risk,childhood onset asthma,Cytokine Signaling in IBD
childhood onset asthma,http://purl.obolibrary.org/obo/MONDO_0005405,risk,childhood onset asthma,Decreased Immunoglobulins and B Cells
childhood onset asthma,http://purl.obolibrary.org/obo/MONDO_0005405,risk,childhood onset asthma,Fetal Lymphoid Cells Development
childhood onset asthma,http://purl.obolibrary.org/obo/MONDO_0005405,risk,childhood onset asthma,GPCR Coexpression in Immune Signaling
childhood onset asthma,http://purl.obolibrary.org/obo/MONDO_0005405,risk,childhood onset asthma,IL-2/JAK-STAT Signaling in Sjogren
childhood onset asthma,http://purl.obolibrary.org/obo/MONDO_0005405,risk,childhood onset asthma,IL-2/JAK-STAT Signaling Pathways
childhood onset asthma,http://purl.obolibrary.org/obo/MONDO_0005405,risk,childhood onset asthma,Immune System Abnormalities and Ig
childhood onset asthma,http://purl.obolibrary.org/obo/MONDO_0005405,risk,childhood onset asthma,Immunoglobulin Production and B Cells
childhood onset asthma,http://purl.obolibrary.org/obo/MONDO_0005405,risk,childhood onset asthma,Increased Autoimmune Susceptibility and Humoral
childhood onset asthma,http://purl.obolibrary.org/obo/MONDO_0005405,risk,childhood onset asthma,Inflammatory Signaling in IBD
childhood onset asthma,http://purl.obolibrary.org/obo/MONDO_0005405,risk,childhood onset asthma,Lymphoid Morphology and T Cells
childhood onset asthma,http://purl.obolibrary.org/obo/MONDO_0005405,risk,childhood onset asthma,Myeloid Differentiation and Hematopoiesis Regulation
childhood onset asthma,http://purl.obolibrary.org/obo/MONDO_0005405,risk,childhood onset asthma,Peyer's Patches and T Cells
childhood onset asthma,http://purl.obolibrary.org/obo/MONDO_0005405,risk,childhood onset asthma,Regulation of Helper T Cells
childhood onset asthma,http://purl.obolibrary.org/obo/MONDO_0005405,risk,childhood onset asthma,Systemic Lupus Erythematosus Signals
childhood onset asthma,http://purl.obolibrary.org/obo/MONDO_0005405,risk,childhood onset asthma,T and NK Cell Dysfunctions
childhood onset asthma,http://purl.obolibrary.org/obo/MONDO_0005405,risk,childhood onset asthma,T Cell Differentiation Abnormalities
childhood onset asthma,http://purl.obolibrary.org/obo/MONDO_0005405,risk,childhood onset asthma,T Cell Differentiation and Activation
childhood onset asthma,http://purl.obolibrary.org/obo/MONDO_0005405,risk,childhood onset asthma,T Cell Morphology Abnormalities
childhood onset asthma,http://purl.obolibrary.org/obo/MONDO_0005405,risk,childhood onset asthma,T Cell Proliferation and Activation
childhood onset asthma,http://purl.obolibrary.org/obo/MONDO_0005405,risk,childhood onset asthma,Th17 Differentiation in IBD
childhood onset asthma,http://purl.obolibrary.org/obo/MONDO_0005405,risk,childhood onset asthma,Thymic T Cell Development
childhood onset asthma,http://purl.obolibrary.org/obo/MONDO_0005405,risk,Childhood-onset asthma,Adipose GPCR kinase coexpression
childhood onset asthma,http://purl.obolibrary.org/obo/MONDO_0005405,risk,Childhood-onset asthma,Allograft rejection and HLA genes
childhood onset asthma,http://purl.obolibrary.org/obo/MONDO_0005405,risk,Childhood-onset asthma,Alpha-beta T cell differentiation
childhood onset asthma,http://purl.obolibrary.org/obo/MONDO_0005405,risk,Childhood-onset asthma,Autoimmune antibodies and B cells
childhood onset asthma,http://purl.obolibrary.org/obo/MONDO_0005405,risk,Childhood-onset asthma,B cell differentiation and signaling
childhood onset asthma,http://purl.obolibrary.org/obo/MONDO_0005405,risk,Childhood-onset asthma,CD8 TCR pathway and signaling
childhood onset asthma,http://purl.obolibrary.org/obo/MONDO_0005405,risk,Childhood-onset asthma,Diabetes autoimmunity and B markers
childhood onset asthma,http://purl.obolibrary.org/obo/MONDO_0005405,risk,Childhood-onset asthma,GPCR coexpression with TSSK4
childhood onset asthma,http://purl.obolibrary.org/obo/MONDO_0005405,risk,Childhood-onset asthma,GPCR kinases and cytokine signaling
childhood onset asthma,http://purl.obolibrary.org/obo/MONDO_0005405,risk,Childhood-onset asthma,IL-2/JAK-STAT signaling pathways
childhood onset asthma,http://purl.obolibrary.org/obo/MONDO_0005405,risk,Childhood-onset asthma,IL-2/STAT5 signaling pathways
childhood onset asthma,http://purl.obolibrary.org/obo/MONDO_0005405,risk,Childhood-onset asthma,IL-4/IL-5 signaling and ILCs
childhood onset asthma,http://purl.obolibrary.org/obo/MONDO_0005405,risk,Childhood-onset asthma,Lymphocyte and T cell differentiation
childhood onset asthma,http://purl.obolibrary.org/obo/MONDO_0005405,risk,Childhood-onset asthma,Lymphoid tissue morphology and cytokines
childhood onset asthma,http://purl.obolibrary.org/obo/MONDO_0005405,risk,Childhood-onset asthma,Myeloid differentiation and hematopoiesis
childhood onset asthma,http://purl.obolibrary.org/obo/MONDO_0005405,risk,Childhood-onset asthma,Negative regulation of immune response
childhood onset asthma,http://purl.obolibrary.org/obo/MONDO_0005405,risk,Childhood-onset asthma,NF-kB and cytokine signaling
childhood onset asthma,http://purl.obolibrary.org/obo/MONDO_0005405,risk,Childhood-onset asthma,P2RY10 GPCR signaling and TCF7
childhood onset asthma,http://purl.obolibrary.org/obo/MONDO_0005405,risk,Childhood-onset asthma,STAT5 signaling with IRF4 IKZF4
childhood onset asthma,http://purl.obolibrary.org/obo/MONDO_0005405,risk,Childhood-onset asthma,T cell development and migration
childhood onset asthma,http://purl.obolibrary.org/obo/MONDO_0005405,risk,Childhood-onset asthma,T cell differentiation and activation
childhood onset asthma,http://purl.obolibrary.org/obo/MONDO_0005405,risk,Childhood-onset asthma,T cell differentiation and thymocytes
childhood onset asthma,http://purl.obolibrary.org/obo/MONDO_0005405,risk,Childhood-onset asthma,TGFB1/SMADs and cancer pathways
childhood onset asthma,http://purl.obolibrary.org/obo/MONDO_0005405,risk,Childhood-onset asthma,TH17 differentiation and signaling
childhood onset asthma,http://purl.obolibrary.org/obo/MONDO_0005405,risk,Childhood-onset asthma,Th2 and ILC regulation TFs
childhood onset asthma,http://purl.obolibrary.org/obo/MONDO_0005405,risk,Childhood-onset asthma,Thyroid and fetal lymphoid cells
childhood onset asthma,http://purl.obolibrary.org/obo/MONDO_0005405,risk,Childhood-onset asthma,TNF/NF-kB signaling and CD40
chronic obstructive pulmonary disease,http://purl.obolibrary.org/obo/MONDO_0005002,diagnostic,chronic obstructive pulmonary disease,Cardiac cushion morphogenesis and EMT
chronic obstructive pulmonary disease,http://purl.obolibrary.org/obo/MONDO_0005002,diagnostic,chronic obstructive pulmonary disease,Environmental stress response genes
chronic obstructive pulmonary disease,http://purl.obolibrary.org/obo/MONDO_0005002,diagnostic,chronic obstructive pulmonary disease,Epithelial morphogenesis and branching
chronic obstructive pulmonary disease,http://purl.obolibrary.org/obo/MONDO_0005002,diagnostic,chronic obstructive pulmonary disease,Fetal mesothelial cells and FGFs
chronic obstructive pulmonary disease,http://purl.obolibrary.org/obo/MONDO_0005002,diagnostic,chronic obstructive pulmonary disease,FGF signaling and growth factors
chronic obstructive pulmonary disease,http://purl.obolibrary.org/obo/MONDO_0005002,diagnostic,chronic obstructive pulmonary disease,Growth factor signaling regulation
chronic obstructive pulmonary disease,http://purl.obolibrary.org/obo/MONDO_0005002,diagnostic,chronic obstructive pulmonary disease,Heart growth and development
chronic obstructive pulmonary disease,http://purl.obolibrary.org/obo/MONDO_0005002,diagnostic,chronic obstructive pulmonary disease,Hindlimb morphogenesis and organogenesis
chronic obstructive pulmonary disease,http://purl.obolibrary.org/obo/MONDO_0005002,diagnostic,chronic obstructive pulmonary disease,Limb and palate development abnormalities
chronic obstructive pulmonary disease,http://purl.obolibrary.org/obo/MONDO_0005002,diagnostic,chronic obstructive pulmonary disease,Lung branching morphogenesis and signaling
chronic obstructive pulmonary disease,http://purl.obolibrary.org/obo/MONDO_0005002,diagnostic,chronic obstructive pulmonary disease,Mesoderm formation and fibroblast stress
chronic obstructive pulmonary disease,http://purl.obolibrary.org/obo/MONDO_0005002,diagnostic,chronic obstructive pulmonary disease,Muscle development regulation and EMT
chronic obstructive pulmonary disease,http://purl.obolibrary.org/obo/MONDO_0005002,diagnostic,chronic obstructive pulmonary disease,Muscle development regulation and markers
chronic obstructive pulmonary disease,http://purl.obolibrary.org/obo/MONDO_0005002,diagnostic,chronic obstructive pulmonary disease,Organ morphogenesis and sensory development
chronic obstructive pulmonary disease,http://purl.obolibrary.org/obo/MONDO_0005002,diagnostic,chronic obstructive pulmonary disease,Outflow tract morphogenesis and mesenchyme
chronic obstructive pulmonary disease,http://purl.obolibrary.org/obo/MONDO_0005002,diagnostic,chronic obstructive pulmonary disease,Prostate morphogenesis and FGFR signaling
chronic obstructive pulmonary disease,http://purl.obolibrary.org/obo/MONDO_0005002,diagnostic,chronic obstructive pulmonary disease,Prostate morphogenesis and related pathways
chronic obstructive pulmonary disease,http://purl.obolibrary.org/obo/MONDO_0005002,diagnostic,Chronic obstructive pulmonary disease (COPD),"Cardiac conduction, chambers, valves"
chronic obstructive pulmonary disease,http://purl.obolibrary.org/obo/MONDO_0005002,diagnostic,Chronic obstructive pulmonary disease (COPD),Cardiac development defects and genes
chronic obstructive pulmonary disease,http://purl.obolibrary.org/obo/MONDO_0005002,diagnostic,Chronic obstructive pulmonary disease (COPD),Cardiac muscle proliferation and growth
chronic obstructive pulmonary disease,http://purl.obolibrary.org/obo/MONDO_0005002,diagnostic,Chronic obstructive pulmonary disease (COPD),Cardiovascular development and EMT signaling
chronic obstructive pulmonary disease,http://purl.obolibrary.org/obo/MONDO_0005002,diagnostic,Chronic obstructive pulmonary disease (COPD),Congenital malformations and RA receptors
chronic obstructive pulmonary disease,http://purl.obolibrary.org/obo/MONDO_0005002,diagnostic,Chronic obstructive pulmonary disease (COPD),Downregulated signaling components
chronic obstructive pulmonary disease,http://purl.obolibrary.org/obo/MONDO_0005002,diagnostic,Chronic obstructive pulmonary disease (COPD),Embryonic lethality and cancer pathways
chronic obstructive pulmonary disease,http://purl.obolibrary.org/obo/MONDO_0005002,diagnostic,Chronic obstructive pulmonary disease (COPD),Embryonic limb and heart morphogenesis
chronic obstructive pulmonary disease,http://purl.obolibrary.org/obo/MONDO_0005002,diagnostic,Chronic obstructive pulmonary disease (COPD),Endocrine and cardiac development
chronic obstructive pulmonary disease,http://purl.obolibrary.org/obo/MONDO_0005002,diagnostic,Chronic obstructive pulmonary disease (COPD),FGF signaling pathways and stemness
chronic obstructive pulmonary disease,http://purl.obolibrary.org/obo/MONDO_0005002,diagnostic,Chronic obstructive pulmonary disease (COPD),Gland and osteoblast differentiation
chronic obstructive pulmonary disease,http://purl.obolibrary.org/obo/MONDO_0005002,diagnostic,Chronic obstructive pulmonary disease (COPD),Heart development and arch anomalies
chronic obstructive pulmonary disease,http://purl.obolibrary.org/obo/MONDO_0005002,diagnostic,Chronic obstructive pulmonary disease (COPD),Hedgehog and WNT signaling pathways
chronic obstructive pulmonary disease,http://purl.obolibrary.org/obo/MONDO_0005002,diagnostic,Chronic obstructive pulmonary disease (COPD),Hedgehog signaling and organogenesis
chronic obstructive pulmonary disease,http://purl.obolibrary.org/obo/MONDO_0005002,diagnostic,Chronic obstructive pulmonary disease (COPD),Limb and heart development signaling
chronic obstructive pulmonary disease,http://purl.obolibrary.org/obo/MONDO_0005002,diagnostic,Chronic obstructive pulmonary disease (COPD),Muscle differentiation and development
chronic obstructive pulmonary disease,http://purl.obolibrary.org/obo/MONDO_0005002,diagnostic,Chronic obstructive pulmonary disease (COPD),Outflow tract and organ morphogenesis
chronic obstructive pulmonary disease,http://purl.obolibrary.org/obo/MONDO_0005002,diagnostic,Chronic obstructive pulmonary disease (COPD),Respiratory and digestive system development
chronic obstructive pulmonary disease,http://purl.obolibrary.org/obo/MONDO_0005002,diagnostic,Chronic obstructive pulmonary disease (COPD),Respiratory tract development and branching
chronic obstructive pulmonary disease,http://purl.obolibrary.org/obo/MONDO_0005002,diagnostic,Chronic obstructive pulmonary disease (COPD),Skeletal and cardiac development genes
chronic obstructive pulmonary disease,http://purl.obolibrary.org/obo/MONDO_0005002,diagnostic,Chronic obstructive pulmonary disease (COPD),Vascular and cardiac development genes
chronic obstructive pulmonary disease,http://purl.obolibrary.org/obo/MONDO_0005002,diagnostic,Chronic obstructive pulmonary disease (COPD),Ventricular and chamber heart morphogenesis
chronic obstructive pulmonary disease,http://purl.obolibrary.org/obo/MONDO_0005002,prognostic,chronic obstructive pulmonary disease,Cardiac cushion morphogenesis and EMT
chronic obstructive pulmonary disease,http://purl.obolibrary.org/obo/MONDO_0005002,prognostic,chronic obstructive pulmonary disease,Environmental stress response genes
chronic obstructive pulmonary disease,http://purl.obolibrary.org/obo/MONDO_0005002,prognostic,chronic obstructive pulmonary disease,Epithelial morphogenesis and branching
chronic obstructive pulmonary disease,http://purl.obolibrary.org/obo/MONDO_0005002,prognostic,chronic obstructive pulmonary disease,Fetal mesothelial cells and FGFs
chronic obstructive pulmonary disease,http://purl.obolibrary.org/obo/MONDO_0005002,prognostic,chronic obstructive pulmonary disease,FGF signaling and growth factors
chronic obstructive pulmonary disease,http://purl.obolibrary.org/obo/MONDO_0005002,prognostic,chronic obstructive pulmonary disease,Growth factor signaling regulation
chronic obstructive pulmonary disease,http://purl.obolibrary.org/obo/MONDO_0005002,prognostic,chronic obstructive pulmonary disease,Heart growth and development
chronic obstructive pulmonary disease,http://purl.obolibrary.org/obo/MONDO_0005002,prognostic,chronic obstructive pulmonary disease,Hindlimb morphogenesis and organogenesis
chronic obstructive pulmonary disease,http://purl.obolibrary.org/obo/MONDO_0005002,prognostic,chronic obstructive pulmonary disease,Limb and palate development abnormalities
chronic obstructive pulmonary disease,http://purl.obolibrary.org/obo/MONDO_0005002,prognostic,chronic obstructive pulmonary disease,Lung branching morphogenesis and signaling
chronic obstructive pulmonary disease,http://purl.obolibrary.org/obo/MONDO_0005002,prognostic,chronic obstructive pulmonary disease,Mesoderm formation and fibroblast stress
chronic obstructive pulmonary disease,http://purl.obolibrary.org/obo/MONDO_0005002,prognostic,chronic obstructive pulmonary disease,Muscle development regulation and EMT
chronic obstructive pulmonary disease,http://purl.obolibrary.org/obo/MONDO_0005002,prognostic,chronic obstructive pulmonary disease,Muscle development regulation and markers
chronic obstructive pulmonary disease,http://purl.obolibrary.org/obo/MONDO_0005002,prognostic,chronic obstructive pulmonary disease,Organ morphogenesis and sensory development
chronic obstructive pulmonary disease,http://purl.obolibrary.org/obo/MONDO_0005002,prognostic,chronic obstructive pulmonary disease,Outflow tract morphogenesis and mesenchyme
chronic obstructive pulmonary disease,http://purl.obolibrary.org/obo/MONDO_0005002,prognostic,chronic obstructive pulmonary disease,Prostate morphogenesis and FGFR signaling
chronic obstructive pulmonary disease,http://purl.obolibrary.org/obo/MONDO_0005002,prognostic,chronic obstructive pulmonary disease,Prostate morphogenesis and related pathways
chronic obstructive pulmonary disease,http://purl.obolibrary.org/obo/MONDO_0005002,prognostic,Chronic obstructive pulmonary disease (COPD),"Cardiac conduction, chambers, valves"
chronic obstructive pulmonary disease,http://purl.obolibrary.org/obo/MONDO_0005002,prognostic,Chronic obstructive pulmonary disease (COPD),Cardiac development defects and genes
chronic obstructive pulmonary disease,http://purl.obolibrary.org/obo/MONDO_0005002,prognostic,Chronic obstructive pulmonary disease (COPD),Cardiac muscle proliferation and growth
chronic obstructive pulmonary disease,http://purl.obolibrary.org/obo/MONDO_0005002,prognostic,Chronic obstructive pulmonary disease (COPD),Cardiovascular development and EMT signaling
chronic obstructive pulmonary disease,http://purl.obolibrary.org/obo/MONDO_0005002,prognostic,Chronic obstructive pulmonary disease (COPD),Congenital malformations and RA receptors
chronic obstructive pulmonary disease,http://purl.obolibrary.org/obo/MONDO_0005002,prognostic,Chronic obstructive pulmonary disease (COPD),Downregulated signaling components
chronic obstructive pulmonary disease,http://purl.obolibrary.org/obo/MONDO_0005002,prognostic,Chronic obstructive pulmonary disease (COPD),Embryonic lethality and cancer pathways
chronic obstructive pulmonary disease,http://purl.obolibrary.org/obo/MONDO_0005002,prognostic,Chronic obstructive pulmonary disease (COPD),Embryonic limb and heart morphogenesis
chronic obstructive pulmonary disease,http://purl.obolibrary.org/obo/MONDO_0005002,prognostic,Chronic obstructive pulmonary disease (COPD),Endocrine and cardiac development
chronic obstructive pulmonary disease,http://purl.obolibrary.org/obo/MONDO_0005002,prognostic,Chronic obstructive pulmonary disease (COPD),FGF signaling pathways and stemness
chronic obstructive pulmonary disease,http://purl.obolibrary.org/obo/MONDO_0005002,prognostic,Chronic obstructive pulmonary disease (COPD),Gland and osteoblast differentiation
chronic obstructive pulmonary disease,http://purl.obolibrary.org/obo/MONDO_0005002,prognostic,Chronic obstructive pulmonary disease (COPD),Heart development and arch anomalies
chronic obstructive pulmonary disease,http://purl.obolibrary.org/obo/MONDO_0005002,prognostic,Chronic obstructive pulmonary disease (COPD),Hedgehog and WNT signaling pathways
chronic obstructive pulmonary disease,http://purl.obolibrary.org/obo/MONDO_0005002,prognostic,Chronic obstructive pulmonary disease (COPD),Hedgehog signaling and organogenesis
chronic obstructive pulmonary disease,http://purl.obolibrary.org/obo/MONDO_0005002,prognostic,Chronic obstructive pulmonary disease (COPD),Limb and heart development signaling
chronic obstructive pulmonary disease,http://purl.obolibrary.org/obo/MONDO_0005002,prognostic,Chronic obstructive pulmonary disease (COPD),Muscle differentiation and development
chronic obstructive pulmonary disease,http://purl.obolibrary.org/obo/MONDO_0005002,prognostic,Chronic obstructive pulmonary disease (COPD),Outflow tract and organ morphogenesis
chronic obstructive pulmonary disease,http://purl.obolibrary.org/obo/MONDO_0005002,prognostic,Chronic obstructive pulmonary disease (COPD),Respiratory and digestive system development
chronic obstructive pulmonary disease,http://purl.obolibrary.org/obo/MONDO_0005002,prognostic,Chronic obstructive pulmonary disease (COPD),Respiratory tract development and branching
chronic obstructive pulmonary disease,http://purl.obolibrary.org/obo/MONDO_0005002,prognostic,Chronic obstructive pulmonary disease (COPD),Skeletal and cardiac development genes
chronic obstructive pulmonary disease,http://purl.obolibrary.org/obo/MONDO_0005002,prognostic,Chronic obstructive pulmonary disease (COPD),Vascular and cardiac development genes
chronic obstructive pulmonary disease,http://purl.obolibrary.org/obo/MONDO_0005002,prognostic,Chronic obstructive pulmonary disease (COPD),Ventricular and chamber heart morphogenesis
chronic primary adrenal insufficiency,http://purl.obolibrary.org/obo/MONDO_0015129,diagnostic,Chronic primary adrenal insufficiency,Abnormal Adrenal Cortex Morphology
chronic primary adrenal insufficiency,http://purl.obolibrary.org/obo/MONDO_0015129,diagnostic,Chronic primary adrenal insufficiency,Abnormal Peroxisome Morphology
chronic primary adrenal insufficiency,http://purl.obolibrary.org/obo/MONDO_0015129,diagnostic,Chronic primary adrenal insufficiency,Adult Adrenal Expression
chronic primary adrenal insufficiency,http://purl.obolibrary.org/obo/MONDO_0015129,diagnostic,Chronic primary adrenal insufficiency,Alternative Pathway Fetal Androgen Synthesis
chronic primary adrenal insufficiency,http://purl.obolibrary.org/obo/MONDO_0015129,diagnostic,Chronic primary adrenal insufficiency,Cholesterol Efflux
chronic primary adrenal insufficiency,http://purl.obolibrary.org/obo/MONDO_0015129,diagnostic,Chronic primary adrenal insufficiency,Cholesterol Metabolism
chronic primary adrenal insufficiency,http://purl.obolibrary.org/obo/MONDO_0015129,diagnostic,Chronic primary adrenal insufficiency,Ether Lipid Biosynthesis
chronic primary adrenal insufficiency,http://purl.obolibrary.org/obo/MONDO_0015129,diagnostic,Chronic primary adrenal insufficiency,Hallmark Bile Acid Metabolism
chronic primary adrenal insufficiency,http://purl.obolibrary.org/obo/MONDO_0015129,diagnostic,Chronic primary adrenal insufficiency,Lipid Metabolism
chronic primary adrenal insufficiency,http://purl.obolibrary.org/obo/MONDO_0015129,diagnostic,Chronic primary adrenal insufficiency,Male Adrenal Expression
chronic primary adrenal insufficiency,http://purl.obolibrary.org/obo/MONDO_0015129,diagnostic,Chronic primary adrenal insufficiency,Metabolism Of Steroid Hormones
chronic primary adrenal insufficiency,http://purl.obolibrary.org/obo/MONDO_0015129,diagnostic,Chronic primary adrenal insufficiency,Microbody Membrane
chronic primary adrenal insufficiency,http://purl.obolibrary.org/obo/MONDO_0015129,diagnostic,Chronic primary adrenal insufficiency,Peroxisomal Lipid Metabolism
chronic primary adrenal insufficiency,http://purl.obolibrary.org/obo/MONDO_0015129,diagnostic,Chronic primary adrenal insufficiency,Very Long Chain Lipids
chronic primary adrenal insufficiency,http://purl.obolibrary.org/obo/MONDO_0015129,risk,Chronic primary adrenal insufficiency,Abnormal Adrenal Cortex Morphology
chronic primary adrenal insufficiency,http://purl.obolibrary.org/obo/MONDO_0015129,risk,Chronic primary adrenal insufficiency,Abnormal Peroxisome Morphology
chronic primary adrenal insufficiency,http://purl.obolibrary.org/obo/MONDO_0015129,risk,Chronic primary adrenal insufficiency,Adult Adrenal Expression
chronic primary adrenal insufficiency,http://purl.obolibrary.org/obo/MONDO_0015129,risk,Chronic primary adrenal insufficiency,Alternative Pathway Fetal Androgen Synthesis
chronic primary adrenal insufficiency,http://purl.obolibrary.org/obo/MONDO_0015129,risk,Chronic primary adrenal insufficiency,Cholesterol Efflux
chronic primary adrenal insufficiency,http://purl.obolibrary.org/obo/MONDO_0015129,risk,Chronic primary adrenal insufficiency,Cholesterol Metabolism
chronic primary adrenal insufficiency,http://purl.obolibrary.org/obo/MONDO_0015129,risk,Chronic primary adrenal insufficiency,Ether Lipid Biosynthesis
chronic primary adrenal insufficiency,http://purl.obolibrary.org/obo/MONDO_0015129,risk,Chronic primary adrenal insufficiency,Hallmark Bile Acid Metabolism
chronic primary adrenal insufficiency,http://purl.obolibrary.org/obo/MONDO_0015129,risk,Chronic primary adrenal insufficiency,Lipid Metabolism
chronic primary adrenal insufficiency,http://purl.obolibrary.org/obo/MONDO_0015129,risk,Chronic primary adrenal insufficiency,Male Adrenal Expression
chronic primary adrenal insufficiency,http://purl.obolibrary.org/obo/MONDO_0015129,risk,Chronic primary adrenal insufficiency,Metabolism Of Steroid Hormones
chronic primary adrenal insufficiency,http://purl.obolibrary.org/obo/MONDO_0015129,risk,Chronic primary adrenal insufficiency,Microbody Membrane
chronic primary adrenal insufficiency,http://purl.obolibrary.org/obo/MONDO_0015129,risk,Chronic primary adrenal insufficiency,Peroxisomal Lipid Metabolism
chronic primary adrenal insufficiency,http://purl.obolibrary.org/obo/MONDO_0015129,risk,Chronic primary adrenal insufficiency,Very Long Chain Lipids
clear cell renal carcinoma,http://purl.obolibrary.org/obo/MONDO_0005005,diagnostic,clear cell renal carcinoma,Apoptosis pathways and p53 miRNA
clear cell renal carcinoma,http://purl.obolibrary.org/obo/MONDO_0005005,diagnostic,clear cell renal carcinoma,DNA damage and p53 cycle
clear cell renal carcinoma,http://purl.obolibrary.org/obo/MONDO_0005005,diagnostic,clear cell renal carcinoma,DNA damage and p53 network
clear cell renal carcinoma,http://purl.obolibrary.org/obo/MONDO_0005005,diagnostic,clear cell renal carcinoma,DNA damage miRNA and cancer
clear cell renal carcinoma,http://purl.obolibrary.org/obo/MONDO_0005005,diagnostic,clear cell renal carcinoma,"DNA damage, RB1 defects, AR"
clear cell renal carcinoma,http://purl.obolibrary.org/obo/MONDO_0005005,diagnostic,Clear cell renal carcinoma,Head Spot Head Spot
clear cell renal carcinoma,http://purl.obolibrary.org/obo/MONDO_0005005,diagnostic,clear cell renal carcinoma,"Integrated cancer, DNA damage, AR"
clear cell renal carcinoma,http://purl.obolibrary.org/obo/MONDO_0005005,diagnostic,clear cell renal carcinoma,"p53 network, DNA damage, metastasis"
clear cell renal carcinoma,http://purl.obolibrary.org/obo/MONDO_0005005,diagnostic,clear cell renal carcinoma,P53 pathway and DNA damage
clear cell renal carcinoma,http://purl.obolibrary.org/obo/MONDO_0005005,diagnostic,clear cell renal carcinoma,"RACCYCD, glioblastoma, melanoma, p53"
clear cell renal carcinoma,http://purl.obolibrary.org/obo/MONDO_0005005,diagnostic,clear cell renal carcinoma,"RB1 defects, p53 and cycle"
clear cell renal carcinoma,http://purl.obolibrary.org/obo/MONDO_0005005,prognostic,clear cell renal carcinoma,Apoptosis pathways and p53 miRNA
clear cell renal carcinoma,http://purl.obolibrary.org/obo/MONDO_0005005,prognostic,clear cell renal carcinoma,DNA damage and p53 cycle
clear cell renal carcinoma,http://purl.obolibrary.org/obo/MONDO_0005005,prognostic,clear cell renal carcinoma,DNA damage and p53 network
clear cell renal carcinoma,http://purl.obolibrary.org/obo/MONDO_0005005,prognostic,clear cell renal carcinoma,DNA damage miRNA and cancer
clear cell renal carcinoma,http://purl.obolibrary.org/obo/MONDO_0005005,prognostic,clear cell renal carcinoma,"DNA damage, RB1 defects, AR"
clear cell renal carcinoma,http://purl.obolibrary.org/obo/MONDO_0005005,prognostic,Clear cell renal carcinoma,Head Spot Head Spot
clear cell renal carcinoma,http://purl.obolibrary.org/obo/MONDO_0005005,prognostic,clear cell renal carcinoma,"Integrated cancer, DNA damage, AR"
clear cell renal carcinoma,http://purl.obolibrary.org/obo/MONDO_0005005,prognostic,clear cell renal carcinoma,"p53 network, DNA damage, metastasis"
clear cell renal carcinoma,http://purl.obolibrary.org/obo/MONDO_0005005,prognostic,clear cell renal carcinoma,P53 pathway and DNA damage
clear cell renal carcinoma,http://purl.obolibrary.org/obo/MONDO_0005005,prognostic,clear cell renal carcinoma,"RACCYCD, glioblastoma, melanoma, p53"
clear cell renal carcinoma,http://purl.obolibrary.org/obo/MONDO_0005005,prognostic,clear cell renal carcinoma,"RB1 defects, p53 and cycle"
clear cell renal carcinoma,http://purl.obolibrary.org/obo/MONDO_0005005,risk,clear cell renal carcinoma,Apoptosis pathways and p53 miRNA
clear cell renal carcinoma,http://purl.obolibrary.org/obo/MONDO_0005005,risk,clear cell renal carcinoma,DNA damage and p53 cycle
clear cell renal carcinoma,http://purl.obolibrary.org/obo/MONDO_0005005,risk,clear cell renal carcinoma,DNA damage and p53 network
clear cell renal carcinoma,http://purl.obolibrary.org/obo/MONDO_0005005,risk,clear cell renal carcinoma,DNA damage miRNA and cancer
clear cell renal carcinoma,http://purl.obolibrary.org/obo/MONDO_0005005,risk,clear cell renal carcinoma,"DNA damage, RB1 defects, AR"
clear cell renal carcinoma,http://purl.obolibrary.org/obo/MONDO_0005005,risk,Clear cell renal carcinoma,Head Spot Head Spot
clear cell renal carcinoma,http://purl.obolibrary.org/obo/MONDO_0005005,risk,clear cell renal carcinoma,"Integrated cancer, DNA damage, AR"
clear cell renal carcinoma,http://purl.obolibrary.org/obo/MONDO_0005005,risk,clear cell renal carcinoma,"p53 network, DNA damage, metastasis"
clear cell renal carcinoma,http://purl.obolibrary.org/obo/MONDO_0005005,risk,clear cell renal carcinoma,P53 pathway and DNA damage
clear cell renal carcinoma,http://purl.obolibrary.org/obo/MONDO_0005005,risk,clear cell renal carcinoma,"RACCYCD, glioblastoma, melanoma, p53"
clear cell renal carcinoma,http://purl.obolibrary.org/obo/MONDO_0005005,risk,clear cell renal carcinoma,"RB1 defects, p53 and cycle"
cleft palate,http://purl.obolibrary.org/obo/MONDO_0016064,risk,Cleft palate,Intestinal Epithelial Program
colorectal cancer,http://purl.obolibrary.org/obo/MONDO_0005575,diagnostic,colorectal cancer,Basement Membranes and ECM Interactions
colorectal cancer,http://purl.obolibrary.org/obo/MONDO_0005575,diagnostic,colorectal cancer,BMP Signaling and Skeletal Development
colorectal cancer,http://purl.obolibrary.org/obo/MONDO_0005575,diagnostic,colorectal cancer,BMP/TGFβ Signaling and SMADs
colorectal cancer,http://purl.obolibrary.org/obo/MONDO_0005575,diagnostic,colorectal cancer,Cartilage Development and Chondrocyte Differentiation
colorectal cancer,http://purl.obolibrary.org/obo/MONDO_0005575,diagnostic,colorectal cancer,Cartilage Development and Ossification WNT7B
colorectal cancer,http://purl.obolibrary.org/obo/MONDO_0005575,diagnostic,colorectal cancer,Digestive Development and Intestinal Morphology
colorectal cancer,http://purl.obolibrary.org/obo/MONDO_0005575,diagnostic,colorectal cancer,Gland and Epithelial Tube Morphogenesis
colorectal cancer,http://purl.obolibrary.org/obo/MONDO_0005575,diagnostic,colorectal cancer,Heart Morphogenesis and Endocardial Cushion
colorectal cancer,http://purl.obolibrary.org/obo/MONDO_0005575,diagnostic,colorectal cancer,Intestinal EMT and Crypt Abnormalities
colorectal cancer,http://purl.obolibrary.org/obo/MONDO_0005575,diagnostic,colorectal cancer,Laminopathies and Cartilage Signaling
colorectal cancer,http://purl.obolibrary.org/obo/MONDO_0005575,diagnostic,colorectal cancer,Lung Trachea and Mesenchymal Proliferation
colorectal cancer,http://purl.obolibrary.org/obo/MONDO_0005575,diagnostic,colorectal cancer,miRNA Regulation and Smooth Muscle
colorectal cancer,http://purl.obolibrary.org/obo/MONDO_0005575,diagnostic,colorectal cancer,MiRNA Transcription and Cartilage Development
colorectal cancer,http://purl.obolibrary.org/obo/MONDO_0005575,diagnostic,colorectal cancer,TGF Beta Signaling
colorectal cancer,http://purl.obolibrary.org/obo/MONDO_0005575,diagnostic,colorectal cancer,TGF Beta Signaling and Differentiation
colorectal cancer,http://purl.obolibrary.org/obo/MONDO_0005575,diagnostic,colorectal cancer,TGFβ Signaling and Mesonephros
colorectal cancer,http://purl.obolibrary.org/obo/MONDO_0005575,monitoring,colorectal cancer,Basement Membranes and ECM Interactions
colorectal cancer,http://purl.obolibrary.org/obo/MONDO_0005575,monitoring,colorectal cancer,BMP Signaling and Skeletal Development
colorectal cancer,http://purl.obolibrary.org/obo/MONDO_0005575,monitoring,colorectal cancer,BMP/TGFβ Signaling and SMADs
colorectal cancer,http://purl.obolibrary.org/obo/MONDO_0005575,monitoring,colorectal cancer,Cartilage Development and Chondrocyte Differentiation
colorectal cancer,http://purl.obolibrary.org/obo/MONDO_0005575,monitoring,colorectal cancer,Cartilage Development and Ossification WNT7B
colorectal cancer,http://purl.obolibrary.org/obo/MONDO_0005575,monitoring,colorectal cancer,Digestive Development and Intestinal Morphology
colorectal cancer,http://purl.obolibrary.org/obo/MONDO_0005575,monitoring,colorectal cancer,Gland and Epithelial Tube Morphogenesis
colorectal cancer,http://purl.obolibrary.org/obo/MONDO_0005575,monitoring,colorectal cancer,Heart Morphogenesis and Endocardial Cushion
colorectal cancer,http://purl.obolibrary.org/obo/MONDO_0005575,monitoring,colorectal cancer,Intestinal EMT and Crypt Abnormalities
colorectal cancer,http://purl.obolibrary.org/obo/MONDO_0005575,monitoring,colorectal cancer,Laminopathies and Cartilage Signaling
colorectal cancer,http://purl.obolibrary.org/obo/MONDO_0005575,monitoring,colorectal cancer,Lung Trachea and Mesenchymal Proliferation
colorectal cancer,http://purl.obolibrary.org/obo/MONDO_0005575,monitoring,colorectal cancer,miRNA Regulation and Smooth Muscle
colorectal cancer,http://purl.obolibrary.org/obo/MONDO_0005575,monitoring,colorectal cancer,MiRNA Transcription and Cartilage Development
colorectal cancer,http://purl.obolibrary.org/obo/MONDO_0005575,monitoring,colorectal cancer,TGF Beta Signaling
colorectal cancer,http://purl.obolibrary.org/obo/MONDO_0005575,monitoring,colorectal cancer,TGF Beta Signaling and Differentiation
colorectal cancer,http://purl.obolibrary.org/obo/MONDO_0005575,monitoring,colorectal cancer,TGFβ Signaling and Mesonephros
colorectal cancer,http://purl.obolibrary.org/obo/MONDO_0005575,prognostic,colorectal cancer,Basement Membranes and ECM Interactions
colorectal cancer,http://purl.obolibrary.org/obo/MONDO_0005575,prognostic,colorectal cancer,BMP Signaling and Skeletal Development
colorectal cancer,http://purl.obolibrary.org/obo/MONDO_0005575,prognostic,colorectal cancer,BMP/TGFβ Signaling and SMADs
colorectal cancer,http://purl.obolibrary.org/obo/MONDO_0005575,prognostic,colorectal cancer,Cartilage Development and Chondrocyte Differentiation
colorectal cancer,http://purl.obolibrary.org/obo/MONDO_0005575,prognostic,colorectal cancer,Cartilage Development and Ossification WNT7B
colorectal cancer,http://purl.obolibrary.org/obo/MONDO_0005575,prognostic,colorectal cancer,Digestive Development and Intestinal Morphology
colorectal cancer,http://purl.obolibrary.org/obo/MONDO_0005575,prognostic,colorectal cancer,Gland and Epithelial Tube Morphogenesis
colorectal cancer,http://purl.obolibrary.org/obo/MONDO_0005575,prognostic,colorectal cancer,Heart Morphogenesis and Endocardial Cushion
colorectal cancer,http://purl.obolibrary.org/obo/MONDO_0005575,prognostic,colorectal cancer,Intestinal EMT and Crypt Abnormalities
colorectal cancer,http://purl.obolibrary.org/obo/MONDO_0005575,prognostic,colorectal cancer,Laminopathies and Cartilage Signaling
colorectal cancer,http://purl.obolibrary.org/obo/MONDO_0005575,prognostic,colorectal cancer,Lung Trachea and Mesenchymal Proliferation
colorectal cancer,http://purl.obolibrary.org/obo/MONDO_0005575,prognostic,colorectal cancer,miRNA Regulation and Smooth Muscle
colorectal cancer,http://purl.obolibrary.org/obo/MONDO_0005575,prognostic,colorectal cancer,MiRNA Transcription and Cartilage Development
colorectal cancer,http://purl.obolibrary.org/obo/MONDO_0005575,prognostic,colorectal cancer,TGF Beta Signaling
colorectal cancer,http://purl.obolibrary.org/obo/MONDO_0005575,prognostic,colorectal cancer,TGF Beta Signaling and Differentiation
colorectal cancer,http://purl.obolibrary.org/obo/MONDO_0005575,prognostic,colorectal cancer,TGFβ Signaling and Mesonephros
colorectal cancer,http://purl.obolibrary.org/obo/MONDO_0005575,risk,colorectal cancer,Basement Membranes and ECM Interactions
colorectal cancer,http://purl.obolibrary.org/obo/MONDO_0005575,risk,colorectal cancer,BMP Signaling and Skeletal Development
colorectal cancer,http://purl.obolibrary.org/obo/MONDO_0005575,risk,colorectal cancer,BMP/TGFβ Signaling and SMADs
colorectal cancer,http://purl.obolibrary.org/obo/MONDO_0005575,risk,colorectal cancer,Cartilage Development and Chondrocyte Differentiation
colorectal cancer,http://purl.obolibrary.org/obo/MONDO_0005575,risk,colorectal cancer,Cartilage Development and Ossification WNT7B
colorectal cancer,http://purl.obolibrary.org/obo/MONDO_0005575,risk,colorectal cancer,Digestive Development and Intestinal Morphology
colorectal cancer,http://purl.obolibrary.org/obo/MONDO_0005575,risk,colorectal cancer,Gland and Epithelial Tube Morphogenesis
colorectal cancer,http://purl.obolibrary.org/obo/MONDO_0005575,risk,colorectal cancer,Heart Morphogenesis and Endocardial Cushion
colorectal cancer,http://purl.obolibrary.org/obo/MONDO_0005575,risk,colorectal cancer,Intestinal EMT and Crypt Abnormalities
colorectal cancer,http://purl.obolibrary.org/obo/MONDO_0005575,risk,colorectal cancer,Laminopathies and Cartilage Signaling
colorectal cancer,http://purl.obolibrary.org/obo/MONDO_0005575,risk,colorectal cancer,Lung Trachea and Mesenchymal Proliferation
colorectal cancer,http://purl.obolibrary.org/obo/MONDO_0005575,risk,colorectal cancer,miRNA Regulation and Smooth Muscle
colorectal cancer,http://purl.obolibrary.org/obo/MONDO_0005575,risk,colorectal cancer,MiRNA Transcription and Cartilage Development
colorectal cancer,http://purl.obolibrary.org/obo/MONDO_0005575,risk,colorectal cancer,TGF Beta Signaling
colorectal cancer,http://purl.obolibrary.org/obo/MONDO_0005575,risk,colorectal cancer,TGF Beta Signaling and Differentiation
colorectal cancer,http://purl.obolibrary.org/obo/MONDO_0005575,risk,colorectal cancer,TGFβ Signaling and Mesonephros
congenital adrenal hyperplasia,http://purl.obolibrary.org/obo/MONDO_0018479,diagnostic,Congenital adrenal hyperplasia,Fetal adrenal steroid metabolism
congenital adrenal hyperplasia,http://purl.obolibrary.org/obo/MONDO_0018479,diagnostic,Congenital adrenal hyperplasia,Fetal androgen synthesis and phenotypes
congenital adrenal hyperplasia,http://purl.obolibrary.org/obo/MONDO_0018479,diagnostic,Congenital adrenal hyperplasia,Steroid hormone biosynthesis and metabolism
congenital adrenal hyperplasia,http://purl.obolibrary.org/obo/MONDO_0018479,diagnostic,Congenital adrenal hyperplasia,Steroid metabolism and androgen synthesis
congenital hypothyroidism,http://purl.obolibrary.org/obo/MONDO_0018612,diagnostic,Congenital hypothyroidism,Craniofacial anomalies and genes
congenital hypothyroidism,http://purl.obolibrary.org/obo/MONDO_0018612,diagnostic,Congenital hypothyroidism,Decreased thyroid hormones and activity
congenital hypothyroidism,http://purl.obolibrary.org/obo/MONDO_0018612,diagnostic,Congenital hypothyroidism,Endocrine development and hormone regulation
congenital hypothyroidism,http://purl.obolibrary.org/obo/MONDO_0018612,diagnostic,Congenital hypothyroidism,Endocrine development with heart defects
congenital hypothyroidism,http://purl.obolibrary.org/obo/MONDO_0018612,diagnostic,Congenital hypothyroidism,Hearing loss with ear defects
congenital hypothyroidism,http://purl.obolibrary.org/obo/MONDO_0018612,diagnostic,Congenital hypothyroidism,Increased TSH and thyroid development
congenital hypothyroidism,http://purl.obolibrary.org/obo/MONDO_0018612,diagnostic,Congenital hypothyroidism,Pituitary and thyroid development
congenital hypothyroidism,http://purl.obolibrary.org/obo/MONDO_0018612,diagnostic,Congenital hypothyroidism,Pituitary development and hormone deficiency
congenital hypothyroidism,http://purl.obolibrary.org/obo/MONDO_0018612,diagnostic,Congenital hypothyroidism,Pituitary development and hormone signaling
congenital hypothyroidism,http://purl.obolibrary.org/obo/MONDO_0018612,diagnostic,Congenital hypothyroidism,Thyroid and gland development signals
congenital hypothyroidism,http://purl.obolibrary.org/obo/MONDO_0018612,diagnostic,Congenital hypothyroidism,Thyroid follicle morphology and hormones
congenital hypothyroidism,http://purl.obolibrary.org/obo/MONDO_0018612,diagnostic,Congenital hypothyroidism,Thyroid hormone generation and metabolism
congenital hypothyroidism,http://purl.obolibrary.org/obo/MONDO_0018612,diagnostic,Congenital hypothyroidism,Thyroid hormone imbalance and development
congenital hypothyroidism,http://purl.obolibrary.org/obo/MONDO_0018612,diagnostic,Congenital hypothyroidism,Thyroid hormone production imbalance
congenital hypothyroidism,http://purl.obolibrary.org/obo/MONDO_0018612,diagnostic,Congenital hypothyroidism,Thyroid hormones and growth hormone
congenital hypothyroidism,http://purl.obolibrary.org/obo/MONDO_0018612,diagnostic,Congenital hypothyroidism,Thyroid signaling and metabolism
congenital hypothyroidism,http://purl.obolibrary.org/obo/MONDO_0018612,diagnostic,Congenital hypothyroidism,Thyroxine and pituitary abnormalities
congenital hypothyroidism,http://purl.obolibrary.org/obo/MONDO_0018612,diagnostic,Congenital hypothyroidism,Thyroxine biosynthesis and metabolism
congenital hypothyroidism,http://purl.obolibrary.org/obo/MONDO_0018612,diagnostic,Congenital hypothyroidism,Thyroxine biosynthesis and thyroid activity
COVID-19,http://purl.obolibrary.org/obo/MONDO_0100096,diagnostic,COVID-19,Clathrin Endocytosis and Lung Expression
COVID-19,http://purl.obolibrary.org/obo/MONDO_0100096,diagnostic,COVID-19,Immune Signaling and Phagocytosis
COVID-19,http://purl.obolibrary.org/obo/MONDO_0100096,diagnostic,COVID-19,Interferon and IL-2 Signaling
COVID-19,http://purl.obolibrary.org/obo/MONDO_0100096,diagnostic,COVID-19,Interferon Gamma TB Immunity
COVID-19,http://purl.obolibrary.org/obo/MONDO_0100096,diagnostic,COVID-19,Interferon Response and Induction
COVID-19,http://purl.obolibrary.org/obo/MONDO_0100096,diagnostic,COVID-19,Interferon Signaling and Response
COVID-19,http://purl.obolibrary.org/obo/MONDO_0100096,diagnostic,COVID-19,Ion Channels and Synaptic Adhesion
COVID-19,http://purl.obolibrary.org/obo/MONDO_0100096,diagnostic,COVID-19,Lung Fibrosis and Inflammation Markers
COVID-19,http://purl.obolibrary.org/obo/MONDO_0100096,diagnostic,COVID-19,MHC and Interferon Gamma Signaling
COVID-19,http://purl.obolibrary.org/obo/MONDO_0100096,diagnostic,COVID-19,MHC Proteins and Interferon Signaling
COVID-19,http://purl.obolibrary.org/obo/MONDO_0100096,diagnostic,COVID-19,SARS-CoV-2 Interferon Signaling
COVID-19,http://purl.obolibrary.org/obo/MONDO_0100096,diagnostic,COVID-19,Tuberculosis Immunity and IFN Signaling
COVID-19,http://purl.obolibrary.org/obo/MONDO_0100096,monitoring,COVID-19,Clathrin Endocytosis and Lung Expression
COVID-19,http://purl.obolibrary.org/obo/MONDO_0100096,monitoring,COVID-19,Immune Signaling and Phagocytosis
COVID-19,http://purl.obolibrary.org/obo/MONDO_0100096,monitoring,COVID-19,Interferon and IL-2 Signaling
COVID-19,http://purl.obolibrary.org/obo/MONDO_0100096,monitoring,COVID-19,Interferon Gamma TB Immunity
COVID-19,http://purl.obolibrary.org/obo/MONDO_0100096,monitoring,COVID-19,Interferon Response and Induction
COVID-19,http://purl.obolibrary.org/obo/MONDO_0100096,monitoring,COVID-19,Interferon Signaling and Response
COVID-19,http://purl.obolibrary.org/obo/MONDO_0100096,monitoring,COVID-19,Ion Channels and Synaptic Adhesion
COVID-19,http://purl.obolibrary.org/obo/MONDO_0100096,monitoring,COVID-19,Lung Fibrosis and Inflammation Markers
COVID-19,http://purl.obolibrary.org/obo/MONDO_0100096,monitoring,COVID-19,MHC and Interferon Gamma Signaling
COVID-19,http://purl.obolibrary.org/obo/MONDO_0100096,monitoring,COVID-19,MHC Proteins and Interferon Signaling
COVID-19,http://purl.obolibrary.org/obo/MONDO_0100096,monitoring,COVID-19,SARS-CoV-2 Interferon Signaling
COVID-19,http://purl.obolibrary.org/obo/MONDO_0100096,monitoring,COVID-19,Tuberculosis Immunity and IFN Signaling
COVID-19,http://purl.obolibrary.org/obo/MONDO_0100096,prognostic,COVID-19,Clathrin Endocytosis and Lung Expression
COVID-19,http://purl.obolibrary.org/obo/MONDO_0100096,prognostic,COVID-19,Immune Signaling and Phagocytosis
COVID-19,http://purl.obolibrary.org/obo/MONDO_0100096,prognostic,COVID-19,Interferon and IL-2 Signaling
COVID-19,http://purl.obolibrary.org/obo/MONDO_0100096,prognostic,COVID-19,Interferon Gamma TB Immunity
COVID-19,http://purl.obolibrary.org/obo/MONDO_0100096,prognostic,COVID-19,Interferon Response and Induction
COVID-19,http://purl.obolibrary.org/obo/MONDO_0100096,prognostic,COVID-19,Interferon Signaling and Response
COVID-19,http://purl.obolibrary.org/obo/MONDO_0100096,prognostic,COVID-19,Ion Channels and Synaptic Adhesion
COVID-19,http://purl.obolibrary.org/obo/MONDO_0100096,prognostic,COVID-19,Lung Fibrosis and Inflammation Markers
COVID-19,http://purl.obolibrary.org/obo/MONDO_0100096,prognostic,COVID-19,MHC and Interferon Gamma Signaling
COVID-19,http://purl.obolibrary.org/obo/MONDO_0100096,prognostic,COVID-19,MHC Proteins and Interferon Signaling
COVID-19,http://purl.obolibrary.org/obo/MONDO_0100096,prognostic,COVID-19,SARS-CoV-2 Interferon Signaling
COVID-19,http://purl.obolibrary.org/obo/MONDO_0100096,prognostic,COVID-19,Tuberculosis Immunity and IFN Signaling
COVID-19,http://purl.obolibrary.org/obo/MONDO_0100096,risk,COVID-19,Clathrin Endocytosis and Lung Expression
COVID-19,http://purl.obolibrary.org/obo/MONDO_0100096,risk,COVID-19,Immune Signaling and Phagocytosis
COVID-19,http://purl.obolibrary.org/obo/MONDO_0100096,risk,COVID-19,Interferon and IL-2 Signaling
COVID-19,http://purl.obolibrary.org/obo/MONDO_0100096,risk,COVID-19,Interferon Gamma TB Immunity
COVID-19,http://purl.obolibrary.org/obo/MONDO_0100096,risk,COVID-19,Interferon Response and Induction
COVID-19,http://purl.obolibrary.org/obo/MONDO_0100096,risk,COVID-19,Interferon Signaling and Response
COVID-19,http://purl.obolibrary.org/obo/MONDO_0100096,risk,COVID-19,Ion Channels and Synaptic Adhesion
COVID-19,http://purl.obolibrary.org/obo/MONDO_0100096,risk,COVID-19,Lung Fibrosis and Inflammation Markers
COVID-19,http://purl.obolibrary.org/obo/MONDO_0100096,risk,COVID-19,MHC and Interferon Gamma Signaling
COVID-19,http://purl.obolibrary.org/obo/MONDO_0100096,risk,COVID-19,MHC Proteins and Interferon Signaling
COVID-19,http://purl.obolibrary.org/obo/MONDO_0100096,risk,COVID-19,SARS-CoV-2 Interferon Signaling
COVID-19,http://purl.obolibrary.org/obo/MONDO_0100096,risk,COVID-19,Tuberculosis Immunity and IFN Signaling
cystic fibrosis,http://purl.obolibrary.org/obo/MONDO_0009061,diagnostic,Cystic fibrosis,Colon Mixed Expression Trends
cystic fibrosis,http://purl.obolibrary.org/obo/MONDO_0009061,diagnostic,Cystic fibrosis,Esophagus Expression Shifts With Age
dermatophytosis,http://purl.obolibrary.org/obo/MONDO_0004678,risk,Dermatophytosis,Germ layer and organ formation
dermatophytosis,http://purl.obolibrary.org/obo/MONDO_0004678,risk,Dermatophytosis,Morphogenesis and growth regulatory genes
dermatophytosis,http://purl.obolibrary.org/obo/MONDO_0004678,risk,Dermatophytosis (dominant model),Adipose gene expression changes
dermatophytosis,http://purl.obolibrary.org/obo/MONDO_0004678,risk,Dermatophytosis (dominant model),Craniofacial and muscle development
diabetic retinopathy,http://purl.obolibrary.org/obo/MONDO_0005266,risk,Diabetic retinopathy,Abnormal myocardial structure and lethality
diabetic retinopathy,http://purl.obolibrary.org/obo/MONDO_0005266,risk,Diabetic retinopathy,Adipogenesis transcription factors and metabolism
diabetic retinopathy,http://purl.obolibrary.org/obo/MONDO_0005266,risk,Diabetic retinopathy,Adipose morphology and lipid levels
diabetic retinopathy,http://purl.obolibrary.org/obo/MONDO_0005266,risk,Diabetic retinopathy,Beta cell development and diabetes
diabetic retinopathy,http://purl.obolibrary.org/obo/MONDO_0005266,risk,Diabetic retinopathy,Decreased insulin secretion
diabetic retinopathy,http://purl.obolibrary.org/obo/MONDO_0005266,risk,Diabetic retinopathy,DNA damage response and cancer
diabetic retinopathy,http://purl.obolibrary.org/obo/MONDO_0005266,risk,Diabetic retinopathy,Glioblastoma signaling pathways
diabetic retinopathy,http://purl.obolibrary.org/obo/MONDO_0005266,risk,Diabetic retinopathy,Glomerulus pathology and signaling
diabetic retinopathy,http://purl.obolibrary.org/obo/MONDO_0005266,risk,Diabetic retinopathy,Hepatic steatosis and triglycerides
diabetic retinopathy,http://purl.obolibrary.org/obo/MONDO_0005266,risk,Diabetic retinopathy,HNF3B and RB pathways
diabetic retinopathy,http://purl.obolibrary.org/obo/MONDO_0005266,risk,Diabetic retinopathy,Improved glucose tolerance and sensitivity
diabetic retinopathy,http://purl.obolibrary.org/obo/MONDO_0005266,risk,Diabetic retinopathy,Increased circulating triglycerides and glucagon
diabetic retinopathy,http://purl.obolibrary.org/obo/MONDO_0005266,risk,Diabetic retinopathy,Increased fat cell size
diabetic retinopathy,http://purl.obolibrary.org/obo/MONDO_0005266,risk,Diabetic retinopathy,Increased glucose with impaired tolerance
diabetic retinopathy,http://purl.obolibrary.org/obo/MONDO_0005266,risk,Diabetic retinopathy,insulin resistance and obesity markers
diabetic retinopathy,http://purl.obolibrary.org/obo/MONDO_0005266,risk,Diabetic retinopathy,Insulin secretion and metabolism
diabetic retinopathy,http://purl.obolibrary.org/obo/MONDO_0005266,risk,Diabetic retinopathy,Liver enlargement and hematopoiesis abnormalities
diabetic retinopathy,http://purl.obolibrary.org/obo/MONDO_0005266,risk,Diabetic retinopathy,Pancreatic development and WNT signaling
diabetic retinopathy,http://purl.obolibrary.org/obo/MONDO_0005266,risk,Diabetic retinopathy,Polyphagia and hepatic steatosis
diabetic retinopathy,http://purl.obolibrary.org/obo/MONDO_0005266,risk,Diabetic retinopathy,Transcription factor regulation in adipogenesis
diabetic retinopathy,http://purl.obolibrary.org/obo/MONDO_0005266,risk,Diabetic retinopathy (DR) vs no DR acct DoD-GC,Increased Thyroid Carcinoma Incidence
dilated cardiomyopathy,http://purl.obolibrary.org/obo/MONDO_0005021,risk,Dilated cardiomyopathy,ALPK2 kinase coexpression in muscle
dilated cardiomyopathy,http://purl.obolibrary.org/obo/MONDO_0005021,risk,Dilated cardiomyopathy,Atrial and myocardial necrosis genes
dilated cardiomyopathy,http://purl.obolibrary.org/obo/MONDO_0005021,risk,Dilated cardiomyopathy,Atrial appendage upregulation genes
dilated cardiomyopathy,http://purl.obolibrary.org/obo/MONDO_0005021,risk,Dilated cardiomyopathy,Cardiac ion channels and muscle
dilated cardiomyopathy,http://purl.obolibrary.org/obo/MONDO_0005021,risk,Dilated cardiomyopathy,Cardiac muscle development pathways
dilated cardiomyopathy,http://purl.obolibrary.org/obo/MONDO_0005021,risk,Dilated cardiomyopathy,Cardiac muscle morphogenesis genes
dilated cardiomyopathy,http://purl.obolibrary.org/obo/MONDO_0005021,risk,Dilated cardiomyopathy,Cardiomyocyte signaling and fibrosis
dilated cardiomyopathy,http://purl.obolibrary.org/obo/MONDO_0005021,risk,Dilated cardiomyopathy,Cardiomyopathy and fibrosis genes
dilated cardiomyopathy,http://purl.obolibrary.org/obo/MONDO_0005021,risk,Dilated cardiomyopathy,Coronary artery and sarcomere genes
dilated cardiomyopathy,http://purl.obolibrary.org/obo/MONDO_0005021,risk,Dilated cardiomyopathy,Coronary-artery and sarcomere genes
dilated cardiomyopathy,http://purl.obolibrary.org/obo/MONDO_0005021,risk,Dilated cardiomyopathy,Fetal cardiomyocyte and sarcomere genes
dilated cardiomyopathy,http://purl.obolibrary.org/obo/MONDO_0005021,risk,Dilated cardiomyopathy,Heart and skeletal muscle genes
dilated cardiomyopathy,http://purl.obolibrary.org/obo/MONDO_0005021,risk,Dilated cardiomyopathy,Heart comparison genes and XIRP
dilated cardiomyopathy,http://purl.obolibrary.org/obo/MONDO_0005021,risk,Dilated cardiomyopathy,Heart muscle and sarcomere genes
dilated cardiomyopathy,http://purl.obolibrary.org/obo/MONDO_0005021,risk,Dilated cardiomyopathy,Heart muscle structural genes
dilated cardiomyopathy,http://purl.obolibrary.org/obo/MONDO_0005021,risk,Dilated cardiomyopathy,Heart sarcomere and muscle genes
dilated cardiomyopathy,http://purl.obolibrary.org/obo/MONDO_0005021,risk,Dilated cardiomyopathy,Heart ventricle function genes
dilated cardiomyopathy,http://purl.obolibrary.org/obo/MONDO_0005021,risk,Dilated cardiomyopathy,Liver and heart ventricle morphology
dilated cardiomyopathy,http://purl.obolibrary.org/obo/MONDO_0005021,risk,Dilated cardiomyopathy,Mitochondrial genes and muscle
dilated cardiomyopathy,http://purl.obolibrary.org/obo/MONDO_0005021,risk,Dilated cardiomyopathy,Mitochondrial target genes and MTs
dilated cardiomyopathy,http://purl.obolibrary.org/obo/MONDO_0005021,risk,Dilated cardiomyopathy,Muscle dystrophy and degeneration
dilated cardiomyopathy,http://purl.obolibrary.org/obo/MONDO_0005021,risk,Dilated cardiomyopathy,Muscle stretch response and necrosis
dilated cardiomyopathy,http://purl.obolibrary.org/obo/MONDO_0005021,risk,Dilated cardiomyopathy,Regulation of cardiac muscle contraction
dilated cardiomyopathy,http://purl.obolibrary.org/obo/MONDO_0005021,risk,Dilated cardiomyopathy,Skeletal and cardiac degeneration genes
dilated cardiomyopathy,http://purl.obolibrary.org/obo/MONDO_0005021,risk,Dilated cardiomyopathy,Skeletal muscle up-regulated genes
dilated cardiomyopathy,http://purl.obolibrary.org/obo/MONDO_0005021,risk,Dilated cardiomyopathy,Vastus lateralis up-regulation genes
dilated cardiomyopathy,http://purl.obolibrary.org/obo/MONDO_0005021,risk,Dilated cardiomyopathy,Z-line morphology and sarcomere genes
dilated cardiomyopathy,http://purl.obolibrary.org/obo/MONDO_0005021,risk,Dilated cardiomyopathy; broad definition,Abnormal sarcomere morphology
dilated cardiomyopathy,http://purl.obolibrary.org/obo/MONDO_0005021,risk,Dilated cardiomyopathy; broad definition,Abnormal Z-line morphology
dilated cardiomyopathy,http://purl.obolibrary.org/obo/MONDO_0005021,risk,Dilated cardiomyopathy; broad definition,Cardiac and muscle development genes
dilated cardiomyopathy,http://purl.obolibrary.org/obo/MONDO_0005021,risk,Dilated cardiomyopathy; broad definition,Coexpression network of structural genes
dilated cardiomyopathy,http://purl.obolibrary.org/obo/MONDO_0005021,risk,Dilated cardiomyopathy; broad definition,Diaphragm morphology abnormalities
dilated cardiomyopathy,http://purl.obolibrary.org/obo/MONDO_0005021,risk,Dilated cardiomyopathy; broad definition,Downregulated signaling and cytoskeleton
dilated cardiomyopathy,http://purl.obolibrary.org/obo/MONDO_0005021,risk,Dilated cardiomyopathy; broad definition,Heart ventricle expression changes
dilated cardiomyopathy,http://purl.obolibrary.org/obo/MONDO_0005021,risk,Dilated cardiomyopathy; broad definition,Increased muscle fiber size variability
dilated cardiomyopathy,http://purl.obolibrary.org/obo/MONDO_0005021,risk,Dilated cardiomyopathy; broad definition,Muscle cytoskeleton and receptors
dilated cardiomyopathy,http://purl.obolibrary.org/obo/MONDO_0005021,risk,Dilated cardiomyopathy; broad definition,Muscle fiber variability and myopathy
dilated cardiomyopathy,http://purl.obolibrary.org/obo/MONDO_0005021,risk,Dilated cardiomyopathy; broad definition,Muscle gene expression changes
dilated cardiomyopathy,http://purl.obolibrary.org/obo/MONDO_0005021,risk,Dilated cardiomyopathy; broad definition,Sarcomere organization and muscle development
dilated cardiomyopathy,http://purl.obolibrary.org/obo/MONDO_0005021,risk,Dilated cardiomyopathy; broad definition,Skeletal muscle morphology abnormalities
dilated cardiomyopathy,http://purl.obolibrary.org/obo/MONDO_0005021,risk,Dilated cardiomyopathy; broad definition,Z-line and myopathy features
dilated cardiomyopathy,http://purl.obolibrary.org/obo/MONDO_0005021,risk,Dilated cardiomyopathy; broad definition,Z-line and sarcomere abnormalities
dilated cardiomyopathy,http://purl.obolibrary.org/obo/MONDO_0005021,risk,Dilated cardiomyopathy; strict definition,Atrial Contractile Program
dilated cardiomyopathy,http://purl.obolibrary.org/obo/MONDO_0005021,risk,Dilated cardiomyopathy; strict definition,Calcium Handling Myocytes
dilated cardiomyopathy,http://purl.obolibrary.org/obo/MONDO_0005021,risk,Dilated cardiomyopathy; strict definition,Cardiac Cytoskeleton Program
dilated cardiomyopathy,http://purl.obolibrary.org/obo/MONDO_0005021,risk,Dilated cardiomyopathy; strict definition,Cardiac Muscle Contraction
dilated cardiomyopathy,http://purl.obolibrary.org/obo/MONDO_0005021,risk,Dilated cardiomyopathy; strict definition,Cardiomyocyte Contractile Program
dilated cardiomyopathy,http://purl.obolibrary.org/obo/MONDO_0005021,risk,Dilated cardiomyopathy; strict definition,Cardiomyocyte Hypertrophy
dilated cardiomyopathy,http://purl.obolibrary.org/obo/MONDO_0005021,risk,Dilated cardiomyopathy; strict definition,Cardiomyocyte Myofibril Program
dilated cardiomyopathy,http://purl.obolibrary.org/obo/MONDO_0005021,risk,Dilated cardiomyopathy; strict definition,Cardiomyocyte Remodeling
dilated cardiomyopathy,http://purl.obolibrary.org/obo/MONDO_0005021,risk,Dilated cardiomyopathy; strict definition,Contractile Fiber Program
dilated cardiomyopathy,http://purl.obolibrary.org/obo/MONDO_0005021,risk,Dilated cardiomyopathy; strict definition,Dilated Cardiomyopathy
dilated cardiomyopathy,http://purl.obolibrary.org/obo/MONDO_0005021,risk,Dilated cardiomyopathy; strict definition,Excitation Contraction Coupling
dilated cardiomyopathy,http://purl.obolibrary.org/obo/MONDO_0005021,risk,Dilated cardiomyopathy; strict definition,Myofibril Remodeling Program
dilated cardiomyopathy,http://purl.obolibrary.org/obo/MONDO_0005021,risk,Dilated cardiomyopathy; strict definition,Sarcomere Organization
dilated cardiomyopathy,http://purl.obolibrary.org/obo/MONDO_0005021,risk,Dilated cardiomyopathy; strict definition,Sarcomeric Cardiomyopathy Program
dilated cardiomyopathy,http://purl.obolibrary.org/obo/MONDO_0005021,risk,Dilated cardiomyopathy; strict definition,Ventricular Maturation Program
dilated cardiomyopathy,http://purl.obolibrary.org/obo/MONDO_0005021,risk,Dilated cardiomyopathy; strict definition,Ventricular Myofibril Assembly
disorder of glycogen metabolism,http://purl.obolibrary.org/obo/MONDO_0002412,diagnostic,Glycogen storage disease,Carbohydrate catabolic processes and regulation
disorder of glycogen metabolism,http://purl.obolibrary.org/obo/MONDO_0002412,diagnostic,Glycogen storage disease,Carbohydrate metabolism and glycolysis
disorder of glycogen metabolism,http://purl.obolibrary.org/obo/MONDO_0002412,diagnostic,Glycogen storage disease,Carbohydrate metabolism enzymes
disorder of glycogen metabolism,http://purl.obolibrary.org/obo/MONDO_0002412,diagnostic,Glycogen storage disease,Cori cycle and sugar metabolism
disorder of glycogen metabolism,http://purl.obolibrary.org/obo/MONDO_0002412,diagnostic,Glycogen storage disease,Fructose metabolism and energy pathways
disorder of glycogen metabolism,http://purl.obolibrary.org/obo/MONDO_0002412,diagnostic,Glycogen storage disease,Fructose metabolism and glycolysis
disorder of glycogen metabolism,http://purl.obolibrary.org/obo/MONDO_0002412,diagnostic,Glycogen storage disease,Glucan and glycogen metabolism
disorder of glycogen metabolism,http://purl.obolibrary.org/obo/MONDO_0002412,diagnostic,Glycogen storage disease,Glucose metabolism and glycogen regulation
disorder of glycogen metabolism,http://purl.obolibrary.org/obo/MONDO_0002412,diagnostic,Glycogen storage disease,Glycogen and carbohydrate metabolism
disorder of glycogen metabolism,http://purl.obolibrary.org/obo/MONDO_0002412,diagnostic,Glycogen storage disease,Glycogen metabolism and galactose metabolism
disorder of glycogen metabolism,http://purl.obolibrary.org/obo/MONDO_0002412,diagnostic,Glycogen storage disease,Glycogen metabolism and insulin signaling
disorder of glycogen metabolism,http://purl.obolibrary.org/obo/MONDO_0002412,diagnostic,Glycogen storage disease,Glycogen metabolism and storage diseases
disorder of glycogen metabolism,http://purl.obolibrary.org/obo/MONDO_0002412,diagnostic,Glycogen storage disease,Glycogen storage and carbohydrate metabolism
disorder of glycogen metabolism,http://purl.obolibrary.org/obo/MONDO_0002412,diagnostic,Glycogen storage disease,Glycogen storage and metabolism disorders
disorder of glycogen metabolism,http://purl.obolibrary.org/obo/MONDO_0002412,diagnostic,Glycogen storage disease,Glycogen storage diseases and galactose
disorder of glycogen metabolism,http://purl.obolibrary.org/obo/MONDO_0002412,diagnostic,Glycogen storage disease,Glycolysis and carbohydrate catabolism
disorder of glycogen metabolism,http://purl.obolibrary.org/obo/MONDO_0002412,diagnostic,Glycogen storage disease,Glycolysis and carbohydrate metabolism
disorder of glycogen metabolism,http://purl.obolibrary.org/obo/MONDO_0002412,diagnostic,Glycogen storage disease,Glycolysis and HIF1 targets
disorder of glycogen metabolism,http://purl.obolibrary.org/obo/MONDO_0002412,diagnostic,Glycogen storage disease,Glycolysis and monosaccharide metabolism
disorder of glycogen metabolism,http://purl.obolibrary.org/obo/MONDO_0002412,diagnostic,Glycogen storage disease,Glycolysis enzymes
disorder of glycogen metabolism,http://purl.obolibrary.org/obo/MONDO_0002412,diagnostic,Glycogen storage disease,"Glycolysis, hypoxia, and Cori cycle"
disorder of glycogen metabolism,http://purl.obolibrary.org/obo/MONDO_0002412,diagnostic,Glycogen storage disease,Hypoxia and glycogen metabolism
disorder of glycogen metabolism,http://purl.obolibrary.org/obo/MONDO_0002412,diagnostic,Glycogen storage disease,Insulin signaling and AMPK pathways
disorder of glycogen metabolism,http://purl.obolibrary.org/obo/MONDO_0002412,diagnostic,Glycogen storage disease,Metabolic pathways and glycolytic enzymes
disorder of glycogen metabolism,http://purl.obolibrary.org/obo/MONDO_0002412,diagnostic,Glycogen storage disease,Monosaccharide and carbohydrate metabolism
disorder of glycogen metabolism,http://purl.obolibrary.org/obo/MONDO_0002412,diagnostic,Glycogen storage disease,Pentose phosphate and sugar metabolism
disorder of glycogen metabolism,http://purl.obolibrary.org/obo/MONDO_0002412,diagnostic,Glycogen storage disease,Polysaccharide catabolism and glycogen breakdown
disorder of glycogen metabolism,http://purl.obolibrary.org/obo/MONDO_0002412,diagnostic,Glycogen storage disease,Warburg metabolism and HIF1 targets
encephalitis,http://purl.obolibrary.org/obo/MONDO_0019956,risk,Encephalitis,Decreased TLR cytokine signaling
encephalitis,http://purl.obolibrary.org/obo/MONDO_0019956,risk,Encephalitis,Innate interferon induction pathways
encephalitis,http://purl.obolibrary.org/obo/MONDO_0019956,risk,Encephalitis,TLR signaling and interferon production
esophageal squamous cell carcinoma,http://purl.obolibrary.org/obo/MONDO_0005580,prognostic,Squamous cell carcinoma of the esophagus,Epithelial Adhesion Program
esophageal squamous cell carcinoma,http://purl.obolibrary.org/obo/MONDO_0005580,risk,Squamous cell carcinoma of the esophagus,Epithelial Adhesion Program
essential thrombocythemia,http://purl.obolibrary.org/obo/MONDO_0005029,diagnostic,Essential thrombocythemia,Megakaryocyte abnormalities with JAK/STAT
essential thrombocythemia,http://purl.obolibrary.org/obo/MONDO_0005029,diagnostic,Essential thrombocythemia,Megakaryocyte and thrombopoiesis abnormalities
essential thrombocythemia,http://purl.obolibrary.org/obo/MONDO_0005029,diagnostic,Essential thrombocythemia,Myeloid progenitor dysregulation
essential thrombocythemia,http://purl.obolibrary.org/obo/MONDO_0005029,risk,Essential thrombocythemia,Megakaryocyte abnormalities with JAK/STAT
essential thrombocythemia,http://purl.obolibrary.org/obo/MONDO_0005029,risk,Essential thrombocythemia,Megakaryocyte and thrombopoiesis abnormalities
essential thrombocythemia,http://purl.obolibrary.org/obo/MONDO_0005029,risk,Essential thrombocythemia,Myeloid progenitor dysregulation
exudative vitreoretinopathy,http://purl.obolibrary.org/obo/MONDO_0019516,diagnostic,Familial exudative vitreoretinopathy,Retina development and cancers
exudative vitreoretinopathy,http://purl.obolibrary.org/obo/MONDO_0019516,diagnostic,Familial exudative vitreoretinopathy,Retina development and vascular signals
exudative vitreoretinopathy,http://purl.obolibrary.org/obo/MONDO_0019516,diagnostic,Familial exudative vitreoretinopathy,Wnt signaling and retina angiogenesis
familial medullary thyroid carcinoma,http://purl.obolibrary.org/obo/DOID_0050547,risk,Familial medullary thyroid carcinoma,Autonomic Nervous System Genes
familial medullary thyroid carcinoma,http://purl.obolibrary.org/obo/DOID_0050547,risk,Familial medullary thyroid carcinoma,FSHD1 DUX4 Physiology and Genes
familial melanoma,http://purl.obolibrary.org/obo/MONDO_0018961,risk,Familial melanoma,Oncogene-Induced Senescence and Cell Cycle
familial melanoma,http://purl.obolibrary.org/obo/MONDO_0018961,risk,Familial melanoma,Pigmentation and Cancer Genes
familial melanoma,http://purl.obolibrary.org/obo/MONDO_0018961,risk,Familial melanoma,Pigmentation and Melanocyte Genes
familial melanoma,http://purl.obolibrary.org/obo/MONDO_0018961,risk,Familial melanoma,Telomere Biology and DNA Repair
familial melanoma,http://purl.obolibrary.org/obo/MONDO_0018961,risk,Familial melanoma,Telomere Length and Cancer Pathways
frontotemporal dementia,http://purl.obolibrary.org/obo/MONDO_0017276,risk,Frontotemporal dementia,Autophagy-lysosome and proteasome genes
frontotemporal dementia,http://purl.obolibrary.org/obo/MONDO_0017276,risk,Frontotemporal dementia,Glial activation and apolipoprotein binding
frontotemporal dementia,http://purl.obolibrary.org/obo/MONDO_0017276,risk,Frontotemporal dementia,Neurodegeneration genes and viral responses
frontotemporal dementia,http://purl.obolibrary.org/obo/MONDO_0017276,risk,Frontotemporal dementia,Neurodevelopmental and neurodegenerative genes
gastroesophageal reflux disease,http://purl.obolibrary.org/obo/MONDO_0007186,risk,Gastroesophageal reflux disease (GERD),Neural development and signaling
gastroesophageal reflux disease,http://purl.obolibrary.org/obo/MONDO_0007186,risk,Gastroesophageal reflux disease (GERD),Synaptic plasticity and cognition
gastroesophageal reflux disease,http://purl.obolibrary.org/obo/MONDO_0007186,risk,Gastroesophageal reflux disease (GERD),Transcription factors and motifs
glioblastoma,http://purl.obolibrary.org/obo/MONDO_0018177,diagnostic,Glioblastoma,Genetic disorders and cancer genes
glioblastoma,http://purl.obolibrary.org/obo/MONDO_0018177,diagnostic,Glioblastoma,RTK signaling and craniofacial genes
glioblastoma,http://purl.obolibrary.org/obo/MONDO_0018177,prognostic,Glioblastoma,Genetic disorders and cancer genes
glioblastoma,http://purl.obolibrary.org/obo/MONDO_0018177,prognostic,Glioblastoma,RTK signaling and craniofacial genes
glioblastoma,http://purl.obolibrary.org/obo/MONDO_0018177,risk,Glioblastoma,Genetic disorders and cancer genes
glioblastoma,http://purl.obolibrary.org/obo/MONDO_0018177,risk,Glioblastoma,RTK signaling and craniofacial genes
hepatocellular carcinoma,http://purl.obolibrary.org/obo/MONDO_0007256,diagnostic,Hepatocellular carcinoma,Group 1 cancer gene set
hepatocellular carcinoma,http://purl.obolibrary.org/obo/MONDO_0007256,diagnostic,Hepatocellular carcinoma,Group 2 cancer signaling genes
hepatocellular carcinoma,http://purl.obolibrary.org/obo/MONDO_0007256,diagnostic,Hepatocellular carcinoma,Group 3 IGF/EGFR signaling genes
hepatocellular carcinoma,http://purl.obolibrary.org/obo/MONDO_0007256,monitoring,Hepatocellular carcinoma,Group 1 cancer gene set
hepatocellular carcinoma,http://purl.obolibrary.org/obo/MONDO_0007256,monitoring,Hepatocellular carcinoma,Group 2 cancer signaling genes
hepatocellular carcinoma,http://purl.obolibrary.org/obo/MONDO_0007256,monitoring,Hepatocellular carcinoma,Group 3 IGF/EGFR signaling genes
hepatocellular carcinoma,http://purl.obolibrary.org/obo/MONDO_0007256,prognostic,Hepatocellular carcinoma,Group 1 cancer gene set
hepatocellular carcinoma,http://purl.obolibrary.org/obo/MONDO_0007256,prognostic,Hepatocellular carcinoma,Group 2 cancer signaling genes
hepatocellular carcinoma,http://purl.obolibrary.org/obo/MONDO_0007256,prognostic,Hepatocellular carcinoma,Group 3 IGF/EGFR signaling genes
hepatocellular carcinoma,http://purl.obolibrary.org/obo/MONDO_0007256,risk,Hepatocellular carcinoma,Group 1 cancer gene set
hepatocellular carcinoma,http://purl.obolibrary.org/obo/MONDO_0007256,risk,Hepatocellular carcinoma,Group 2 cancer signaling genes
hepatocellular carcinoma,http://purl.obolibrary.org/obo/MONDO_0007256,risk,Hepatocellular carcinoma,Group 3 IGF/EGFR signaling genes
hereditary breast ovarian cancer syndrome,http://purl.obolibrary.org/obo/DOID_5683,risk,Hereditary breast and/or ovarian cancer syndrome,ATM and BRCA Pathways
hereditary breast ovarian cancer syndrome,http://purl.obolibrary.org/obo/DOID_5683,risk,Hereditary breast and/or ovarian cancer syndrome,ATM/ATR DNA Damage Response
hereditary breast ovarian cancer syndrome,http://purl.obolibrary.org/obo/DOID_5683,risk,Hereditary breast and/or ovarian cancer syndrome,BRCA-Driven DNA Repair
hereditary breast ovarian cancer syndrome,http://purl.obolibrary.org/obo/DOID_5683,risk,Hereditary breast and/or ovarian cancer syndrome,CDK Regulation of Cell Cycle
hereditary breast ovarian cancer syndrome,http://purl.obolibrary.org/obo/DOID_5683,risk,Hereditary breast and/or ovarian cancer syndrome,Chromosomal Instability and Cancer
hereditary breast ovarian cancer syndrome,http://purl.obolibrary.org/obo/DOID_5683,risk,Hereditary breast and/or ovarian cancer syndrome,Chromosome Maintenance
hereditary breast ovarian cancer syndrome,http://purl.obolibrary.org/obo/DOID_5683,risk,Hereditary breast and/or ovarian cancer syndrome,D-loop Repair Pathway
hereditary breast ovarian cancer syndrome,http://purl.obolibrary.org/obo/DOID_5683,risk,Hereditary breast and/or ovarian cancer syndrome,D-loop SDSA Resolution
hereditary breast ovarian cancer syndrome,http://purl.obolibrary.org/obo/DOID_5683,risk,Hereditary breast and/or ovarian cancer syndrome,DNA Damage Response Pathways
hereditary breast ovarian cancer syndrome,http://purl.obolibrary.org/obo/DOID_5683,risk,Hereditary breast and/or ovarian cancer syndrome,DNA Helicase and Replication
hereditary breast ovarian cancer syndrome,http://purl.obolibrary.org/obo/DOID_5683,risk,Hereditary breast and/or ovarian cancer syndrome,DNA Repair
hereditary breast ovarian cancer syndrome,http://purl.obolibrary.org/obo/DOID_5683,risk,Hereditary breast and/or ovarian cancer syndrome,DSB Repair and Telomeres
hereditary breast ovarian cancer syndrome,http://purl.obolibrary.org/obo/DOID_5683,risk,Hereditary breast and/or ovarian cancer syndrome,G2/M Checkpoint and DSB Repair
hereditary breast ovarian cancer syndrome,http://purl.obolibrary.org/obo/DOID_5683,risk,Hereditary breast and/or ovarian cancer syndrome,G2/M Checkpoint Signaling
hereditary breast ovarian cancer syndrome,http://purl.obolibrary.org/obo/DOID_5683,risk,Hereditary breast and/or ovarian cancer syndrome,Homologous Recombination and Forks
hereditary breast ovarian cancer syndrome,http://purl.obolibrary.org/obo/DOID_5683,risk,Hereditary breast and/or ovarian cancer syndrome,Homologous Recombination and Telomeres
hereditary breast ovarian cancer syndrome,http://purl.obolibrary.org/obo/DOID_5683,risk,Hereditary breast and/or ovarian cancer syndrome,Homologous Recombination Pathways
hereditary breast ovarian cancer syndrome,http://purl.obolibrary.org/obo/DOID_5683,risk,Hereditary breast and/or ovarian cancer syndrome,Integrated Cancer Pathway
hereditary breast ovarian cancer syndrome,http://purl.obolibrary.org/obo/DOID_5683,risk,Hereditary breast and/or ovarian cancer syndrome,Meiosis and Homologous Recombination
hereditary breast ovarian cancer syndrome,http://purl.obolibrary.org/obo/DOID_5683,risk,Hereditary breast and/or ovarian cancer syndrome,Meiotic Recombination and HDR
hereditary breast ovarian cancer syndrome,http://purl.obolibrary.org/obo/DOID_5683,risk,Hereditary breast and/or ovarian cancer syndrome,Mitotic DNA Checkpoints
hereditary spastic paraplegia,http://purl.obolibrary.org/obo/MONDO_0019064,diagnostic,Hereditary spastic paraplegia,Autophagy-lysosome neurodegeneration
hereditary spastic paraplegia,http://purl.obolibrary.org/obo/MONDO_0019064,diagnostic,Hereditary spastic paraplegia,Axon degeneration with spastic paraplegia
hereditary spastic paraplegia,http://purl.obolibrary.org/obo/MONDO_0019064,diagnostic,Hereditary spastic paraplegia,Axon morphology and nerve signaling
hereditary spastic paraplegia,http://purl.obolibrary.org/obo/MONDO_0019064,diagnostic,Hereditary spastic paraplegia,Axonal spheroids with autophagy impairment
hereditary spastic paraplegia,http://purl.obolibrary.org/obo/MONDO_0019064,diagnostic,Hereditary spastic paraplegia,Axonal transport and motor neurons
hereditary spastic paraplegia,http://purl.obolibrary.org/obo/MONDO_0019064,diagnostic,Hereditary spastic paraplegia,Corticospinal and Purkinje neuron degeneration
hereditary spastic paraplegia,http://purl.obolibrary.org/obo/MONDO_0019064,diagnostic,Hereditary spastic paraplegia,Hereditary SPG genes and spasticity
hereditary spastic paraplegia,http://purl.obolibrary.org/obo/MONDO_0019064,diagnostic,Hereditary spastic paraplegia,Hindlimb paralysis and motor genes
hereditary spastic paraplegia,http://purl.obolibrary.org/obo/MONDO_0019064,diagnostic,Hereditary spastic paraplegia,Mitochondrial and lipid metabolism neurodegeneration
hereditary spastic paraplegia,http://purl.obolibrary.org/obo/MONDO_0019064,diagnostic,Hereditary spastic paraplegia,Neuronal morphology with gliosis
hereditary spastic paraplegia,http://purl.obolibrary.org/obo/MONDO_0019064,diagnostic,Hereditary spastic paraplegia,Oligodendrocyte and myelin defects
hereditary spastic paraplegia,http://purl.obolibrary.org/obo/MONDO_0019064,diagnostic,Hereditary spastic paraplegia,Oligodendrocyte dysmyelination and seizures
hereditary spastic paraplegia,http://purl.obolibrary.org/obo/MONDO_0019064,diagnostic,Hereditary spastic paraplegia,Paraparesis with brain morphology changes
hereditary spastic paraplegia,http://purl.obolibrary.org/obo/MONDO_0019064,diagnostic,Hereditary spastic paraplegia,Spasticity with autophagy impairment
Hirschsprung disease,http://purl.obolibrary.org/obo/MONDO_0018309,risk,Hirschsprung disease,Enteric nervous system development
Hirschsprung disease,http://purl.obolibrary.org/obo/MONDO_0018309,risk,Hirschsprung disease,Enteric neural crest development
Hirschsprung disease,http://purl.obolibrary.org/obo/MONDO_0018309,risk,Hirschsprung disease,Forebrain neuron differentiation
Hirschsprung disease,http://purl.obolibrary.org/obo/MONDO_0018309,risk,Hirschsprung disease,Neural crest and axon guidance
Hirschsprung disease,http://purl.obolibrary.org/obo/MONDO_0018309,risk,Hirschsprung disease,Neural crest and heart development
Hirschsprung disease,http://purl.obolibrary.org/obo/MONDO_0018309,risk,Hirschsprung disease,Pharyngeal arch and cardiac development
Hirschsprung disease,http://purl.obolibrary.org/obo/MONDO_0018309,risk,Hirschsprung disease,Semaphorin signaling and migration
Hirschsprung disease,http://purl.obolibrary.org/obo/MONDO_0018309,risk,Hirschsprung disease,Stem cell and mesenchymal differentiation
Hodgkins lymphoma,http://purl.obolibrary.org/obo/MONDO_0004952,diagnostic,Hodgkins lymphoma,IgA production and allograft rejection
Hodgkins lymphoma,http://purl.obolibrary.org/obo/MONDO_0004952,diagnostic,Hodgkins lymphoma,Parasite susceptibility and Th2 markers
Hodgkins lymphoma,http://purl.obolibrary.org/obo/MONDO_0004952,risk,Hodgkins lymphoma,IgA production and allograft rejection
Hodgkins lymphoma,http://purl.obolibrary.org/obo/MONDO_0004952,risk,Hodgkins lymphoma,Parasite susceptibility and Th2 markers
hyperaldosteronism,http://purl.obolibrary.org/obo/MONDO_0003009,diagnostic,Hyperaldosteronism,BMP and TGF-beta development signaling
hyperaldosteronism,http://purl.obolibrary.org/obo/MONDO_0003009,diagnostic,Hyperaldosteronism,Congenital heart defects genes
hyperaldosteronism,http://purl.obolibrary.org/obo/MONDO_0003009,diagnostic,Hyperaldosteronism,Craniofacial and kidney development signals
hyperaldosteronism,http://purl.obolibrary.org/obo/MONDO_0003009,diagnostic,Hyperaldosteronism,Craniofacial and skeletal dysmorphology
hyperaldosteronism,http://purl.obolibrary.org/obo/MONDO_0003009,diagnostic,Hyperaldosteronism,Digestive tract and craniofacial development
hyperaldosteronism,http://purl.obolibrary.org/obo/MONDO_0003009,diagnostic,Hyperaldosteronism,Digestive tract and epithelial morphogenesis
hyperaldosteronism,http://purl.obolibrary.org/obo/MONDO_0003009,diagnostic,Hyperaldosteronism,Embryonic development signaling pathways
hyperaldosteronism,http://purl.obolibrary.org/obo/MONDO_0003009,diagnostic,Hyperaldosteronism,Endothelial migration and proliferation
hyperaldosteronism,http://purl.obolibrary.org/obo/MONDO_0003009,diagnostic,Hyperaldosteronism,Kidney and heart development signals
hyperaldosteronism,http://purl.obolibrary.org/obo/MONDO_0003009,diagnostic,Hyperaldosteronism,Kidney development and ureteric branching
hyperaldosteronism,http://purl.obolibrary.org/obo/MONDO_0003009,diagnostic,Hyperaldosteronism,Kidney development defects genes
hyperaldosteronism,http://purl.obolibrary.org/obo/MONDO_0003009,diagnostic,Hyperaldosteronism,Limb development and patterning
hyperaldosteronism,http://purl.obolibrary.org/obo/MONDO_0003009,diagnostic,Hyperaldosteronism,Metanephric kidney development signaling
hyperaldosteronism,http://purl.obolibrary.org/obo/MONDO_0003009,diagnostic,Hyperaldosteronism,Ovarian and melanoma cancer genes
hyperaldosteronism,http://purl.obolibrary.org/obo/MONDO_0003009,diagnostic,Hyperaldosteronism,Pluripotency and signaling pathways
hyperaldosteronism,http://purl.obolibrary.org/obo/MONDO_0003009,diagnostic,Hyperaldosteronism,Stem cell and neural guidance
hyperaldosteronism,http://purl.obolibrary.org/obo/MONDO_0003009,diagnostic,Hyperaldosteronism,TGF-beta signaling and angiogenesis
hyperaldosteronism,http://purl.obolibrary.org/obo/MONDO_0003009,diagnostic,Hyperaldosteronism,TGFB pathway upregulated genes
hyperaldosteronism,http://purl.obolibrary.org/obo/MONDO_0003009,diagnostic,Hyperaldosteronism,Transmembrane receptor kinase signaling
hyperaldosteronism,http://purl.obolibrary.org/obo/MONDO_0003009,risk,Hyperaldosteronism,BMP and TGF-beta development signaling
hyperaldosteronism,http://purl.obolibrary.org/obo/MONDO_0003009,risk,Hyperaldosteronism,Congenital heart defects genes
hyperaldosteronism,http://purl.obolibrary.org/obo/MONDO_0003009,risk,Hyperaldosteronism,Craniofacial and kidney development signals
hyperaldosteronism,http://purl.obolibrary.org/obo/MONDO_0003009,risk,Hyperaldosteronism,Craniofacial and skeletal dysmorphology
hyperaldosteronism,http://purl.obolibrary.org/obo/MONDO_0003009,risk,Hyperaldosteronism,Digestive tract and craniofacial development
hyperaldosteronism,http://purl.obolibrary.org/obo/MONDO_0003009,risk,Hyperaldosteronism,Digestive tract and epithelial morphogenesis
hyperaldosteronism,http://purl.obolibrary.org/obo/MONDO_0003009,risk,Hyperaldosteronism,Embryonic development signaling pathways
hyperaldosteronism,http://purl.obolibrary.org/obo/MONDO_0003009,risk,Hyperaldosteronism,Endothelial migration and proliferation
hyperaldosteronism,http://purl.obolibrary.org/obo/MONDO_0003009,risk,Hyperaldosteronism,Kidney and heart development signals
hyperaldosteronism,http://purl.obolibrary.org/obo/MONDO_0003009,risk,Hyperaldosteronism,Kidney development and ureteric branching
hyperaldosteronism,http://purl.obolibrary.org/obo/MONDO_0003009,risk,Hyperaldosteronism,Kidney development defects genes
hyperaldosteronism,http://purl.obolibrary.org/obo/MONDO_0003009,risk,Hyperaldosteronism,Limb development and patterning
hyperaldosteronism,http://purl.obolibrary.org/obo/MONDO_0003009,risk,Hyperaldosteronism,Metanephric kidney development signaling
hyperaldosteronism,http://purl.obolibrary.org/obo/MONDO_0003009,risk,Hyperaldosteronism,Ovarian and melanoma cancer genes
hyperaldosteronism,http://purl.obolibrary.org/obo/MONDO_0003009,risk,Hyperaldosteronism,Pluripotency and signaling pathways
hyperaldosteronism,http://purl.obolibrary.org/obo/MONDO_0003009,risk,Hyperaldosteronism,Stem cell and neural guidance
hyperaldosteronism,http://purl.obolibrary.org/obo/MONDO_0003009,risk,Hyperaldosteronism,TGF-beta signaling and angiogenesis
hyperaldosteronism,http://purl.obolibrary.org/obo/MONDO_0003009,risk,Hyperaldosteronism,TGFB pathway upregulated genes
hyperaldosteronism,http://purl.obolibrary.org/obo/MONDO_0003009,risk,Hyperaldosteronism,Transmembrane receptor kinase signaling
hypertrophic cardiomyopathy,http://purl.obolibrary.org/obo/MONDO_0005045,diagnostic,Rare hypertrophic cardiomyopathy,Brain mitochondrial gene downregulation
hypertrophic cardiomyopathy,http://purl.obolibrary.org/obo/MONDO_0005045,diagnostic,Rare hypertrophic cardiomyopathy,Cardiac glycogen and energy metabolism
hypertrophic cardiomyopathy,http://purl.obolibrary.org/obo/MONDO_0005045,diagnostic,Rare hypertrophic cardiomyopathy,Cardiac muscle diseases genes
hypertrophic cardiomyopathy,http://purl.obolibrary.org/obo/MONDO_0005045,diagnostic,Rare hypertrophic cardiomyopathy,Cardiac pathology and mutations
hypertrophic cardiomyopathy,http://purl.obolibrary.org/obo/MONDO_0005045,diagnostic,Rare hypertrophic cardiomyopathy,Cardiac pathology with genes
hypertrophic cardiomyopathy,http://purl.obolibrary.org/obo/MONDO_0005045,diagnostic,Rare hypertrophic cardiomyopathy,EGFR and RAS signaling
hypertrophic cardiomyopathy,http://purl.obolibrary.org/obo/MONDO_0005045,diagnostic,Rare hypertrophic cardiomyopathy,EGFR RAS MAPK Signaling
hypertrophic cardiomyopathy,http://purl.obolibrary.org/obo/MONDO_0005045,diagnostic,Rare hypertrophic cardiomyopathy,EGFR signaling and RAS cascade
hypertrophic cardiomyopathy,http://purl.obolibrary.org/obo/MONDO_0005045,diagnostic,Rare hypertrophic cardiomyopathy,EGFR/PDGFR and Ras-PI3K signaling
hypertrophic cardiomyopathy,http://purl.obolibrary.org/obo/MONDO_0005045,diagnostic,Rare hypertrophic cardiomyopathy,EGFRVIII and FGFR4 signaling
hypertrophic cardiomyopathy,http://purl.obolibrary.org/obo/MONDO_0005045,diagnostic,Rare hypertrophic cardiomyopathy,EGFRVIII and RTK signaling
hypertrophic cardiomyopathy,http://purl.obolibrary.org/obo/MONDO_0005045,diagnostic,Rare hypertrophic cardiomyopathy,Endometrial and B-cell signaling
hypertrophic cardiomyopathy,http://purl.obolibrary.org/obo/MONDO_0005045,diagnostic,Rare hypertrophic cardiomyopathy,Exosome inhibition and RAS signaling
hypertrophic cardiomyopathy,http://purl.obolibrary.org/obo/MONDO_0005045,diagnostic,Rare hypertrophic cardiomyopathy,Fatty acid oxidation and mitochondria
hypertrophic cardiomyopathy,http://purl.obolibrary.org/obo/MONDO_0005045,diagnostic,Rare hypertrophic cardiomyopathy,FGFR FLT3 Signaling
hypertrophic cardiomyopathy,http://purl.obolibrary.org/obo/MONDO_0005045,diagnostic,Rare hypertrophic cardiomyopathy,Glycogen and insulin signaling
hypertrophic cardiomyopathy,http://purl.obolibrary.org/obo/MONDO_0005045,diagnostic,Rare hypertrophic cardiomyopathy,Left ventricular hypertrophy genes
hypertrophic cardiomyopathy,http://purl.obolibrary.org/obo/MONDO_0005045,diagnostic,Rare hypertrophic cardiomyopathy,MAPK signaling and exosome inhibition
hypertrophic cardiomyopathy,http://purl.obolibrary.org/obo/MONDO_0005045,diagnostic,Rare hypertrophic cardiomyopathy,MET and RAS signaling pathway
hypertrophic cardiomyopathy,http://purl.obolibrary.org/obo/MONDO_0005045,diagnostic,Rare hypertrophic cardiomyopathy,Mitochondrial and tissue-specific expression
hypertrophic cardiomyopathy,http://purl.obolibrary.org/obo/MONDO_0005045,diagnostic,Rare hypertrophic cardiomyopathy,Mitochondrial genes and MT RNAs
hypertrophic cardiomyopathy,http://purl.obolibrary.org/obo/MONDO_0005045,diagnostic,Rare hypertrophic cardiomyopathy,RAF activation and MAPK signaling
hypertrophic cardiomyopathy,http://purl.obolibrary.org/obo/MONDO_0005045,diagnostic,Rare hypertrophic cardiomyopathy,RAF and insulin signaling pathways
hypertrophic cardiomyopathy,http://purl.obolibrary.org/obo/MONDO_0005045,diagnostic,Rare hypertrophic cardiomyopathy,RAS-ERK and MAPK signaling
hypertrophic cardiomyopathy,http://purl.obolibrary.org/obo/MONDO_0005045,diagnostic,Rare hypertrophic cardiomyopathy,RAS-ERK signaling and inflammation
hypertrophic cardiomyopathy,http://purl.obolibrary.org/obo/MONDO_0005045,risk,Rare hypertrophic cardiomyopathy,Brain mitochondrial gene downregulation
hypertrophic cardiomyopathy,http://purl.obolibrary.org/obo/MONDO_0005045,risk,Rare hypertrophic cardiomyopathy,Cardiac glycogen and energy metabolism
hypertrophic cardiomyopathy,http://purl.obolibrary.org/obo/MONDO_0005045,risk,Rare hypertrophic cardiomyopathy,Cardiac muscle diseases genes
hypertrophic cardiomyopathy,http://purl.obolibrary.org/obo/MONDO_0005045,risk,Rare hypertrophic cardiomyopathy,Cardiac pathology and mutations
hypertrophic cardiomyopathy,http://purl.obolibrary.org/obo/MONDO_0005045,risk,Rare hypertrophic cardiomyopathy,Cardiac pathology with genes
hypertrophic cardiomyopathy,http://purl.obolibrary.org/obo/MONDO_0005045,risk,Rare hypertrophic cardiomyopathy,EGFR and RAS signaling
hypertrophic cardiomyopathy,http://purl.obolibrary.org/obo/MONDO_0005045,risk,Rare hypertrophic cardiomyopathy,EGFR RAS MAPK Signaling
hypertrophic cardiomyopathy,http://purl.obolibrary.org/obo/MONDO_0005045,risk,Rare hypertrophic cardiomyopathy,EGFR signaling and RAS cascade
hypertrophic cardiomyopathy,http://purl.obolibrary.org/obo/MONDO_0005045,risk,Rare hypertrophic cardiomyopathy,EGFR/PDGFR and Ras-PI3K signaling
hypertrophic cardiomyopathy,http://purl.obolibrary.org/obo/MONDO_0005045,risk,Rare hypertrophic cardiomyopathy,EGFRVIII and FGFR4 signaling
hypertrophic cardiomyopathy,http://purl.obolibrary.org/obo/MONDO_0005045,risk,Rare hypertrophic cardiomyopathy,EGFRVIII and RTK signaling
hypertrophic cardiomyopathy,http://purl.obolibrary.org/obo/MONDO_0005045,risk,Rare hypertrophic cardiomyopathy,Endometrial and B-cell signaling
hypertrophic cardiomyopathy,http://purl.obolibrary.org/obo/MONDO_0005045,risk,Rare hypertrophic cardiomyopathy,Exosome inhibition and RAS signaling
hypertrophic cardiomyopathy,http://purl.obolibrary.org/obo/MONDO_0005045,risk,Rare hypertrophic cardiomyopathy,Fatty acid oxidation and mitochondria
hypertrophic cardiomyopathy,http://purl.obolibrary.org/obo/MONDO_0005045,risk,Rare hypertrophic cardiomyopathy,FGFR FLT3 Signaling
hypertrophic cardiomyopathy,http://purl.obolibrary.org/obo/MONDO_0005045,risk,Rare hypertrophic cardiomyopathy,Glycogen and insulin signaling
hypertrophic cardiomyopathy,http://purl.obolibrary.org/obo/MONDO_0005045,risk,Rare hypertrophic cardiomyopathy,Left ventricular hypertrophy genes
hypertrophic cardiomyopathy,http://purl.obolibrary.org/obo/MONDO_0005045,risk,Rare hypertrophic cardiomyopathy,MAPK signaling and exosome inhibition
hypertrophic cardiomyopathy,http://purl.obolibrary.org/obo/MONDO_0005045,risk,Rare hypertrophic cardiomyopathy,MET and RAS signaling pathway
hypertrophic cardiomyopathy,http://purl.obolibrary.org/obo/MONDO_0005045,risk,Rare hypertrophic cardiomyopathy,Mitochondrial and tissue-specific expression
hypertrophic cardiomyopathy,http://purl.obolibrary.org/obo/MONDO_0005045,risk,Rare hypertrophic cardiomyopathy,Mitochondrial genes and MT RNAs
hypertrophic cardiomyopathy,http://purl.obolibrary.org/obo/MONDO_0005045,risk,Rare hypertrophic cardiomyopathy,RAF activation and MAPK signaling
hypertrophic cardiomyopathy,http://purl.obolibrary.org/obo/MONDO_0005045,risk,Rare hypertrophic cardiomyopathy,RAF and insulin signaling pathways
hypertrophic cardiomyopathy,http://purl.obolibrary.org/obo/MONDO_0005045,risk,Rare hypertrophic cardiomyopathy,RAS-ERK and MAPK signaling
hypertrophic cardiomyopathy,http://purl.obolibrary.org/obo/MONDO_0005045,risk,Rare hypertrophic cardiomyopathy,RAS-ERK signaling and inflammation
IgA glomerulonephritis,http://purl.obolibrary.org/obo/MONDO_0005342,diagnostic,IGA glomerulonephritis,Allograft rejection and HLA proteins
IgA glomerulonephritis,http://purl.obolibrary.org/obo/MONDO_0005342,diagnostic,IGA glomerulonephritis,Allograft rejection and HLA targets
IgA glomerulonephritis,http://purl.obolibrary.org/obo/MONDO_0005342,diagnostic,IGA glomerulonephritis,B cell activation and NF-kB
IgA glomerulonephritis,http://purl.obolibrary.org/obo/MONDO_0005342,diagnostic,IGA glomerulonephritis,Decreased immunoglobulins and TNF signaling
IgA glomerulonephritis,http://purl.obolibrary.org/obo/MONDO_0005342,diagnostic,IGA glomerulonephritis,Immune infiltration and signaling factors
IgA glomerulonephritis,http://purl.obolibrary.org/obo/MONDO_0005342,diagnostic,IGA glomerulonephritis,Increased B cells and immunoglobulin
IgA glomerulonephritis,http://purl.obolibrary.org/obo/MONDO_0005342,diagnostic,IgA nephropathy (IgAN),Abnormal T cells; reduced CD4
IgA glomerulonephritis,http://purl.obolibrary.org/obo/MONDO_0005342,diagnostic,IgA nephropathy (IgAN),Allograft rejection and HLA genes
IgA glomerulonephritis,http://purl.obolibrary.org/obo/MONDO_0005342,diagnostic,IgA nephropathy (IgAN),"Altered B cells, gut inflammation"
IgA glomerulonephritis,http://purl.obolibrary.org/obo/MONDO_0005342,diagnostic,IgA nephropathy (IgAN),B cell markers across tissues
IgA glomerulonephritis,http://purl.obolibrary.org/obo/MONDO_0005342,diagnostic,IgA nephropathy (IgAN),Decreased IgA/IgG3; increased T cells
IgA glomerulonephritis,http://purl.obolibrary.org/obo/MONDO_0005342,diagnostic,IgA nephropathy (IgAN),Decreased IgM/IgG; kinase coexpression
IgA glomerulonephritis,http://purl.obolibrary.org/obo/MONDO_0005342,diagnostic,IgA nephropathy (IgAN),Expanded B cell subsets; splenomegaly
IgA glomerulonephritis,http://purl.obolibrary.org/obo/MONDO_0005342,diagnostic,IgA nephropathy (IgAN),Increased antibodies; lupus markers
IgA glomerulonephritis,http://purl.obolibrary.org/obo/MONDO_0005342,diagnostic,IgA nephropathy (IgAN),Increased bacterial susceptibility; TNF decreased
IgA glomerulonephritis,http://purl.obolibrary.org/obo/MONDO_0005342,diagnostic,IgA nephropathy (IgAN),Increased granulocytes/macrophages; reduced lymphocytes
IgA glomerulonephritis,http://purl.obolibrary.org/obo/MONDO_0005342,diagnostic,IgA nephropathy (IgAN),Increased TNF; reduced B cells
IgA glomerulonephritis,http://purl.obolibrary.org/obo/MONDO_0005342,diagnostic,IgA nephropathy (IgAN),Inflammatory signaling; Th17/IL12 axis
IgA glomerulonephritis,http://purl.obolibrary.org/obo/MONDO_0005342,diagnostic,IgA nephropathy (IgAN),Intestinal Epithelial Program
IgA glomerulonephritis,http://purl.obolibrary.org/obo/MONDO_0005342,diagnostic,IgA nephropathy (IgAN),NF-kB signaling; macrophage activation
IgA glomerulonephritis,http://purl.obolibrary.org/obo/MONDO_0005342,diagnostic,IgA nephropathy (IgAN),P2RY10 coexpression in tissues
IgA glomerulonephritis,http://purl.obolibrary.org/obo/MONDO_0005342,diagnostic,IgA nephropathy (IgAN),P2RY10 coexpression network; immune signaling
IgA glomerulonephritis,http://purl.obolibrary.org/obo/MONDO_0005342,diagnostic,IgA nephropathy (IgAN),P2RY10 coexpression; B cell markers
IgA glomerulonephritis,http://purl.obolibrary.org/obo/MONDO_0005342,diagnostic,IgA nephropathy (IgAN),Peyers patches absent; T cells
IgA glomerulonephritis,http://purl.obolibrary.org/obo/MONDO_0005342,diagnostic,IgA nephropathy (IgAN),T cell differentiation abnormalities
IgA glomerulonephritis,http://purl.obolibrary.org/obo/MONDO_0005342,diagnostic,IgA nephropathy (IgAN),T cell receptor signaling genes
IgA glomerulonephritis,http://purl.obolibrary.org/obo/MONDO_0005342,risk,IGA glomerulonephritis,Allograft rejection and HLA proteins
IgA glomerulonephritis,http://purl.obolibrary.org/obo/MONDO_0005342,risk,IGA glomerulonephritis,Allograft rejection and HLA targets
IgA glomerulonephritis,http://purl.obolibrary.org/obo/MONDO_0005342,risk,IGA glomerulonephritis,B cell activation and NF-kB
IgA glomerulonephritis,http://purl.obolibrary.org/obo/MONDO_0005342,risk,IGA glomerulonephritis,Decreased immunoglobulins and TNF signaling
IgA glomerulonephritis,http://purl.obolibrary.org/obo/MONDO_0005342,risk,IGA glomerulonephritis,Immune infiltration and signaling factors
IgA glomerulonephritis,http://purl.obolibrary.org/obo/MONDO_0005342,risk,IGA glomerulonephritis,Increased B cells and immunoglobulin
IgA glomerulonephritis,http://purl.obolibrary.org/obo/MONDO_0005342,risk,IgA nephropathy (IgAN),Abnormal T cells; reduced CD4
IgA glomerulonephritis,http://purl.obolibrary.org/obo/MONDO_0005342,risk,IgA nephropathy (IgAN),Allograft rejection and HLA genes
IgA glomerulonephritis,http://purl.obolibrary.org/obo/MONDO_0005342,risk,IgA nephropathy (IgAN),"Altered B cells, gut inflammation"
IgA glomerulonephritis,http://purl.obolibrary.org/obo/MONDO_0005342,risk,IgA nephropathy (IgAN),B cell markers across tissues
IgA glomerulonephritis,http://purl.obolibrary.org/obo/MONDO_0005342,risk,IgA nephropathy (IgAN),Decreased IgA/IgG3; increased T cells
IgA glomerulonephritis,http://purl.obolibrary.org/obo/MONDO_0005342,risk,IgA nephropathy (IgAN),Decreased IgM/IgG; kinase coexpression
IgA glomerulonephritis,http://purl.obolibrary.org/obo/MONDO_0005342,risk,IgA nephropathy (IgAN),Expanded B cell subsets; splenomegaly
IgA glomerulonephritis,http://purl.obolibrary.org/obo/MONDO_0005342,risk,IgA nephropathy (IgAN),Increased antibodies; lupus markers
IgA glomerulonephritis,http://purl.obolibrary.org/obo/MONDO_0005342,risk,IgA nephropathy (IgAN),Increased bacterial susceptibility; TNF decreased
IgA glomerulonephritis,http://purl.obolibrary.org/obo/MONDO_0005342,risk,IgA nephropathy (IgAN),Increased granulocytes/macrophages; reduced lymphocytes
IgA glomerulonephritis,http://purl.obolibrary.org/obo/MONDO_0005342,risk,IgA nephropathy (IgAN),Increased TNF; reduced B cells
IgA glomerulonephritis,http://purl.obolibrary.org/obo/MONDO_0005342,risk,IgA nephropathy (IgAN),Inflammatory signaling; Th17/IL12 axis
IgA glomerulonephritis,http://purl.obolibrary.org/obo/MONDO_0005342,risk,IgA nephropathy (IgAN),Intestinal Epithelial Program
IgA glomerulonephritis,http://purl.obolibrary.org/obo/MONDO_0005342,risk,IgA nephropathy (IgAN),NF-kB signaling; macrophage activation
IgA glomerulonephritis,http://purl.obolibrary.org/obo/MONDO_0005342,risk,IgA nephropathy (IgAN),P2RY10 coexpression in tissues
IgA glomerulonephritis,http://purl.obolibrary.org/obo/MONDO_0005342,risk,IgA nephropathy (IgAN),P2RY10 coexpression network; immune signaling
IgA glomerulonephritis,http://purl.obolibrary.org/obo/MONDO_0005342,risk,IgA nephropathy (IgAN),P2RY10 coexpression; B cell markers
IgA glomerulonephritis,http://purl.obolibrary.org/obo/MONDO_0005342,risk,IgA nephropathy (IgAN),Peyers patches absent; T cells
IgA glomerulonephritis,http://purl.obolibrary.org/obo/MONDO_0005342,risk,IgA nephropathy (IgAN),T cell differentiation abnormalities
IgA glomerulonephritis,http://purl.obolibrary.org/obo/MONDO_0005342,risk,IgA nephropathy (IgAN),T cell receptor signaling genes
inborn organic aciduria,http://purl.obolibrary.org/obo/MONDO_0000688,diagnostic,Organic aciduria,Amino Acid Metabolism and Derivatives
inborn organic aciduria,http://purl.obolibrary.org/obo/MONDO_0000688,diagnostic,Organic aciduria,Ammonia and Mitochondrial Metabolism
inborn organic aciduria,http://purl.obolibrary.org/obo/MONDO_0000688,diagnostic,Organic aciduria,Beta-Oxidation and Propanoate Metabolism
inborn organic aciduria,http://purl.obolibrary.org/obo/MONDO_0000688,diagnostic,Organic aciduria,Branched Chain Amino Acid Metabolism
inborn organic aciduria,http://purl.obolibrary.org/obo/MONDO_0000688,diagnostic,Organic aciduria,Branched-Chain and Fatty Acid Metabolism
inborn organic aciduria,http://purl.obolibrary.org/obo/MONDO_0000688,diagnostic,Organic aciduria,Branched-Chain and Organic Acid Catabolism
inborn organic aciduria,http://purl.obolibrary.org/obo/MONDO_0000688,diagnostic,Organic aciduria,Dicarboxylic and Organic Acid Catabolism
inborn organic aciduria,http://purl.obolibrary.org/obo/MONDO_0000688,diagnostic,Organic aciduria,Fatty Acid and Lipid Metabolism
inborn organic aciduria,http://purl.obolibrary.org/obo/MONDO_0000688,diagnostic,Organic aciduria,Fatty Acid Oxidation Metabolism
inborn organic aciduria,http://purl.obolibrary.org/obo/MONDO_0000688,diagnostic,Organic aciduria,Flavoprotein-Dependent Fatty Acid Oxidation
inborn organic aciduria,http://purl.obolibrary.org/obo/MONDO_0000688,diagnostic,Organic aciduria,Mitochondrial Gene Modules
inborn organic aciduria,http://purl.obolibrary.org/obo/MONDO_0000688,diagnostic,Organic aciduria,Preweaning Lethality Metabolic Defects
inborn organic aciduria,http://purl.obolibrary.org/obo/MONDO_0000688,diagnostic,Organic aciduria,TCA Cycle and Related Metabolism
inborn organic aciduria,http://purl.obolibrary.org/obo/MONDO_0000688,diagnostic,Organic aciduria,Thioester and Sulfur Metabolism
inborn organic aciduria,http://purl.obolibrary.org/obo/MONDO_0000688,diagnostic,Organic aciduria,Vitamin Cofactor Disorders with Ammonia
inborn organic aciduria,http://purl.obolibrary.org/obo/MONDO_0000688,diagnostic,Organic aciduria,Vitamin Cofactor Metabolism Defects
inborn organic aciduria,http://purl.obolibrary.org/obo/MONDO_0000688,diagnostic,Organic aciduria,Water-Soluble Vitamin Metabolism
inflammatory bowel disease,http://purl.obolibrary.org/obo/MONDO_0005265,risk,inflammatory bowel disease,Activated T cells and autoimmunity
inflammatory bowel disease,http://purl.obolibrary.org/obo/MONDO_0005265,risk,inflammatory bowel disease,Allograft rejection and autoimmunity
inflammatory bowel disease,http://purl.obolibrary.org/obo/MONDO_0005265,risk,inflammatory bowel disease,Altered B cell fate
inflammatory bowel disease,http://purl.obolibrary.org/obo/MONDO_0005265,risk,inflammatory bowel disease,CD4/CD8 T cell differentiation
inflammatory bowel disease,http://purl.obolibrary.org/obo/MONDO_0005265,risk,inflammatory bowel disease,Cecum inflammation and IL-10 signaling
inflammatory bowel disease,http://purl.obolibrary.org/obo/MONDO_0005265,risk,inflammatory bowel disease,Cecum inflammation and NF-kB signaling
inflammatory bowel disease,http://purl.obolibrary.org/obo/MONDO_0005265,risk,inflammatory bowel disease,Cytokine signaling via JAK/STAT
inflammatory bowel disease,http://purl.obolibrary.org/obo/MONDO_0005265,risk,inflammatory bowel disease,Decreased autoimmune susceptibility and inflammation
inflammatory bowel disease,http://purl.obolibrary.org/obo/MONDO_0005265,risk,inflammatory bowel disease,Decreased autoimmunity pathways and cytokines
inflammatory bowel disease,http://purl.obolibrary.org/obo/MONDO_0005265,risk,inflammatory bowel disease,Decreased immunoglobulins and B cells
inflammatory bowel disease,http://purl.obolibrary.org/obo/MONDO_0005265,risk,inflammatory bowel disease,Dendritic cell chemotaxis and migration
inflammatory bowel disease,http://purl.obolibrary.org/obo/MONDO_0005265,risk,inflammatory bowel disease,Granulocytes and myeloid hyperplasia
inflammatory bowel disease,http://purl.obolibrary.org/obo/MONDO_0005265,risk,inflammatory bowel disease,IL-4 and cytokine signaling
inflammatory bowel disease,http://purl.obolibrary.org/obo/MONDO_0005265,risk,inflammatory bowel disease,Increased lupus susceptibility and infections
inflammatory bowel disease,http://purl.obolibrary.org/obo/MONDO_0005265,risk,inflammatory bowel disease,Inflammatory bowel disease and Th2
inflammatory bowel disease,http://purl.obolibrary.org/obo/MONDO_0005265,risk,inflammatory bowel disease,Interleukin-10 signaling and inflammation
inflammatory bowel disease,http://purl.obolibrary.org/obo/MONDO_0005265,risk,inflammatory bowel disease,Lacrimal and salivary gland inflammation
inflammatory bowel disease,http://purl.obolibrary.org/obo/MONDO_0005265,risk,inflammatory bowel disease,Myeloid differentiation and TNF-NFKB
inflammatory bowel disease,http://purl.obolibrary.org/obo/MONDO_0005265,risk,inflammatory bowel disease,NF-kB TNFA signaling and DCs
inflammatory bowel disease,http://purl.obolibrary.org/obo/MONDO_0005265,risk,inflammatory bowel disease,P2RY10 GPCR coexpression and TNFRSF14
inflammatory bowel disease,http://purl.obolibrary.org/obo/MONDO_0005265,risk,inflammatory bowel disease,Regulation of T cell activation
inflammatory bowel disease,http://purl.obolibrary.org/obo/MONDO_0005265,risk,inflammatory bowel disease,Salivary gland T cell inflammation
inflammatory bowel disease,http://purl.obolibrary.org/obo/MONDO_0005265,risk,inflammatory bowel disease,Spleen and B cell alterations
inflammatory bowel disease,http://purl.obolibrary.org/obo/MONDO_0005265,risk,inflammatory bowel disease,Systemic lupus susceptibility and antibodies
inflammatory bowel disease,http://purl.obolibrary.org/obo/MONDO_0005265,risk,inflammatory bowel disease,T cell proliferation and selection
inflammatory bowel disease,http://purl.obolibrary.org/obo/MONDO_0005265,risk,inflammatory bowel disease,T cell signaling and proliferation
inflammatory bowel disease,http://purl.obolibrary.org/obo/MONDO_0005265,risk,inflammatory bowel disease,TH17 immune response regulation
inflammatory bowel disease,http://purl.obolibrary.org/obo/MONDO_0005265,risk,inflammatory bowel disease,Thyroid and immune coexpression genes
inflammatory bowel disease,http://purl.obolibrary.org/obo/MONDO_0005265,risk,Inflammatory bowel disease (IBD),Allograft rejection and HLA genes
inflammatory bowel disease,http://purl.obolibrary.org/obo/MONDO_0005265,risk,Inflammatory bowel disease (IBD),B cell proliferation and survival
inflammatory bowel disease,http://purl.obolibrary.org/obo/MONDO_0005265,risk,Inflammatory bowel disease (IBD),CD8 T cell differentiation IFN-gamma
inflammatory bowel disease,http://purl.obolibrary.org/obo/MONDO_0005265,risk,Inflammatory bowel disease (IBD),Cytokine JAK-STAT signaling
inflammatory bowel disease,http://purl.obolibrary.org/obo/MONDO_0005265,risk,Inflammatory bowel disease (IBD),Cytokine receptor signaling
inflammatory bowel disease,http://purl.obolibrary.org/obo/MONDO_0005265,risk,Inflammatory bowel disease (IBD),Decreased B cell numbers
inflammatory bowel disease,http://purl.obolibrary.org/obo/MONDO_0005265,risk,Inflammatory bowel disease (IBD),Decreased immunoglobulin levels
inflammatory bowel disease,http://purl.obolibrary.org/obo/MONDO_0005265,risk,Inflammatory bowel disease (IBD),GPCR and leukocyte markers
inflammatory bowel disease,http://purl.obolibrary.org/obo/MONDO_0005265,risk,Inflammatory bowel disease (IBD),GPCR coexpression with leukocyte markers
inflammatory bowel disease,http://purl.obolibrary.org/obo/MONDO_0005265,risk,Inflammatory bowel disease (IBD),IgA production and B cells
inflammatory bowel disease,http://purl.obolibrary.org/obo/MONDO_0005265,risk,Inflammatory bowel disease (IBD),IL-10 and IL-4/13 signaling
inflammatory bowel disease,http://purl.obolibrary.org/obo/MONDO_0005265,risk,Inflammatory bowel disease (IBD),IL-4 and GM-CSF signaling
inflammatory bowel disease,http://purl.obolibrary.org/obo/MONDO_0005265,risk,Inflammatory bowel disease (IBD),IL2-STAT5 T cell activation
inflammatory bowel disease,http://purl.obolibrary.org/obo/MONDO_0005265,risk,Inflammatory bowel disease (IBD),Inflammation and immune signaling
inflammatory bowel disease,http://purl.obolibrary.org/obo/MONDO_0005265,risk,Inflammatory bowel disease (IBD),Inflammation with IFN-gamma and IL-1beta
inflammatory bowel disease,http://purl.obolibrary.org/obo/MONDO_0005265,risk,Inflammatory bowel disease (IBD),Kupffer cells and macrophage markers
inflammatory bowel disease,http://purl.obolibrary.org/obo/MONDO_0005265,risk,Inflammatory bowel disease (IBD),Lymphocyte differentiation and activation
inflammatory bowel disease,http://purl.obolibrary.org/obo/MONDO_0005265,risk,Inflammatory bowel disease (IBD),Myeloid differentiation regulation
inflammatory bowel disease,http://purl.obolibrary.org/obo/MONDO_0005265,risk,Inflammatory bowel disease (IBD),Myeloid expansion and leukemia risk
inflammatory bowel disease,http://purl.obolibrary.org/obo/MONDO_0005265,risk,Inflammatory bowel disease (IBD),NFkB signaling and regulators
inflammatory bowel disease,http://purl.obolibrary.org/obo/MONDO_0005265,risk,Inflammatory bowel disease (IBD),Systemic lupus with autoantibodies
inflammatory bowel disease,http://purl.obolibrary.org/obo/MONDO_0005265,risk,Inflammatory bowel disease (IBD),T cell cytokine signaling
inflammatory bowel disease,http://purl.obolibrary.org/obo/MONDO_0005265,risk,Inflammatory bowel disease (IBD),T cell differentiation defects
inflammatory bowel disease,http://purl.obolibrary.org/obo/MONDO_0005265,risk,Inflammatory bowel disease (IBD),T cell differentiation in thymus
inflammatory bowel disease,http://purl.obolibrary.org/obo/MONDO_0005265,risk,Inflammatory bowel disease (IBD),T helper differentiation regulation
inflammatory bowel disease,http://purl.obolibrary.org/obo/MONDO_0005265,risk,Inflammatory bowel disease (IBD),TCR signaling and activation
inflammatory bowel disease,http://purl.obolibrary.org/obo/MONDO_0005265,risk,Inflammatory bowel disease (IBD),Th17 differentiation and IL-17
inflammatory bowel disease,http://purl.obolibrary.org/obo/MONDO_0005265,risk,Inflammatory bowel disease (IBD),TNF signaling via NF-kB
inflammatory bowel disease,http://purl.obolibrary.org/obo/MONDO_0005265,risk,Inflammatory bowel disease (IBD),TNF-NFkB immune activation
inherited lipid metabolism disorder,http://purl.obolibrary.org/obo/MONDO_0002525,risk,Disorder of lipid metabolism,Abnormal Lipids and Lipoproteins
inherited lipid metabolism disorder,http://purl.obolibrary.org/obo/MONDO_0002525,risk,Disorder of lipid metabolism,Bile Acids and Steroid Metabolism
inherited lipid metabolism disorder,http://purl.obolibrary.org/obo/MONDO_0002525,risk,Disorder of lipid metabolism,Cholesterol and Bile Lipid Imbalance
inherited lipid metabolism disorder,http://purl.obolibrary.org/obo/MONDO_0002525,risk,Disorder of lipid metabolism,Cholesterol and Fatty Acid Synthesis
inherited lipid metabolism disorder,http://purl.obolibrary.org/obo/MONDO_0002525,risk,Disorder of lipid metabolism,Cholesterol Metabolism and Biosynthesis
inherited lipid metabolism disorder,http://purl.obolibrary.org/obo/MONDO_0002525,risk,Disorder of lipid metabolism,Cholesterol Metabolism and Transport
inherited lipid metabolism disorder,http://purl.obolibrary.org/obo/MONDO_0002525,risk,Disorder of lipid metabolism,Chylomicron and Lipoprotein Metabolism
inherited lipid metabolism disorder,http://purl.obolibrary.org/obo/MONDO_0002525,risk,Disorder of lipid metabolism,Chylomicron Assembly and LDL/HDL
inherited lipid metabolism disorder,http://purl.obolibrary.org/obo/MONDO_0002525,risk,Disorder of lipid metabolism,Chylomicron Remodeling and FH5
inherited lipid metabolism disorder,http://purl.obolibrary.org/obo/MONDO_0002525,risk,Disorder of lipid metabolism,Enterocyte and Hepatic Sterol Metabolism
inherited lipid metabolism disorder,http://purl.obolibrary.org/obo/MONDO_0002525,risk,Disorder of lipid metabolism,Fatty Acid Metabolism and Synthesis
inherited lipid metabolism disorder,http://purl.obolibrary.org/obo/MONDO_0002525,risk,Disorder of lipid metabolism,Glycero-Phospholipid Metabolism and Biosynthesis
inherited lipid metabolism disorder,http://purl.obolibrary.org/obo/MONDO_0002525,risk,Disorder of lipid metabolism,Lipid Metabolism and Cholesterol Dysregulation
inherited lipid metabolism disorder,http://purl.obolibrary.org/obo/MONDO_0002525,risk,Disorder of lipid metabolism,Lipoprotein Metabolism Pathway
inherited lipid metabolism disorder,http://purl.obolibrary.org/obo/MONDO_0002525,risk,Disorder of lipid metabolism,Liver X Receptor and SREBP
inherited lipid metabolism disorder,http://purl.obolibrary.org/obo/MONDO_0002525,risk,Disorder of lipid metabolism,Negative Regulation of Lipid Storage
inherited lipid metabolism disorder,http://purl.obolibrary.org/obo/MONDO_0002525,risk,Disorder of lipid metabolism,Negative Regulation of Lipid Transport
inherited lipid metabolism disorder,http://purl.obolibrary.org/obo/MONDO_0002525,risk,Disorder of lipid metabolism,Sphingolipid Metabolism and Ceramide
inherited lipid metabolism disorder,http://purl.obolibrary.org/obo/MONDO_0002525,risk,Disorder of lipid metabolism,Statin Cholesterol Production and Transport
inherited lipid metabolism disorder,http://purl.obolibrary.org/obo/MONDO_0002525,risk,Disorder of lipid metabolism,Sterol and Triglyceride Metabolism
inherited lipid metabolism disorder,http://purl.obolibrary.org/obo/MONDO_0002525,risk,Disorder of lipid metabolism,Sterol Transport and Lipoprotein Assembly
inherited lipid metabolism disorder,http://purl.obolibrary.org/obo/MONDO_0002525,risk,Disorder of lipid metabolism,Triglyceride and Cholesterol Abnormalities
inherited lipid metabolism disorder,http://purl.obolibrary.org/obo/MONDO_0002525,risk,Disorder of lipid metabolism,Triglyceride-Rich Lipoprotein Remodeling
inherited lipid metabolism disorder,http://purl.obolibrary.org/obo/MONDO_0002525,risk,Disorder of lipid metabolism,Upregulated Lipid Metabolism Pathways
inherited porphyria,http://purl.obolibrary.org/obo/MONDO_0019142,diagnostic,Porphyria,Erythroblast and AML markers
inherited porphyria,http://purl.obolibrary.org/obo/MONDO_0019142,diagnostic,Porphyria,Erythroblast genes in blood
inherited porphyria,http://purl.obolibrary.org/obo/MONDO_0019142,diagnostic,Porphyria,Erythroblast heme metabolism signature
inherited porphyria,http://purl.obolibrary.org/obo/MONDO_0019142,diagnostic,Porphyria,Erythroblast markers across tissues
inherited porphyria,http://purl.obolibrary.org/obo/MONDO_0019142,diagnostic,Porphyria,Erythroblast markers in fetal organs
inherited porphyria,http://purl.obolibrary.org/obo/MONDO_0019142,diagnostic,Porphyria,Erythrocyte morphology and anemia
inherited porphyria,http://purl.obolibrary.org/obo/MONDO_0019142,diagnostic,Porphyria,Erythroid and heme pathway genes
inherited porphyria,http://purl.obolibrary.org/obo/MONDO_0019142,diagnostic,Porphyria,Erythroid lineage genes signature
inherited porphyria,http://purl.obolibrary.org/obo/MONDO_0019142,diagnostic,Porphyria,Erythroid markers across tissues
inherited porphyria,http://purl.obolibrary.org/obo/MONDO_0019142,diagnostic,Porphyria,Erythroid/heme metabolism core
inherited porphyria,http://purl.obolibrary.org/obo/MONDO_0019142,diagnostic,Porphyria,Fetal erythroblast genes across tissues
inherited porphyria,http://purl.obolibrary.org/obo/MONDO_0019142,diagnostic,Porphyria,Fetal erythroblast signatures across organs
inherited porphyria,http://purl.obolibrary.org/obo/MONDO_0019142,diagnostic,Porphyria,Fetal erythroblast signatures in tissues
inherited porphyria,http://purl.obolibrary.org/obo/MONDO_0019142,diagnostic,Porphyria,Fetal lung erythrocyte markers
inherited porphyria,http://purl.obolibrary.org/obo/MONDO_0019142,diagnostic,Porphyria,Heme metabolism erythroid genes
inherited porphyria,http://purl.obolibrary.org/obo/MONDO_0019142,diagnostic,Porphyria,Malignant erythroid metaprogram markers
inherited porphyria,http://purl.obolibrary.org/obo/MONDO_0019142,diagnostic,Porphyria,Spleen and erythrocyte markers
interstitial lung disease,http://purl.obolibrary.org/obo/MONDO_0015925,risk,Interstitial lung disease,Alveolar Cell and Macrophage Dysfunction
interstitial lung disease,http://purl.obolibrary.org/obo/MONDO_0015925,risk,Interstitial lung disease,Alveolar Macrophage and Lung Inflammation
interstitial lung disease,http://purl.obolibrary.org/obo/MONDO_0015925,risk,Interstitial lung disease,Alveolar Proteinosis and Inflammation
interstitial lung disease,http://purl.obolibrary.org/obo/MONDO_0015925,risk,Interstitial lung disease,Alveolar Proteinosis and JAK-STAT Signaling
interstitial lung disease,http://purl.obolibrary.org/obo/MONDO_0015925,risk,Interstitial lung disease,Alveolar Proteinosis and Surfactant Defects
interstitial lung disease,http://purl.obolibrary.org/obo/MONDO_0015925,risk,Interstitial lung disease,Asthma and Leishmania Immune Signaling
interstitial lung disease,http://purl.obolibrary.org/obo/MONDO_0015925,risk,Interstitial lung disease,Cytokine Signaling and Inflammation
interstitial lung disease,http://purl.obolibrary.org/obo/MONDO_0015925,risk,Interstitial lung disease,Cytokine-Driven Lung Inflammation
interstitial lung disease,http://purl.obolibrary.org/obo/MONDO_0015925,risk,Interstitial lung disease,Fibrosis and Immune Signaling Pathways
interstitial lung disease,http://purl.obolibrary.org/obo/MONDO_0015925,risk,Interstitial lung disease,Fungal Susceptibility and Myeloid Markers
interstitial lung disease,http://purl.obolibrary.org/obo/MONDO_0015925,risk,Interstitial lung disease,Granulomatous Inflammation and Neutrophil Markers
interstitial lung disease,http://purl.obolibrary.org/obo/MONDO_0015925,risk,Interstitial lung disease,II Pneumocyte and Surfactant Defects
interstitial lung disease,http://purl.obolibrary.org/obo/MONDO_0015925,risk,Interstitial lung disease,IL-12 and JAK-STAT Signaling
interstitial lung disease,http://purl.obolibrary.org/obo/MONDO_0015925,risk,Interstitial lung disease,Immune Cell Microenvironment and Tregs
interstitial lung disease,http://purl.obolibrary.org/obo/MONDO_0015925,risk,Interstitial lung disease,Infection Susceptibility and Inflammation
interstitial lung disease,http://purl.obolibrary.org/obo/MONDO_0015925,risk,Interstitial lung disease,Inflammatory Bowel Disease and Immunity
interstitial lung disease,http://purl.obolibrary.org/obo/MONDO_0015925,risk,Interstitial lung disease,Lamellar Body and Surfactant Genes
interstitial lung disease,http://purl.obolibrary.org/obo/MONDO_0015925,risk,Interstitial lung disease,Leishmania and TLR-NFKB Signaling
interstitial lung disease,http://purl.obolibrary.org/obo/MONDO_0015925,risk,Interstitial lung disease,Leishmania Infection and Neutrophil Signaling
interstitial lung disease,http://purl.obolibrary.org/obo/MONDO_0015925,risk,Interstitial lung disease,Leishmaniasis-Related Lung Inflammation
interstitial lung disease,http://purl.obolibrary.org/obo/MONDO_0015925,risk,Interstitial lung disease,Lung Fibrosis and Bacterial Susceptibility
interstitial lung disease,http://purl.obolibrary.org/obo/MONDO_0015925,risk,Interstitial lung disease,Lung Fibrosis Telomere Maintenance
interstitial lung disease,http://purl.obolibrary.org/obo/MONDO_0015925,risk,Interstitial lung disease,Lung Inflammation and COVID Pathways
interstitial lung disease,http://purl.obolibrary.org/obo/MONDO_0015925,risk,Interstitial lung disease,Lung Inflammation and T Cells
interstitial lung disease,http://purl.obolibrary.org/obo/MONDO_0015925,risk,Interstitial lung disease,Renal Carcinoma and Immune Activation
juvenile idiopathic arthritis,http://purl.obolibrary.org/obo/MONDO_0011429,risk,Juvenile idiopathic arthritis,GPCR coexpression and T-cell signaling
juvenile idiopathic arthritis,http://purl.obolibrary.org/obo/MONDO_0011429,risk,Juvenile idiopathic arthritis,Lymphocyte Expression Program
juvenile idiopathic arthritis,http://purl.obolibrary.org/obo/MONDO_0011429,risk,Juvenile idiopathic arthritis,Lymphoid T-cell Signaling and ILs
juvenile idiopathic arthritis,http://purl.obolibrary.org/obo/MONDO_0011429,risk,Juvenile idiopathic arthritis,Rheumatoid arthritis genes and pathways
juvenile myelomonocytic leukemia,http://purl.obolibrary.org/obo/MONDO_0011908,diagnostic,Juvenile myelomonocytic leukemia,MAPK RTK signaling and melanocyte
juvenile myelomonocytic leukemia,http://purl.obolibrary.org/obo/MONDO_0011908,diagnostic,Juvenile myelomonocytic leukemia,Melanocyte abnormalities and signaling genes
juvenile myelomonocytic leukemia,http://purl.obolibrary.org/obo/MONDO_0011908,diagnostic,Juvenile myelomonocytic leukemia,Oncogenic mutations and tumor traits
juvenile myelomonocytic leukemia,http://purl.obolibrary.org/obo/MONDO_0011908,risk,Juvenile myelomonocytic leukemia,MAPK RTK signaling and melanocyte
juvenile myelomonocytic leukemia,http://purl.obolibrary.org/obo/MONDO_0011908,risk,Juvenile myelomonocytic leukemia,Melanocyte abnormalities and signaling genes
juvenile myelomonocytic leukemia,http://purl.obolibrary.org/obo/MONDO_0011908,risk,Juvenile myelomonocytic leukemia,Oncogenic mutations and tumor traits
juvenile myoclonic epilepsy,http://purl.obolibrary.org/obo/MONDO_0009696,risk,Juvenile myoclonic epilepsy,Caudate Brain Voltage Gated Channels
juvenile myoclonic epilepsy,http://purl.obolibrary.org/obo/MONDO_0009696,risk,Juvenile myoclonic epilepsy,Chloride Channel
kidney Wilms tumor,http://purl.obolibrary.org/obo/MONDO_0019004,diagnostic,Nephroblastoma,Kidney development and morphology
kidney Wilms tumor,http://purl.obolibrary.org/obo/MONDO_0019004,diagnostic,Nephroblastoma,NK cell and cell cycle
kidney Wilms tumor,http://purl.obolibrary.org/obo/MONDO_0019004,prognostic,Nephroblastoma,Kidney development and morphology
kidney Wilms tumor,http://purl.obolibrary.org/obo/MONDO_0019004,prognostic,Nephroblastoma,NK cell and cell cycle
leprosy,http://purl.obolibrary.org/obo/MONDO_0005124,risk,leprosy,T Cell Activation
leprosy,http://purl.obolibrary.org/obo/MONDO_0005124,risk,leprosy,T Cell Mediated Immunity Regulation
long QT syndrome,http://purl.obolibrary.org/obo/MONDO_0002442,risk,Long QT syndrome,Calcium and Membrane Transport Regulation
long QT syndrome,http://purl.obolibrary.org/obo/MONDO_0002442,risk,Long QT syndrome,Calcium Dynamics and Cardiac Conduction
long QT syndrome,http://purl.obolibrary.org/obo/MONDO_0002442,risk,Long QT syndrome,Calcium Release and Cardiac Conduction
long QT syndrome,http://purl.obolibrary.org/obo/MONDO_0002442,risk,Long QT syndrome,Cardiac Action Potential Regulation
long QT syndrome,http://purl.obolibrary.org/obo/MONDO_0002442,risk,Long QT syndrome,Cardiac Conduction and Action Potential
long QT syndrome,http://purl.obolibrary.org/obo/MONDO_0002442,risk,Long QT syndrome,Cardiac Conduction and Ion Channels
long QT syndrome,http://purl.obolibrary.org/obo/MONDO_0002442,risk,Long QT syndrome,Cardiac Repolarization and Potassium Channels
long QT syndrome,http://purl.obolibrary.org/obo/MONDO_0002442,risk,Long QT syndrome,Heart Morphogenesis and Development
long QT syndrome,http://purl.obolibrary.org/obo/MONDO_0002442,risk,Long QT syndrome,Heart Rate and Cardiac Conduction
long QT syndrome,http://purl.obolibrary.org/obo/MONDO_0002442,risk,Long QT syndrome,Potassium Channel Activity
long QT syndrome,http://purl.obolibrary.org/obo/MONDO_0002442,risk,Long QT syndrome,Potassium Ion Transport Regulators
long QT syndrome,http://purl.obolibrary.org/obo/MONDO_0002442,risk,Long QT syndrome,Potassium Transport and Membrane Potential
long QT syndrome,http://purl.obolibrary.org/obo/MONDO_0002442,risk,Long QT syndrome,Potassium Transport Regulation in Heart
long QT syndrome,http://purl.obolibrary.org/obo/MONDO_0002442,risk,Long QT syndrome,Ventricular Action Potential and Contraction
lymphoma,http://purl.obolibrary.org/obo/MONDO_0005062,diagnostic,Lymphoma,"Absent germinal centers, parasitic susceptibility"
lymphoma,http://purl.obolibrary.org/obo/MONDO_0005062,diagnostic,Lymphoma,Acute leukemia and myeloid hyperplasia
lymphoma,http://purl.obolibrary.org/obo/MONDO_0005062,diagnostic,Lymphoma,B cell apoptosis and lymphoid
lymphoma,http://purl.obolibrary.org/obo/MONDO_0005062,diagnostic,Lymphoma,B cell arrest and leukemia
lymphoma,http://purl.obolibrary.org/obo/MONDO_0005062,diagnostic,Lymphoma,B cell differentiation and immunoglobulins
lymphoma,http://purl.obolibrary.org/obo/MONDO_0005062,diagnostic,Lymphoma,B T cell activation signaling
lymphoma,http://purl.obolibrary.org/obo/MONDO_0005062,diagnostic,Lymphoma,DNA damage miRNAs and hematopoiesis
lymphoma,http://purl.obolibrary.org/obo/MONDO_0005062,diagnostic,Lymphoma,"DNA damage response miRNAs, kinases"
lymphoma,http://purl.obolibrary.org/obo/MONDO_0005062,diagnostic,Lymphoma,"DNA damage response, tumor incidence"
lymphoma,http://purl.obolibrary.org/obo/MONDO_0005062,diagnostic,Lymphoma,Granulopoiesis regulation and signaling
lymphoma,http://purl.obolibrary.org/obo/MONDO_0005062,diagnostic,Lymphoma,"Hematopoietic progenitor morphology, leukemia drivers"
lymphoma,http://purl.obolibrary.org/obo/MONDO_0005062,diagnostic,Lymphoma,Hematopoietic regulation and signaling pathways
lymphoma,http://purl.obolibrary.org/obo/MONDO_0005062,diagnostic,Lymphoma,IL2 and IL7 signaling pathways
lymphoma,http://purl.obolibrary.org/obo/MONDO_0005062,diagnostic,Lymphoma,Increased leukemia incidence and hyperpigmentation
lymphoma,http://purl.obolibrary.org/obo/MONDO_0005062,diagnostic,Lymphoma,Kinase targets in myeloid progenitors
lymphoma,http://purl.obolibrary.org/obo/MONDO_0005062,diagnostic,Lymphoma,Lymphoid organ hyperplasia and IgA
lymphoma,http://purl.obolibrary.org/obo/MONDO_0005062,diagnostic,Lymphoma,Megakaryocyte lineage and erythropoiesis
lymphoma,http://purl.obolibrary.org/obo/MONDO_0005062,diagnostic,Lymphoma,Multiple kinase inhibitors and amplifications
lymphoma,http://purl.obolibrary.org/obo/MONDO_0005062,diagnostic,Lymphoma,Myeloid hyperplasia and AML drivers
lymphoma,http://purl.obolibrary.org/obo/MONDO_0005062,diagnostic,Lymphoma,MYLLYKANGAS amplification and DNA-damage kinases
lymphoma,http://purl.obolibrary.org/obo/MONDO_0005062,diagnostic,Lymphoma,"MYLLYKANGAS amplification, lymphocyte changes"
lymphoma,http://purl.obolibrary.org/obo/MONDO_0005062,diagnostic,Lymphoma,T cell activation and autoimmunity
lymphoma,http://purl.obolibrary.org/obo/MONDO_0005062,diagnostic,Lymphoma,T cell activation and differentiation
lymphoma,http://purl.obolibrary.org/obo/MONDO_0005062,diagnostic,Lymphoma,T cell subsets and selection
lymphoma,http://purl.obolibrary.org/obo/MONDO_0005062,diagnostic,Lymphoma,TP53 network and hematopoietic regulation
lymphoma,http://purl.obolibrary.org/obo/MONDO_0005062,diagnostic,Lymphoma,Tumor incidence and copy-number changes
lymphoma,http://purl.obolibrary.org/obo/MONDO_0005062,diagnostic,Lymphoma,Tumor incidence and T cells
lymphoma,http://purl.obolibrary.org/obo/MONDO_0005062,risk,Lymphoma,"Absent germinal centers, parasitic susceptibility"
lymphoma,http://purl.obolibrary.org/obo/MONDO_0005062,risk,Lymphoma,Acute leukemia and myeloid hyperplasia
lymphoma,http://purl.obolibrary.org/obo/MONDO_0005062,risk,Lymphoma,B cell apoptosis and lymphoid
lymphoma,http://purl.obolibrary.org/obo/MONDO_0005062,risk,Lymphoma,B cell arrest and leukemia
lymphoma,http://purl.obolibrary.org/obo/MONDO_0005062,risk,Lymphoma,B cell differentiation and immunoglobulins
lymphoma,http://purl.obolibrary.org/obo/MONDO_0005062,risk,Lymphoma,B T cell activation signaling
lymphoma,http://purl.obolibrary.org/obo/MONDO_0005062,risk,Lymphoma,DNA damage miRNAs and hematopoiesis
lymphoma,http://purl.obolibrary.org/obo/MONDO_0005062,risk,Lymphoma,"DNA damage response miRNAs, kinases"
lymphoma,http://purl.obolibrary.org/obo/MONDO_0005062,risk,Lymphoma,"DNA damage response, tumor incidence"
lymphoma,http://purl.obolibrary.org/obo/MONDO_0005062,risk,Lymphoma,Granulopoiesis regulation and signaling
lymphoma,http://purl.obolibrary.org/obo/MONDO_0005062,risk,Lymphoma,"Hematopoietic progenitor morphology, leukemia drivers"
lymphoma,http://purl.obolibrary.org/obo/MONDO_0005062,risk,Lymphoma,Hematopoietic regulation and signaling pathways
lymphoma,http://purl.obolibrary.org/obo/MONDO_0005062,risk,Lymphoma,IL2 and IL7 signaling pathways
lymphoma,http://purl.obolibrary.org/obo/MONDO_0005062,risk,Lymphoma,Increased leukemia incidence and hyperpigmentation
lymphoma,http://purl.obolibrary.org/obo/MONDO_0005062,risk,Lymphoma,Kinase targets in myeloid progenitors
lymphoma,http://purl.obolibrary.org/obo/MONDO_0005062,risk,Lymphoma,Lymphoid organ hyperplasia and IgA
lymphoma,http://purl.obolibrary.org/obo/MONDO_0005062,risk,Lymphoma,Megakaryocyte lineage and erythropoiesis
lymphoma,http://purl.obolibrary.org/obo/MONDO_0005062,risk,Lymphoma,Multiple kinase inhibitors and amplifications
lymphoma,http://purl.obolibrary.org/obo/MONDO_0005062,risk,Lymphoma,Myeloid hyperplasia and AML drivers
lymphoma,http://purl.obolibrary.org/obo/MONDO_0005062,risk,Lymphoma,MYLLYKANGAS amplification and DNA-damage kinases
lymphoma,http://purl.obolibrary.org/obo/MONDO_0005062,risk,Lymphoma,"MYLLYKANGAS amplification, lymphocyte changes"
lymphoma,http://purl.obolibrary.org/obo/MONDO_0005062,risk,Lymphoma,T cell activation and autoimmunity
lymphoma,http://purl.obolibrary.org/obo/MONDO_0005062,risk,Lymphoma,T cell activation and differentiation
lymphoma,http://purl.obolibrary.org/obo/MONDO_0005062,risk,Lymphoma,T cell subsets and selection
lymphoma,http://purl.obolibrary.org/obo/MONDO_0005062,risk,Lymphoma,TP53 network and hematopoietic regulation
lymphoma,http://purl.obolibrary.org/obo/MONDO_0005062,risk,Lymphoma,Tumor incidence and copy-number changes
lymphoma,http://purl.obolibrary.org/obo/MONDO_0005062,risk,Lymphoma,Tumor incidence and T cells
Lynch syndrome,http://purl.obolibrary.org/obo/DOID_3883,diagnostic,Lynch syndrome,Cancer predisposition and oncogenes
Lynch syndrome,http://purl.obolibrary.org/obo/DOID_3883,diagnostic,Lynch syndrome,Increased GI cancers and MMR
Lynch syndrome,http://purl.obolibrary.org/obo/DOID_3883,diagnostic,Lynch syndrome,PI3K-AKT signaling in cancers
Lynch syndrome,http://purl.obolibrary.org/obo/DOID_3883,diagnostic,Lynch syndrome,RAS-ERK signaling in cancers
Lynch syndrome,http://purl.obolibrary.org/obo/DOID_3883,diagnostic,Lynch syndrome,TGFB signaling in cancers
lysosomal storage disease,http://purl.obolibrary.org/obo/MONDO_0002561,diagnostic,Lysosomal disease,Acid Glycosidases
lysosomal storage disease,http://purl.obolibrary.org/obo/MONDO_0002561,diagnostic,Lysosomal disease,Dermatan Sulfate Degradation
lysosomal storage disease,http://purl.obolibrary.org/obo/MONDO_0002561,diagnostic,Lysosomal disease,Glycoprotein Catabolism
lysosomal storage disease,http://purl.obolibrary.org/obo/MONDO_0002561,diagnostic,Lysosomal disease,Lysosomal Cholesterol Traffic
lysosomal storage disease,http://purl.obolibrary.org/obo/MONDO_0002561,diagnostic,Lysosomal disease,Lysosomal Lumen
lysosomal storage disease,http://purl.obolibrary.org/obo/MONDO_0002561,diagnostic,Lysosomal disease,Lysosomal Membrane Program
lysosomal storage disease,http://purl.obolibrary.org/obo/MONDO_0002561,diagnostic,Lysosomal disease,Lysosomal Storage Disorder
lysosomal storage disease,http://purl.obolibrary.org/obo/MONDO_0002561,diagnostic,Lysosomal disease,Lysosomal Sulfatases
lysosomal storage disease,http://purl.obolibrary.org/obo/MONDO_0002561,diagnostic,Lysosomal disease,Lysosome
lysosomal storage disease,http://purl.obolibrary.org/obo/MONDO_0002561,diagnostic,Lysosomal disease,Lysosome Physiology
lysosomal storage disease,http://purl.obolibrary.org/obo/MONDO_0002561,diagnostic,Lysosomal disease,Lytic Vacuole Organization
lysosomal storage disease,http://purl.obolibrary.org/obo/MONDO_0002561,diagnostic,Lysosomal disease,Neurodegenerative Gliosis
lysosomal storage disease,http://purl.obolibrary.org/obo/MONDO_0002561,diagnostic,Lysosomal disease,Sulfatase Activity
major depressive disorder,http://purl.obolibrary.org/obo/MONDO_0002009,risk,major depressive disorder,Dendritic spine proteins
major depressive disorder,http://purl.obolibrary.org/obo/MONDO_0002009,risk,major depressive disorder,Neuronal transcription factors
major depressive disorder,http://purl.obolibrary.org/obo/MONDO_0002009,risk,major depressive disorder,Synaptic organization proteins
mastocytosis,http://purl.obolibrary.org/obo/MONDO_0007950,diagnostic,Mastocytosis,Abnormal myelopoiesis and erythroid progenitors
mastocytosis,http://purl.obolibrary.org/obo/MONDO_0007950,diagnostic,Mastocytosis,Leukemia risk with myeloid hyperplasia
mastocytosis,http://purl.obolibrary.org/obo/MONDO_0007950,diagnostic,Mastocytosis,Myeloid hyperplasia and progenitor abnormalities
mastocytosis,http://purl.obolibrary.org/obo/MONDO_0007950,diagnostic,Mastocytosis,Myeloid hyperplasia with hematopoietic abnormalities
mastocytosis,http://purl.obolibrary.org/obo/MONDO_0007950,risk,Mastocytosis,Abnormal myelopoiesis and erythroid progenitors
mastocytosis,http://purl.obolibrary.org/obo/MONDO_0007950,risk,Mastocytosis,Leukemia risk with myeloid hyperplasia
mastocytosis,http://purl.obolibrary.org/obo/MONDO_0007950,risk,Mastocytosis,Myeloid hyperplasia and progenitor abnormalities
mastocytosis,http://purl.obolibrary.org/obo/MONDO_0007950,risk,Mastocytosis,Myeloid hyperplasia with hematopoietic abnormalities
membranous glomerulonephritis,http://purl.obolibrary.org/obo/MONDO_0005376,risk,Membranous nephropathy,Adrenal-downregulated genes
membranous glomerulonephritis,http://purl.obolibrary.org/obo/MONDO_0005376,risk,Membranous nephropathy,Cardiac development and growth
membranous glomerulonephritis,http://purl.obolibrary.org/obo/MONDO_0005376,risk,Membranous nephropathy,Developmental morphogenesis and limbs
membranous glomerulonephritis,http://purl.obolibrary.org/obo/MONDO_0005376,risk,Membranous nephropathy,Dopamine-related gene changes
membranous glomerulonephritis,http://purl.obolibrary.org/obo/MONDO_0005376,risk,Membranous nephropathy,Neural development and activity
membranous glomerulonephritis,http://purl.obolibrary.org/obo/MONDO_0005376,risk,Membranous nephropathy,Renal development and morphology
membranous glomerulonephritis,http://purl.obolibrary.org/obo/MONDO_0005376,risk,Membranous nephropathy,Tissue-wide gene expression
meningioma,http://purl.obolibrary.org/obo/MONDO_0016642,prognostic,Meningioma,PI3K/AKT and MAPK Signaling
meningioma,http://purl.obolibrary.org/obo/MONDO_0016642,prognostic,Meningioma,SMARCB1 Tumor Suppressor Network
meningioma,http://purl.obolibrary.org/obo/MONDO_0016642,risk,Meningioma,PI3K/AKT and MAPK Signaling
meningioma,http://purl.obolibrary.org/obo/MONDO_0016642,risk,Meningioma,SMARCB1 Tumor Suppressor Network
MIT family translocation renal cell carcinoma,http://purl.obolibrary.org/obo/MONDO_0017886,diagnostic,MiT family translocation renal cell carcinoma,Type 2 Papillary Renal Carcinoma
mucopolysaccharidosis,http://purl.obolibrary.org/obo/MONDO_0019249,diagnostic,Mucopolysaccharidosis,GAG and proteoglycan metabolism
mucopolysaccharidosis,http://purl.obolibrary.org/obo/MONDO_0019249,diagnostic,Mucopolysaccharidosis,GAG catabolism in mucopolysaccharidoses
mucopolysaccharidosis,http://purl.obolibrary.org/obo/MONDO_0019249,diagnostic,Mucopolysaccharidosis,GAG metabolism and metabolic diseases
mucopolysaccharidosis,http://purl.obolibrary.org/obo/MONDO_0019249,diagnostic,Mucopolysaccharidosis,Glycan and glycosphingolipid degradation
mucopolysaccharidosis,http://purl.obolibrary.org/obo/MONDO_0019249,diagnostic,Mucopolysaccharidosis,Glycoprotein and proteoglycan metabolism
mucopolysaccharidosis,http://purl.obolibrary.org/obo/MONDO_0019249,diagnostic,Mucopolysaccharidosis,Lysosome and vesicle lumens
mucopolysaccharidosis,http://purl.obolibrary.org/obo/MONDO_0019249,diagnostic,Mucopolysaccharidosis,Lysosome dysfunction and glycoprotein catabolism
mucopolysaccharidosis,http://purl.obolibrary.org/obo/MONDO_0019249,diagnostic,Mucopolysaccharidosis,Lysosome physiology and GPR34 coexpression
mucopolysaccharidosis,http://purl.obolibrary.org/obo/MONDO_0019249,diagnostic,Mucopolysaccharidosis,Mucopolysaccharidosis lysosome and GAG metabolism
mucopolysaccharidosis,http://purl.obolibrary.org/obo/MONDO_0019249,diagnostic,Mucopolysaccharidosis,Mucopolysaccharidosis lysosome defects
mucopolysaccharidosis,http://purl.obolibrary.org/obo/MONDO_0019249,diagnostic,Mucopolysaccharidosis,Mucopolysaccharidosis lysosome sulfatase genes
multiple sclerosis,http://purl.obolibrary.org/obo/MONDO_0005301,diagnostic,multiple sclerosis,Abnormal CD4 T cell differentiation
multiple sclerosis,http://purl.obolibrary.org/obo/MONDO_0005301,diagnostic,multiple sclerosis,Absent lymph nodes; CD40 signaling
multiple sclerosis,http://purl.obolibrary.org/obo/MONDO_0005301,diagnostic,Multiple sclerosis,absent spleen germinal center
multiple sclerosis,http://purl.obolibrary.org/obo/MONDO_0005301,diagnostic,multiple sclerosis,Absent spleen germinal center
multiple sclerosis,http://purl.obolibrary.org/obo/MONDO_0005301,diagnostic,multiple sclerosis,Allograft rejection and MHC genes
multiple sclerosis,http://purl.obolibrary.org/obo/MONDO_0005301,diagnostic,Multiple sclerosis,alloimmune and HLA expression
multiple sclerosis,http://purl.obolibrary.org/obo/MONDO_0005301,diagnostic,multiple sclerosis,B and T cell changes
multiple sclerosis,http://purl.obolibrary.org/obo/MONDO_0005301,diagnostic,Multiple sclerosis,B cell maturation and activation
multiple sclerosis,http://purl.obolibrary.org/obo/MONDO_0005301,diagnostic,multiple sclerosis,B cell receptor signaling pathway
multiple sclerosis,http://purl.obolibrary.org/obo/MONDO_0005301,diagnostic,multiple sclerosis,Blood vessel T cell markers
multiple sclerosis,http://purl.obolibrary.org/obo/MONDO_0005301,diagnostic,Multiple sclerosis,brain and adipose immune signatures
multiple sclerosis,http://purl.obolibrary.org/obo/MONDO_0005301,diagnostic,multiple sclerosis,CD4 T cell activation genes
multiple sclerosis,http://purl.obolibrary.org/obo/MONDO_0005301,diagnostic,multiple sclerosis,CD4 T cells in olfactory
multiple sclerosis,http://purl.obolibrary.org/obo/MONDO_0005301,diagnostic,Multiple sclerosis,decreased immunoglobulin isotypes
multiple sclerosis,http://purl.obolibrary.org/obo/MONDO_0005301,diagnostic,multiple sclerosis,Decreased regulatory T cell numbers
multiple sclerosis,http://purl.obolibrary.org/obo/MONDO_0005301,diagnostic,Multiple sclerosis,decreased thymocytes and T cells
multiple sclerosis,http://purl.obolibrary.org/obo/MONDO_0005301,diagnostic,multiple sclerosis,Downregulated tissue coexpression genes
multiple sclerosis,http://purl.obolibrary.org/obo/MONDO_0005301,diagnostic,multiple sclerosis,EBV-transformed lymphocytes gene expression
multiple sclerosis,http://purl.obolibrary.org/obo/MONDO_0005301,diagnostic,Multiple sclerosis,fetal lymphoid cell markers
multiple sclerosis,http://purl.obolibrary.org/obo/MONDO_0005301,diagnostic,multiple sclerosis,GPR174 and P2RY10 coexpression
multiple sclerosis,http://purl.obolibrary.org/obo/MONDO_0005301,diagnostic,Multiple sclerosis,gtex intestinal immune coexpression
multiple sclerosis,http://purl.obolibrary.org/obo/MONDO_0005301,diagnostic,Multiple sclerosis,IL-2/JAK-STAT signaling
multiple sclerosis,http://purl.obolibrary.org/obo/MONDO_0005301,diagnostic,multiple sclerosis,IL-2/JAK-STAT signaling pathway
multiple sclerosis,http://purl.obolibrary.org/obo/MONDO_0005301,diagnostic,Multiple sclerosis,immune cell interactions and activation
multiple sclerosis,http://purl.obolibrary.org/obo/MONDO_0005301,diagnostic,Multiple sclerosis,immune cell surface markers
multiple sclerosis,http://purl.obolibrary.org/obo/MONDO_0005301,diagnostic,Multiple sclerosis,increased immunoglobulin and T cells
multiple sclerosis,http://purl.obolibrary.org/obo/MONDO_0005301,diagnostic,multiple sclerosis,Interleukin signaling pathways
multiple sclerosis,http://purl.obolibrary.org/obo/MONDO_0005301,diagnostic,Multiple sclerosis,leukocyte and T cell differentiation
multiple sclerosis,http://purl.obolibrary.org/obo/MONDO_0005301,diagnostic,multiple sclerosis,Lipoprotein Metabolism
multiple sclerosis,http://purl.obolibrary.org/obo/MONDO_0005301,diagnostic,multiple sclerosis,Lung and thyroid immune genes
multiple sclerosis,http://purl.obolibrary.org/obo/MONDO_0005301,diagnostic,multiple sclerosis,Lung and thyroid immune signals
multiple sclerosis,http://purl.obolibrary.org/obo/MONDO_0005301,diagnostic,multiple sclerosis,Lymphocyte Expression Program Signaling
multiple sclerosis,http://purl.obolibrary.org/obo/MONDO_0005301,diagnostic,multiple sclerosis,Lymphoid tissue and B cells
multiple sclerosis,http://purl.obolibrary.org/obo/MONDO_0005301,diagnostic,multiple sclerosis,MAP3K14/ADGRG5 coexpression across tissues
multiple sclerosis,http://purl.obolibrary.org/obo/MONDO_0005301,diagnostic,Multiple sclerosis,MHC II and alloimmune signaling
multiple sclerosis,http://purl.obolibrary.org/obo/MONDO_0005301,diagnostic,multiple sclerosis,Naive CD8 T cell program
multiple sclerosis,http://purl.obolibrary.org/obo/MONDO_0005301,diagnostic,Multiple sclerosis,organ autoimmune features and checkpoints
multiple sclerosis,http://purl.obolibrary.org/obo/MONDO_0005301,diagnostic,Multiple sclerosis,P2RY10 coexpression network
multiple sclerosis,http://purl.obolibrary.org/obo/MONDO_0005301,diagnostic,multiple sclerosis,P2RY10 coexpression with immune markers
multiple sclerosis,http://purl.obolibrary.org/obo/MONDO_0005301,diagnostic,multiple sclerosis,P2RY10 coexpression with T cells
multiple sclerosis,http://purl.obolibrary.org/obo/MONDO_0005301,diagnostic,Multiple sclerosis,regulatory signaling and lymphoid absence
multiple sclerosis,http://purl.obolibrary.org/obo/MONDO_0005301,diagnostic,Multiple sclerosis,regulatory T cell signaling
multiple sclerosis,http://purl.obolibrary.org/obo/MONDO_0005301,diagnostic,Multiple sclerosis,T and B cell signaling
multiple sclerosis,http://purl.obolibrary.org/obo/MONDO_0005301,diagnostic,Multiple sclerosis,T cell activation and NF-kB
multiple sclerosis,http://purl.obolibrary.org/obo/MONDO_0005301,diagnostic,multiple sclerosis,T cell receptor signaling abnormalities
multiple sclerosis,http://purl.obolibrary.org/obo/MONDO_0005301,diagnostic,multiple sclerosis,T helper differentiation and activation
multiple sclerosis,http://purl.obolibrary.org/obo/MONDO_0005301,diagnostic,Multiple sclerosis,TCR signaling and activation
multiple sclerosis,http://purl.obolibrary.org/obo/MONDO_0005301,diagnostic,multiple sclerosis,TH1/TH2 T cell pathway
multiple sclerosis,http://purl.obolibrary.org/obo/MONDO_0005301,diagnostic,Multiple sclerosis,thymocyte and T cell reductions
multiple sclerosis,http://purl.obolibrary.org/obo/MONDO_0005301,diagnostic,multiple sclerosis,Thyroid and small intestine markers
multiple sclerosis,http://purl.obolibrary.org/obo/MONDO_0005301,diagnostic,Multiple sclerosis,thyroid downregulation and immune genes
multiple sclerosis,http://purl.obolibrary.org/obo/MONDO_0005301,diagnostic,Multiple sclerosis,thyroid immune gene downregulation
multiple sclerosis,http://purl.obolibrary.org/obo/MONDO_0005301,diagnostic,multiple sclerosis,Thyroid-downregulated B cell markers
multiple sclerosis,http://purl.obolibrary.org/obo/MONDO_0005301,diagnostic,Multiple sclerosis,tissue-specific immune coexpression
multiple sclerosis,http://purl.obolibrary.org/obo/MONDO_0005301,prognostic,multiple sclerosis,Abnormal CD4 T cell differentiation
multiple sclerosis,http://purl.obolibrary.org/obo/MONDO_0005301,prognostic,multiple sclerosis,Absent lymph nodes; CD40 signaling
multiple sclerosis,http://purl.obolibrary.org/obo/MONDO_0005301,prognostic,multiple sclerosis,Absent spleen germinal center
multiple sclerosis,http://purl.obolibrary.org/obo/MONDO_0005301,prognostic,Multiple sclerosis,absent spleen germinal center
multiple sclerosis,http://purl.obolibrary.org/obo/MONDO_0005301,prognostic,multiple sclerosis,Allograft rejection and MHC genes
multiple sclerosis,http://purl.obolibrary.org/obo/MONDO_0005301,prognostic,Multiple sclerosis,alloimmune and HLA expression
multiple sclerosis,http://purl.obolibrary.org/obo/MONDO_0005301,prognostic,multiple sclerosis,B and T cell changes
multiple sclerosis,http://purl.obolibrary.org/obo/MONDO_0005301,prognostic,Multiple sclerosis,B cell maturation and activation
multiple sclerosis,http://purl.obolibrary.org/obo/MONDO_0005301,prognostic,multiple sclerosis,B cell receptor signaling pathway
multiple sclerosis,http://purl.obolibrary.org/obo/MONDO_0005301,prognostic,multiple sclerosis,Blood vessel T cell markers
multiple sclerosis,http://purl.obolibrary.org/obo/MONDO_0005301,prognostic,Multiple sclerosis,brain and adipose immune signatures
multiple sclerosis,http://purl.obolibrary.org/obo/MONDO_0005301,prognostic,multiple sclerosis,CD4 T cell activation genes
multiple sclerosis,http://purl.obolibrary.org/obo/MONDO_0005301,prognostic,multiple sclerosis,CD4 T cells in olfactory
multiple sclerosis,http://purl.obolibrary.org/obo/MONDO_0005301,prognostic,Multiple sclerosis,decreased immunoglobulin isotypes
multiple sclerosis,http://purl.obolibrary.org/obo/MONDO_0005301,prognostic,multiple sclerosis,Decreased regulatory T cell numbers
multiple sclerosis,http://purl.obolibrary.org/obo/MONDO_0005301,prognostic,Multiple sclerosis,decreased thymocytes and T cells
multiple sclerosis,http://purl.obolibrary.org/obo/MONDO_0005301,prognostic,multiple sclerosis,Downregulated tissue coexpression genes
multiple sclerosis,http://purl.obolibrary.org/obo/MONDO_0005301,prognostic,multiple sclerosis,EBV-transformed lymphocytes gene expression
multiple sclerosis,http://purl.obolibrary.org/obo/MONDO_0005301,prognostic,Multiple sclerosis,fetal lymphoid cell markers
multiple sclerosis,http://purl.obolibrary.org/obo/MONDO_0005301,prognostic,multiple sclerosis,GPR174 and P2RY10 coexpression
multiple sclerosis,http://purl.obolibrary.org/obo/MONDO_0005301,prognostic,Multiple sclerosis,gtex intestinal immune coexpression
multiple sclerosis,http://purl.obolibrary.org/obo/MONDO_0005301,prognostic,Multiple sclerosis,IL-2/JAK-STAT signaling
multiple sclerosis,http://purl.obolibrary.org/obo/MONDO_0005301,prognostic,multiple sclerosis,IL-2/JAK-STAT signaling pathway
multiple sclerosis,http://purl.obolibrary.org/obo/MONDO_0005301,prognostic,Multiple sclerosis,immune cell interactions and activation
multiple sclerosis,http://purl.obolibrary.org/obo/MONDO_0005301,prognostic,Multiple sclerosis,immune cell surface markers
multiple sclerosis,http://purl.obolibrary.org/obo/MONDO_0005301,prognostic,Multiple sclerosis,increased immunoglobulin and T cells
multiple sclerosis,http://purl.obolibrary.org/obo/MONDO_0005301,prognostic,multiple sclerosis,Interleukin signaling pathways
multiple sclerosis,http://purl.obolibrary.org/obo/MONDO_0005301,prognostic,Multiple sclerosis,leukocyte and T cell differentiation
multiple sclerosis,http://purl.obolibrary.org/obo/MONDO_0005301,prognostic,multiple sclerosis,Lipoprotein Metabolism
multiple sclerosis,http://purl.obolibrary.org/obo/MONDO_0005301,prognostic,multiple sclerosis,Lung and thyroid immune genes
multiple sclerosis,http://purl.obolibrary.org/obo/MONDO_0005301,prognostic,multiple sclerosis,Lung and thyroid immune signals
multiple sclerosis,http://purl.obolibrary.org/obo/MONDO_0005301,prognostic,multiple sclerosis,Lymphocyte Expression Program Signaling
multiple sclerosis,http://purl.obolibrary.org/obo/MONDO_0005301,prognostic,multiple sclerosis,Lymphoid tissue and B cells
multiple sclerosis,http://purl.obolibrary.org/obo/MONDO_0005301,prognostic,multiple sclerosis,MAP3K14/ADGRG5 coexpression across tissues
multiple sclerosis,http://purl.obolibrary.org/obo/MONDO_0005301,prognostic,Multiple sclerosis,MHC II and alloimmune signaling
multiple sclerosis,http://purl.obolibrary.org/obo/MONDO_0005301,prognostic,multiple sclerosis,Naive CD8 T cell program
multiple sclerosis,http://purl.obolibrary.org/obo/MONDO_0005301,prognostic,Multiple sclerosis,organ autoimmune features and checkpoints
multiple sclerosis,http://purl.obolibrary.org/obo/MONDO_0005301,prognostic,Multiple sclerosis,P2RY10 coexpression network
multiple sclerosis,http://purl.obolibrary.org/obo/MONDO_0005301,prognostic,multiple sclerosis,P2RY10 coexpression with immune markers
multiple sclerosis,http://purl.obolibrary.org/obo/MONDO_0005301,prognostic,multiple sclerosis,P2RY10 coexpression with T cells
multiple sclerosis,http://purl.obolibrary.org/obo/MONDO_0005301,prognostic,Multiple sclerosis,regulatory signaling and lymphoid absence
multiple sclerosis,http://purl.obolibrary.org/obo/MONDO_0005301,prognostic,Multiple sclerosis,regulatory T cell signaling
multiple sclerosis,http://purl.obolibrary.org/obo/MONDO_0005301,prognostic,Multiple sclerosis,T and B cell signaling
multiple sclerosis,http://purl.obolibrary.org/obo/MONDO_0005301,prognostic,Multiple sclerosis,T cell activation and NF-kB
multiple sclerosis,http://purl.obolibrary.org/obo/MONDO_0005301,prognostic,multiple sclerosis,T cell receptor signaling abnormalities
multiple sclerosis,http://purl.obolibrary.org/obo/MONDO_0005301,prognostic,multiple sclerosis,T helper differentiation and activation
multiple sclerosis,http://purl.obolibrary.org/obo/MONDO_0005301,prognostic,Multiple sclerosis,TCR signaling and activation
multiple sclerosis,http://purl.obolibrary.org/obo/MONDO_0005301,prognostic,multiple sclerosis,TH1/TH2 T cell pathway
multiple sclerosis,http://purl.obolibrary.org/obo/MONDO_0005301,prognostic,Multiple sclerosis,thymocyte and T cell reductions
multiple sclerosis,http://purl.obolibrary.org/obo/MONDO_0005301,prognostic,multiple sclerosis,Thyroid and small intestine markers
multiple sclerosis,http://purl.obolibrary.org/obo/MONDO_0005301,prognostic,Multiple sclerosis,thyroid downregulation and immune genes
multiple sclerosis,http://purl.obolibrary.org/obo/MONDO_0005301,prognostic,Multiple sclerosis,thyroid immune gene downregulation
multiple sclerosis,http://purl.obolibrary.org/obo/MONDO_0005301,prognostic,multiple sclerosis,Thyroid-downregulated B cell markers
multiple sclerosis,http://purl.obolibrary.org/obo/MONDO_0005301,prognostic,Multiple sclerosis,tissue-specific immune coexpression
multiple sclerosis,http://purl.obolibrary.org/obo/MONDO_0005301,risk,multiple sclerosis,Abnormal CD4 T cell differentiation
multiple sclerosis,http://purl.obolibrary.org/obo/MONDO_0005301,risk,multiple sclerosis,Absent lymph nodes; CD40 signaling
multiple sclerosis,http://purl.obolibrary.org/obo/MONDO_0005301,risk,Multiple sclerosis,absent spleen germinal center
multiple sclerosis,http://purl.obolibrary.org/obo/MONDO_0005301,risk,multiple sclerosis,Absent spleen germinal center
multiple sclerosis,http://purl.obolibrary.org/obo/MONDO_0005301,risk,multiple sclerosis,Allograft rejection and MHC genes
multiple sclerosis,http://purl.obolibrary.org/obo/MONDO_0005301,risk,Multiple sclerosis,alloimmune and HLA expression
multiple sclerosis,http://purl.obolibrary.org/obo/MONDO_0005301,risk,multiple sclerosis,B and T cell changes
multiple sclerosis,http://purl.obolibrary.org/obo/MONDO_0005301,risk,Multiple sclerosis,B cell maturation and activation
multiple sclerosis,http://purl.obolibrary.org/obo/MONDO_0005301,risk,multiple sclerosis,B cell receptor signaling pathway
multiple sclerosis,http://purl.obolibrary.org/obo/MONDO_0005301,risk,multiple sclerosis,Blood vessel T cell markers
multiple sclerosis,http://purl.obolibrary.org/obo/MONDO_0005301,risk,Multiple sclerosis,brain and adipose immune signatures
multiple sclerosis,http://purl.obolibrary.org/obo/MONDO_0005301,risk,multiple sclerosis,CD4 T cell activation genes
multiple sclerosis,http://purl.obolibrary.org/obo/MONDO_0005301,risk,multiple sclerosis,CD4 T cells in olfactory
multiple sclerosis,http://purl.obolibrary.org/obo/MONDO_0005301,risk,Multiple sclerosis,decreased immunoglobulin isotypes
multiple sclerosis,http://purl.obolibrary.org/obo/MONDO_0005301,risk,multiple sclerosis,Decreased regulatory T cell numbers
multiple sclerosis,http://purl.obolibrary.org/obo/MONDO_0005301,risk,Multiple sclerosis,decreased thymocytes and T cells
multiple sclerosis,http://purl.obolibrary.org/obo/MONDO_0005301,risk,multiple sclerosis,Downregulated tissue coexpression genes
multiple sclerosis,http://purl.obolibrary.org/obo/MONDO_0005301,risk,multiple sclerosis,EBV-transformed lymphocytes gene expression
multiple sclerosis,http://purl.obolibrary.org/obo/MONDO_0005301,risk,Multiple sclerosis,fetal lymphoid cell markers
multiple sclerosis,http://purl.obolibrary.org/obo/MONDO_0005301,risk,multiple sclerosis,GPR174 and P2RY10 coexpression
multiple sclerosis,http://purl.obolibrary.org/obo/MONDO_0005301,risk,Multiple sclerosis,gtex intestinal immune coexpression
multiple sclerosis,http://purl.obolibrary.org/obo/MONDO_0005301,risk,Multiple sclerosis,IL-2/JAK-STAT signaling
multiple sclerosis,http://purl.obolibrary.org/obo/MONDO_0005301,risk,multiple sclerosis,IL-2/JAK-STAT signaling pathway
multiple sclerosis,http://purl.obolibrary.org/obo/MONDO_0005301,risk,Multiple sclerosis,immune cell interactions and activation
multiple sclerosis,http://purl.obolibrary.org/obo/MONDO_0005301,risk,Multiple sclerosis,immune cell surface markers
multiple sclerosis,http://purl.obolibrary.org/obo/MONDO_0005301,risk,Multiple sclerosis,increased immunoglobulin and T cells
multiple sclerosis,http://purl.obolibrary.org/obo/MONDO_0005301,risk,multiple sclerosis,Interleukin signaling pathways
multiple sclerosis,http://purl.obolibrary.org/obo/MONDO_0005301,risk,Multiple sclerosis,leukocyte and T cell differentiation
multiple sclerosis,http://purl.obolibrary.org/obo/MONDO_0005301,risk,multiple sclerosis,Lipoprotein Metabolism
multiple sclerosis,http://purl.obolibrary.org/obo/MONDO_0005301,risk,multiple sclerosis,Lung and thyroid immune genes
multiple sclerosis,http://purl.obolibrary.org/obo/MONDO_0005301,risk,multiple sclerosis,Lung and thyroid immune signals
multiple sclerosis,http://purl.obolibrary.org/obo/MONDO_0005301,risk,multiple sclerosis,Lymphocyte Expression Program Signaling
multiple sclerosis,http://purl.obolibrary.org/obo/MONDO_0005301,risk,multiple sclerosis,Lymphoid tissue and B cells
multiple sclerosis,http://purl.obolibrary.org/obo/MONDO_0005301,risk,multiple sclerosis,MAP3K14/ADGRG5 coexpression across tissues
multiple sclerosis,http://purl.obolibrary.org/obo/MONDO_0005301,risk,Multiple sclerosis,MHC II and alloimmune signaling
multiple sclerosis,http://purl.obolibrary.org/obo/MONDO_0005301,risk,multiple sclerosis,Naive CD8 T cell program
multiple sclerosis,http://purl.obolibrary.org/obo/MONDO_0005301,risk,Multiple sclerosis,organ autoimmune features and checkpoints
multiple sclerosis,http://purl.obolibrary.org/obo/MONDO_0005301,risk,Multiple sclerosis,P2RY10 coexpression network
multiple sclerosis,http://purl.obolibrary.org/obo/MONDO_0005301,risk,multiple sclerosis,P2RY10 coexpression with immune markers
multiple sclerosis,http://purl.obolibrary.org/obo/MONDO_0005301,risk,multiple sclerosis,P2RY10 coexpression with T cells
multiple sclerosis,http://purl.obolibrary.org/obo/MONDO_0005301,risk,Multiple sclerosis,regulatory signaling and lymphoid absence
multiple sclerosis,http://purl.obolibrary.org/obo/MONDO_0005301,risk,Multiple sclerosis,regulatory T cell signaling
multiple sclerosis,http://purl.obolibrary.org/obo/MONDO_0005301,risk,Multiple sclerosis,T and B cell signaling
multiple sclerosis,http://purl.obolibrary.org/obo/MONDO_0005301,risk,Multiple sclerosis,T cell activation and NF-kB
multiple sclerosis,http://purl.obolibrary.org/obo/MONDO_0005301,risk,multiple sclerosis,T cell receptor signaling abnormalities
multiple sclerosis,http://purl.obolibrary.org/obo/MONDO_0005301,risk,multiple sclerosis,T helper differentiation and activation
multiple sclerosis,http://purl.obolibrary.org/obo/MONDO_0005301,risk,Multiple sclerosis,TCR signaling and activation
multiple sclerosis,http://purl.obolibrary.org/obo/MONDO_0005301,risk,multiple sclerosis,TH1/TH2 T cell pathway
multiple sclerosis,http://purl.obolibrary.org/obo/MONDO_0005301,risk,Multiple sclerosis,thymocyte and T cell reductions
multiple sclerosis,http://purl.obolibrary.org/obo/MONDO_0005301,risk,multiple sclerosis,Thyroid and small intestine markers
multiple sclerosis,http://purl.obolibrary.org/obo/MONDO_0005301,risk,Multiple sclerosis,thyroid downregulation and immune genes
multiple sclerosis,http://purl.obolibrary.org/obo/MONDO_0005301,risk,Multiple sclerosis,thyroid immune gene downregulation
multiple sclerosis,http://purl.obolibrary.org/obo/MONDO_0005301,risk,multiple sclerosis,Thyroid-downregulated B cell markers
multiple sclerosis,http://purl.obolibrary.org/obo/MONDO_0005301,risk,Multiple sclerosis,tissue-specific immune coexpression
muscular dystrophy,http://purl.obolibrary.org/obo/MONDO_0020121,diagnostic,Muscular dystrophy,Abnormal muscle morphology and degeneration
muscular dystrophy,http://purl.obolibrary.org/obo/MONDO_0020121,diagnostic,Muscular dystrophy,Abnormal muscle morphology and genes
muscular dystrophy,http://purl.obolibrary.org/obo/MONDO_0020121,diagnostic,Muscular dystrophy,Abnormal sarcolemma and muscle morphology
muscular dystrophy,http://purl.obolibrary.org/obo/MONDO_0020121,diagnostic,Muscular dystrophy,Basement membrane and sarcolemma abnormalities
muscular dystrophy,http://purl.obolibrary.org/obo/MONDO_0020121,diagnostic,Muscular dystrophy,Contractility and electrophysiology impairment
muscular dystrophy,http://purl.obolibrary.org/obo/MONDO_0020121,diagnostic,Muscular dystrophy,Dystrophic muscle and cardiomyopathy
muscular dystrophy,http://purl.obolibrary.org/obo/MONDO_0020121,diagnostic,Muscular dystrophy,Dystrophic muscle and fibrosis genes
muscular dystrophy,http://purl.obolibrary.org/obo/MONDO_0020121,diagnostic,Muscular dystrophy,Dystrophic muscle and related genes
muscular dystrophy,http://purl.obolibrary.org/obo/MONDO_0020121,diagnostic,Muscular dystrophy,Dystrophic muscles and related genes
muscular dystrophy,http://purl.obolibrary.org/obo/MONDO_0020121,diagnostic,Muscular dystrophy,Glycosylation and membrane components
muscular dystrophy,http://purl.obolibrary.org/obo/MONDO_0020121,diagnostic,Muscular dystrophy,Glycosylation pathways and enzymes
muscular dystrophy,http://purl.obolibrary.org/obo/MONDO_0020121,diagnostic,Muscular dystrophy,Hypertrophy and contractility genes
muscular dystrophy,http://purl.obolibrary.org/obo/MONDO_0020121,diagnostic,Muscular dystrophy,Muscle fiber morphology and myopathy
muscular dystrophy,http://purl.obolibrary.org/obo/MONDO_0020121,diagnostic,Muscular dystrophy,Muscle fiber morphology and size
muscular dystrophy,http://purl.obolibrary.org/obo/MONDO_0020121,diagnostic,Muscular dystrophy,Muscle membrane and hypertrophy genes
muscular dystrophy,http://purl.obolibrary.org/obo/MONDO_0020121,diagnostic,Muscular dystrophy,Muscle pathologies and related genes
muscular dystrophy,http://purl.obolibrary.org/obo/MONDO_0020121,diagnostic,Muscular dystrophy,Muscle phenotype and contractile components
muscular dystrophy,http://purl.obolibrary.org/obo/MONDO_0020121,diagnostic,Muscular dystrophy,Muscle physiology and phenotype
muscular dystrophy,http://purl.obolibrary.org/obo/MONDO_0020121,diagnostic,Muscular dystrophy,Muscle regeneration and hypertrophy genes
muscular dystrophy,http://purl.obolibrary.org/obo/MONDO_0020121,diagnostic,Muscular dystrophy,Muscle weakness and fiber variability
muscular dystrophy,http://purl.obolibrary.org/obo/MONDO_0020121,diagnostic,Muscular dystrophy,Myopathy and fiber size variation
muscular dystrophy,http://purl.obolibrary.org/obo/MONDO_0020121,diagnostic,Muscular dystrophy,Myopathy and muscle function genes
muscular dystrophy,http://purl.obolibrary.org/obo/MONDO_0020121,diagnostic,Muscular dystrophy,Sarcolemma abnormalities and myopathy
muscular dystrophy,http://purl.obolibrary.org/obo/MONDO_0020121,diagnostic,Muscular dystrophy,Sarcolemma and myopathy genes
myeloproliferative neoplasm,http://purl.obolibrary.org/obo/MONDO_0020076,risk,Myeloproliferative neoplasm,ABL signals and CALR mutations
myeloproliferative neoplasm,http://purl.obolibrary.org/obo/MONDO_0020076,risk,Myeloproliferative neoplasm,Decreased stem cells and progenitors
myeloproliferative neoplasm,http://purl.obolibrary.org/obo/MONDO_0020076,risk,Myeloproliferative neoplasm,Definitive hematopoiesis and cancer signaling
myeloproliferative neoplasm,http://purl.obolibrary.org/obo/MONDO_0020076,risk,Myeloproliferative neoplasm,FGFR CALR SHH signaling alterations
myeloproliferative neoplasm,http://purl.obolibrary.org/obo/MONDO_0020076,risk,Myeloproliferative neoplasm,Hematopoiesis defects and signaling genes
myeloproliferative neoplasm,http://purl.obolibrary.org/obo/MONDO_0020076,risk,Myeloproliferative neoplasm,Kinase inhibitors and SRC family
myeloproliferative neoplasm,http://purl.obolibrary.org/obo/MONDO_0020076,risk,Myeloproliferative neoplasm,Kinase inhibitors and targets
myeloproliferative neoplasm,http://purl.obolibrary.org/obo/MONDO_0020076,risk,Myeloproliferative neoplasm,Leukemia incidence and hematopoiesis abnormalities
myeloproliferative neoplasm,http://purl.obolibrary.org/obo/MONDO_0020076,risk,Myeloproliferative neoplasm,Megakaryocyte abnormalities and erythroid progenitors
myeloproliferative neoplasm,http://purl.obolibrary.org/obo/MONDO_0020076,risk,Myeloproliferative neoplasm,Megakaryocyte abnormalities and JAK genes
myeloproliferative neoplasm,http://purl.obolibrary.org/obo/MONDO_0020076,risk,Myeloproliferative neoplasm,Mutations associated with myeloid hyperplasia
myeloproliferative neoplasm,http://purl.obolibrary.org/obo/MONDO_0020076,risk,Myeloproliferative neoplasm,Myelodysplastic features and myeloid abnormalities
myeloproliferative neoplasm,http://purl.obolibrary.org/obo/MONDO_0020076,risk,Myeloproliferative neoplasm,Myeloid abnormalities and RUNX genes
myeloproliferative neoplasm,http://purl.obolibrary.org/obo/MONDO_0020076,risk,Myeloproliferative neoplasm,Myeloid expansion and megakaryocyte morphology
myeloproliferative neoplasm,http://purl.obolibrary.org/obo/MONDO_0020076,risk,Myeloproliferative neoplasm,Myeloid progenitor morphology and granulocytes
myeloproliferative neoplasm,http://purl.obolibrary.org/obo/MONDO_0020076,risk,Myeloproliferative neoplasm,Myeloid progenitors and stem expansion
myeloproliferative neoplasm,http://purl.obolibrary.org/obo/MONDO_0020076,risk,Myeloproliferative neoplasm,Progenitor abnormalities and tumor suppressors
myeloproliferative neoplasm,http://purl.obolibrary.org/obo/MONDO_0020076,risk,Myeloproliferative neoplasm,Tyrosine kinase inhibitors and receptors
narcolepsy,http://purl.obolibrary.org/obo/MONDO_0021107,risk,Narcolepsy,Antigen processing and presentation
narcolepsy,http://purl.obolibrary.org/obo/MONDO_0021107,risk,Narcolepsy,T cell activation and differentiation
neural tube defect,http://purl.obolibrary.org/obo/MONDO_0018075,diagnostic,Neural tube defect,Caudal and neural plate defects
neural tube defect,http://purl.obolibrary.org/obo/MONDO_0018075,diagnostic,Neural tube defect,Craniofacial and neural morphogenesis defects
neural tube defect,http://purl.obolibrary.org/obo/MONDO_0018075,diagnostic,Neural tube defect,Neural tube and notochord defects
neural tube defect,http://purl.obolibrary.org/obo/MONDO_0018075,diagnostic,Neural tube defect,Notochord and neural tube defects
neural tube defect,http://purl.obolibrary.org/obo/MONDO_0018075,diagnostic,Neural tube defect,Notochord and tail axis defects
neural tube defect,http://purl.obolibrary.org/obo/MONDO_0018075,diagnostic,Neural tube defect,Tail and craniofacial development defects
neural tube defect,http://purl.obolibrary.org/obo/MONDO_0018075,diagnostic,Neural tube defect,Tail and vertebral development defects
neuroendocrine neoplasm,http://purl.obolibrary.org/obo/MONDO_0019496,risk,Neuroendocrine neoplasm,Decreased Tumor Latency
non-Hodgkin lymphoma,http://purl.obolibrary.org/obo/MONDO_0018908,risk,Non-Hodgkin lymphoma,Abnormal T Cell Number
non-Hodgkin lymphoma,http://purl.obolibrary.org/obo/MONDO_0018908,risk,Non-Hodgkin lymphoma,Acute Lymphoblastic Leukemia
non-Hodgkin lymphoma,http://purl.obolibrary.org/obo/MONDO_0018908,risk,Non-Hodgkin lymphoma,ATM
non-Hodgkin lymphoma,http://purl.obolibrary.org/obo/MONDO_0018908,risk,Non-Hodgkin lymphoma,B Cell Differentiation Arrest
non-Hodgkin lymphoma,http://purl.obolibrary.org/obo/MONDO_0018908,risk,Non-Hodgkin lymphoma,B Cell Lymphoid Amplification
non-Hodgkin lymphoma,http://purl.obolibrary.org/obo/MONDO_0018908,risk,Non-Hodgkin lymphoma,BCL10
non-Hodgkin lymphoma,http://purl.obolibrary.org/obo/MONDO_0018908,risk,Non-Hodgkin lymphoma,CCND1
non-Hodgkin lymphoma,http://purl.obolibrary.org/obo/MONDO_0018908,risk,Non-Hodgkin lymphoma,CDKN2A
non-Hodgkin lymphoma,http://purl.obolibrary.org/obo/MONDO_0018908,risk,Non-Hodgkin lymphoma,CTLA4
non-Hodgkin lymphoma,http://purl.obolibrary.org/obo/MONDO_0018908,risk,Non-Hodgkin lymphoma,Cytokine Signaling
non-Hodgkin lymphoma,http://purl.obolibrary.org/obo/MONDO_0018908,risk,Non-Hodgkin lymphoma,FLT3
non-Hodgkin lymphoma,http://purl.obolibrary.org/obo/MONDO_0018908,risk,Non-Hodgkin lymphoma,Germinal Center Deficiency
non-Hodgkin lymphoma,http://purl.obolibrary.org/obo/MONDO_0018908,risk,Non-Hodgkin lymphoma,Hyperpigmentation
non-Hodgkin lymphoma,http://purl.obolibrary.org/obo/MONDO_0018908,risk,Non-Hodgkin lymphoma,IKZF1
non-Hodgkin lymphoma,http://purl.obolibrary.org/obo/MONDO_0018908,risk,Non-Hodgkin lymphoma,IL27 Immune Signaling
non-Hodgkin lymphoma,http://purl.obolibrary.org/obo/MONDO_0018908,risk,Non-Hodgkin lymphoma,Infigratinib
non-Hodgkin lymphoma,http://purl.obolibrary.org/obo/MONDO_0018908,risk,Non-Hodgkin lymphoma,Interleukin 2 Family Signaling
non-Hodgkin lymphoma,http://purl.obolibrary.org/obo/MONDO_0018908,risk,Non-Hodgkin lymphoma,Myeloid Hyperplasia
non-Hodgkin lymphoma,http://purl.obolibrary.org/obo/MONDO_0018908,risk,Non-Hodgkin lymphoma,NOTCH1
non-Hodgkin lymphoma,http://purl.obolibrary.org/obo/MONDO_0018908,risk,Non-Hodgkin lymphoma,Ponatinib
non-Hodgkin lymphoma,http://purl.obolibrary.org/obo/MONDO_0018908,risk,Non-Hodgkin lymphoma,Transcriptional Regulation Of Granulopoiesis
non-Hodgkin lymphoma,http://purl.obolibrary.org/obo/MONDO_0018908,risk,Non-Hodgkin's lymphoma,Antigen presentation and HLA diversity
non-Hodgkin lymphoma,http://purl.obolibrary.org/obo/MONDO_0018908,risk,Non-Hodgkin's lymphoma,HLA alleles and immune markers
non-Hodgkin lymphoma,http://purl.obolibrary.org/obo/MONDO_0018908,risk,Non-Hodgkin's lymphoma,Immune activation and signaling pathways
non-Hodgkin lymphoma,http://purl.obolibrary.org/obo/MONDO_0018908,risk,Non-Hodgkin's lymphoma,T cell development and TFs
non-Hodgkin lymphoma,http://purl.obolibrary.org/obo/MONDO_0018908,risk,Non-Hodgkin's lymphoma,T cell differentiation and markers
open-angle glaucoma,http://purl.obolibrary.org/obo/MONDO_0005338,risk,open-angle glaucoma,Eye anterior segment development
open-angle glaucoma,http://purl.obolibrary.org/obo/MONDO_0005338,risk,open-angle glaucoma,Glaucoma-associated anterior segment defects
open-angle glaucoma,http://purl.obolibrary.org/obo/MONDO_0005338,risk,open-angle glaucoma,Glaucoma-related anterior segment anomalies
open-angle glaucoma,http://purl.obolibrary.org/obo/MONDO_0005338,risk,open-angle glaucoma,Hematopoietic and cardiac developmental defects
open-angle glaucoma,http://purl.obolibrary.org/obo/MONDO_0005338,risk,open-angle glaucoma,Multi-organ developmental defects
open-angle glaucoma,http://purl.obolibrary.org/obo/MONDO_0005338,risk,open-angle glaucoma,Outflow tract and pupil development
open-angle glaucoma,http://purl.obolibrary.org/obo/MONDO_0005338,risk,open-angle glaucoma,Skeletal and cardiac morphogenesis signaling
open-angle glaucoma,http://purl.obolibrary.org/obo/MONDO_0005338,risk,open-angle glaucoma,Vascular development and angiogenesis
open-angle glaucoma,http://purl.obolibrary.org/obo/MONDO_0005338,risk,Primary open-angle glaucoma,Cardiac and muscle cell proliferation
open-angle glaucoma,http://purl.obolibrary.org/obo/MONDO_0005338,risk,Primary open-angle glaucoma,Cardiac and muscle development
open-angle glaucoma,http://purl.obolibrary.org/obo/MONDO_0005338,risk,Primary open-angle glaucoma,Cellular senescence and cancer pathways
open-angle glaucoma,http://purl.obolibrary.org/obo/MONDO_0005338,risk,Primary open-angle glaucoma,Congenital heart defects
open-angle glaucoma,http://purl.obolibrary.org/obo/MONDO_0005338,risk,Primary open-angle glaucoma,Craniofacial and vascular morphogenesis
open-angle glaucoma,http://purl.obolibrary.org/obo/MONDO_0005338,risk,Primary open-angle glaucoma,Embryonic limb and digit morphogenesis
open-angle glaucoma,http://purl.obolibrary.org/obo/MONDO_0005338,risk,Primary open-angle glaucoma,Embryonic patterning and vascular morphogenesis
open-angle glaucoma,http://purl.obolibrary.org/obo/MONDO_0005338,risk,Primary open-angle glaucoma,EMT and ECM interactions
open-angle glaucoma,http://purl.obolibrary.org/obo/MONDO_0005338,risk,Primary open-angle glaucoma,EMT and osteoblast differentiation
open-angle glaucoma,http://purl.obolibrary.org/obo/MONDO_0005338,risk,Primary open-angle glaucoma,Endocardial cushions and digit morphogenesis
open-angle glaucoma,http://purl.obolibrary.org/obo/MONDO_0005338,risk,Primary open-angle glaucoma,Endocardial cushions and EMT regulation
open-angle glaucoma,http://purl.obolibrary.org/obo/MONDO_0005338,risk,Primary open-angle glaucoma,Endocardial cushions and SMAD signaling
open-angle glaucoma,http://purl.obolibrary.org/obo/MONDO_0005338,risk,Primary open-angle glaucoma,Eye and sensory organ development
open-angle glaucoma,http://purl.obolibrary.org/obo/MONDO_0005338,risk,Primary open-angle glaucoma,GPCR signaling and cytoskeleton components
open-angle glaucoma,http://purl.obolibrary.org/obo/MONDO_0005338,risk,Primary open-angle glaucoma,Kidney development and nephron epithelium
open-angle glaucoma,http://purl.obolibrary.org/obo/MONDO_0005338,risk,Primary open-angle glaucoma,Kidney disease and glomerular biology
open-angle glaucoma,http://purl.obolibrary.org/obo/MONDO_0005338,risk,Primary open-angle glaucoma,Mesenchymal and neural development pathways
open-angle glaucoma,http://purl.obolibrary.org/obo/MONDO_0005338,risk,Primary open-angle glaucoma,Outflow tract and heart morphogenesis
open-angle glaucoma,http://purl.obolibrary.org/obo/MONDO_0005338,risk,Primary open-angle glaucoma,Renal glomerular endothelium markers
open-angle glaucoma,http://purl.obolibrary.org/obo/MONDO_0005338,risk,Primary open-angle glaucoma,Renal vasculature and kidney development
open-angle glaucoma,http://purl.obolibrary.org/obo/MONDO_0005338,risk,Primary open-angle glaucoma,SMAD signaling and miRNA regulation
open-angle glaucoma,http://purl.obolibrary.org/obo/MONDO_0005338,risk,Primary open-angle glaucoma,Stem cell proliferation and development
ovarian cancer,http://purl.obolibrary.org/obo/MONDO_0008170,diagnostic,Ovarian cancer,AP1 and ATF2 Pathways
ovarian cancer,http://purl.obolibrary.org/obo/MONDO_0008170,diagnostic,Ovarian cancer,Cardiac Right Ventricle Morphogenesis
ovarian cancer,http://purl.obolibrary.org/obo/MONDO_0008170,diagnostic,Ovarian cancer,Metanephros and Kidney Development
ovarian cancer,http://purl.obolibrary.org/obo/MONDO_0008170,monitoring,Ovarian cancer,AP1 and ATF2 Pathways
ovarian cancer,http://purl.obolibrary.org/obo/MONDO_0008170,monitoring,Ovarian cancer,Cardiac Right Ventricle Morphogenesis
ovarian cancer,http://purl.obolibrary.org/obo/MONDO_0008170,monitoring,Ovarian cancer,Metanephros and Kidney Development
ovarian cancer,http://purl.obolibrary.org/obo/MONDO_0008170,prognostic,Ovarian cancer,AP1 and ATF2 Pathways
ovarian cancer,http://purl.obolibrary.org/obo/MONDO_0008170,prognostic,Ovarian cancer,Cardiac Right Ventricle Morphogenesis
ovarian cancer,http://purl.obolibrary.org/obo/MONDO_0008170,prognostic,Ovarian cancer,Metanephros and Kidney Development
ovarian cancer,http://purl.obolibrary.org/obo/MONDO_0008170,risk,Ovarian cancer,AP1 and ATF2 Pathways
ovarian cancer,http://purl.obolibrary.org/obo/MONDO_0008170,risk,Ovarian cancer,Cardiac Right Ventricle Morphogenesis
ovarian cancer,http://purl.obolibrary.org/obo/MONDO_0008170,risk,Ovarian cancer,Metanephros and Kidney Development
Parkinson disease,http://purl.obolibrary.org/obo/MONDO_0005180,diagnostic,Young- and early-onset Parkinson's disease,Inositol Phosphate Biosynthetic
Parkinson disease,http://purl.obolibrary.org/obo/MONDO_0005180,prognostic,Young- and early-onset Parkinson's disease,Inositol Phosphate Biosynthetic
Parkinson disease,http://purl.obolibrary.org/obo/MONDO_0005180,risk,Young- and early-onset Parkinson's disease,Inositol Phosphate Biosynthetic
peripheral vascular disease,http://purl.obolibrary.org/obo/MONDO_0005294,risk,Peripheral vascular disease (heterodominant model),Cardiovascular Development
peroxisomal disease,http://purl.obolibrary.org/obo/MONDO_0019053,diagnostic,Peroxisomal disease,Mitochondrial fatty acid oxidation enzymes
peroxisomal disease,http://purl.obolibrary.org/obo/MONDO_0019053,diagnostic,Peroxisomal disease,Peroxisomal and bile acid metabolism
peroxisomal disease,http://purl.obolibrary.org/obo/MONDO_0019053,diagnostic,Peroxisomal disease,Peroxisomal ether lipid biosynthesis
peroxisomal disease,http://purl.obolibrary.org/obo/MONDO_0019053,diagnostic,Peroxisomal disease,Peroxisomal fatty acid metabolism
peroxisomal disease,http://purl.obolibrary.org/obo/MONDO_0019053,diagnostic,Peroxisomal disease,Peroxisomal fatty acid oxidation
peroxisomal disease,http://purl.obolibrary.org/obo/MONDO_0019053,diagnostic,Peroxisomal disease,Peroxisomal lipid biosynthesis and transport
peroxisomal disease,http://purl.obolibrary.org/obo/MONDO_0019053,diagnostic,Peroxisomal disease,Peroxisomal lipid import and transport
peroxisomal disease,http://purl.obolibrary.org/obo/MONDO_0019053,diagnostic,Peroxisomal disease,Peroxisomal lipid metabolism and transport
peroxisomal disease,http://purl.obolibrary.org/obo/MONDO_0019053,diagnostic,Peroxisomal disease,Peroxisomal lumen metabolism
peroxisomal disease,http://purl.obolibrary.org/obo/MONDO_0019053,diagnostic,Peroxisomal disease,Peroxisomal matrix protein import
peroxisomal disease,http://purl.obolibrary.org/obo/MONDO_0019053,diagnostic,Peroxisomal disease,Peroxisomal membrane protein import
peroxisomal disease,http://purl.obolibrary.org/obo/MONDO_0019053,diagnostic,Peroxisomal disease,Peroxisomal protein import and transport
peroxisomal disease,http://purl.obolibrary.org/obo/MONDO_0019053,diagnostic,Peroxisomal disease,Peroxisomal proteins with adipose signals
peroxisomal disease,http://purl.obolibrary.org/obo/MONDO_0019053,diagnostic,Peroxisomal disease,Very long-chain fatty acid metabolism
peroxisomal disease,http://purl.obolibrary.org/obo/MONDO_0019053,diagnostic,Peroxisomal disease,Very long-chain fatty acid oxidation
peroxisomal disease,http://purl.obolibrary.org/obo/MONDO_0019053,diagnostic,Peroxisomal disease,Very long-chain fatty acid transport
pilocytic astrocytoma,http://purl.obolibrary.org/obo/MONDO_0016691,diagnostic,Pilocytic astrocytoma,Melanoma Signaling
pilocytic astrocytoma,http://purl.obolibrary.org/obo/MONDO_0016691,risk,Pilocytic astrocytoma,Melanoma Signaling
polycystic ovary syndrome,http://purl.obolibrary.org/obo/MONDO_0008487,diagnostic,Polycystic ovary syndrome (PCOS),Amino Acid Transport Genes
polycystic ovary syndrome,http://purl.obolibrary.org/obo/MONDO_0008487,diagnostic,Polycystic ovary syndrome (PCOS),Bone Development and Ossification Genes
polycystic ovary syndrome,http://purl.obolibrary.org/obo/MONDO_0008487,diagnostic,Polycystic ovary syndrome (PCOS),Cardiac and Prostate Development Genes
polycystic ovary syndrome,http://purl.obolibrary.org/obo/MONDO_0008487,diagnostic,Polycystic ovary syndrome (PCOS),Kidney and Heart Nephrogenesis Genes
polycystic ovary syndrome,http://purl.obolibrary.org/obo/MONDO_0008487,diagnostic,Polycystic ovary syndrome (PCOS),Limb and Muscle Development Genes
polycystic ovary syndrome,http://purl.obolibrary.org/obo/MONDO_0008487,diagnostic,Polycystic ovary syndrome (PCOS),MiRNA Regulation and Mammary Genes
polycystic ovary syndrome,http://purl.obolibrary.org/obo/MONDO_0008487,diagnostic,Polycystic ovary syndrome (PCOS),Prostate Cancer and Cardiac Genes
polycystic ovary syndrome,http://purl.obolibrary.org/obo/MONDO_0008487,diagnostic,Polycystic ovary syndrome; age-adjusted,Chondrocyte differentiation and limb development
polycystic ovary syndrome,http://purl.obolibrary.org/obo/MONDO_0008487,diagnostic,Polycystic ovary syndrome; age-adjusted,Endocrine traits and signaling genes
polycystic ovary syndrome,http://purl.obolibrary.org/obo/MONDO_0008487,diagnostic,Polycystic ovary syndrome; age-adjusted,Female fertility hormone signaling
polycystic ovary syndrome,http://purl.obolibrary.org/obo/MONDO_0008487,diagnostic,Polycystic ovary syndrome; age-adjusted,Kidney and cartilage development genes
polycystic ovary syndrome,http://purl.obolibrary.org/obo/MONDO_0008487,diagnostic,Polycystic ovary syndrome; age-adjusted,miRNA regulation and ovarian phenotypes
polycystic ovary syndrome,http://purl.obolibrary.org/obo/MONDO_0008487,diagnostic,Polycystic ovary syndrome; age-adjusted,Ovarian follicle and estrogen signaling
polycystic ovary syndrome,http://purl.obolibrary.org/obo/MONDO_0008487,diagnostic,Polycystic ovary syndrome; age-adjusted,RTK signaling and migration genes
polycystic ovary syndrome,http://purl.obolibrary.org/obo/MONDO_0008487,risk,Polycystic ovary syndrome (PCOS),Amino Acid Transport Genes
polycystic ovary syndrome,http://purl.obolibrary.org/obo/MONDO_0008487,risk,Polycystic ovary syndrome (PCOS),Bone Development and Ossification Genes
polycystic ovary syndrome,http://purl.obolibrary.org/obo/MONDO_0008487,risk,Polycystic ovary syndrome (PCOS),Cardiac and Prostate Development Genes
polycystic ovary syndrome,http://purl.obolibrary.org/obo/MONDO_0008487,risk,Polycystic ovary syndrome (PCOS),Kidney and Heart Nephrogenesis Genes
polycystic ovary syndrome,http://purl.obolibrary.org/obo/MONDO_0008487,risk,Polycystic ovary syndrome (PCOS),Limb and Muscle Development Genes
polycystic ovary syndrome,http://purl.obolibrary.org/obo/MONDO_0008487,risk,Polycystic ovary syndrome (PCOS),MiRNA Regulation and Mammary Genes
polycystic ovary syndrome,http://purl.obolibrary.org/obo/MONDO_0008487,risk,Polycystic ovary syndrome (PCOS),Prostate Cancer and Cardiac Genes
polycystic ovary syndrome,http://purl.obolibrary.org/obo/MONDO_0008487,risk,Polycystic ovary syndrome; age-adjusted,Chondrocyte differentiation and limb development
polycystic ovary syndrome,http://purl.obolibrary.org/obo/MONDO_0008487,risk,Polycystic ovary syndrome; age-adjusted,Endocrine traits and signaling genes
polycystic ovary syndrome,http://purl.obolibrary.org/obo/MONDO_0008487,risk,Polycystic ovary syndrome; age-adjusted,Female fertility hormone signaling
polycystic ovary syndrome,http://purl.obolibrary.org/obo/MONDO_0008487,risk,Polycystic ovary syndrome; age-adjusted,Kidney and cartilage development genes
polycystic ovary syndrome,http://purl.obolibrary.org/obo/MONDO_0008487,risk,Polycystic ovary syndrome; age-adjusted,miRNA regulation and ovarian phenotypes
polycystic ovary syndrome,http://purl.obolibrary.org/obo/MONDO_0008487,risk,Polycystic ovary syndrome; age-adjusted,Ovarian follicle and estrogen signaling
polycystic ovary syndrome,http://purl.obolibrary.org/obo/MONDO_0008487,risk,Polycystic ovary syndrome; age-adjusted,RTK signaling and migration genes
precursor B-cell acute lymphoblastic leukemia,http://purl.obolibrary.org/obo/MONDO_0020511,risk,Precursor B-cell acute lymphoblastic leukemia,B and T cell development
precursor B-cell acute lymphoblastic leukemia,http://purl.obolibrary.org/obo/MONDO_0020511,risk,Precursor B-cell acute lymphoblastic leukemia,B cell differentiation and markers
precursor B-cell acute lymphoblastic leukemia,http://purl.obolibrary.org/obo/MONDO_0020511,risk,Precursor B-cell acute lymphoblastic leukemia,B-cell development and kinases
precursor B-cell acute lymphoblastic leukemia,http://purl.obolibrary.org/obo/MONDO_0020511,risk,Precursor B-cell acute lymphoblastic leukemia,B/T and myeloid signaling kinases
precursor B-cell acute lymphoblastic leukemia,http://purl.obolibrary.org/obo/MONDO_0020511,risk,Precursor B-cell acute lymphoblastic leukemia,B/T cell development
precursor B-cell acute lymphoblastic leukemia,http://purl.obolibrary.org/obo/MONDO_0020511,risk,Precursor B-cell acute lymphoblastic leukemia,Bone marrow hematopoiesis markers
precursor B-cell acute lymphoblastic leukemia,http://purl.obolibrary.org/obo/MONDO_0020511,risk,Precursor B-cell acute lymphoblastic leukemia,Hematopoietic stem cells and B/T
precursor B-cell acute lymphoblastic leukemia,http://purl.obolibrary.org/obo/MONDO_0020511,risk,Precursor B-cell acute lymphoblastic leukemia,Immune organ morphology and mutations
precursor B-cell acute lymphoblastic leukemia,http://purl.obolibrary.org/obo/MONDO_0020511,risk,Precursor B-cell acute lymphoblastic leukemia,Increased cancer incidence and genes
precursor B-cell acute lymphoblastic leukemia,http://purl.obolibrary.org/obo/MONDO_0020511,risk,Precursor B-cell acute lymphoblastic leukemia,Leukemia and immune genes
precursor B-cell acute lymphoblastic leukemia,http://purl.obolibrary.org/obo/MONDO_0020511,risk,Precursor B-cell acute lymphoblastic leukemia,Leukemia and myeloid development genes
precursor B-cell acute lymphoblastic leukemia,http://purl.obolibrary.org/obo/MONDO_0020511,risk,Precursor B-cell acute lymphoblastic leukemia,Leukemia subtypes and B-cell markers
precursor B-cell acute lymphoblastic leukemia,http://purl.obolibrary.org/obo/MONDO_0020511,risk,Precursor B-cell acute lymphoblastic leukemia,Leukemia types and mutations
precursor B-cell acute lymphoblastic leukemia,http://purl.obolibrary.org/obo/MONDO_0020511,risk,Precursor B-cell acute lymphoblastic leukemia,Myeloid leukemia pathways and genes
precursor B-cell acute lymphoblastic leukemia,http://purl.obolibrary.org/obo/MONDO_0020511,risk,Precursor B-cell acute lymphoblastic leukemia,Spleen changes; leukemia and genes
precursor B-cell acute lymphoblastic leukemia,http://purl.obolibrary.org/obo/MONDO_0020511,risk,Precursor B-cell acute lymphoblastic leukemia,Spleen morphology and lymphoid genes
precursor B-cell acute lymphoblastic leukemia,http://purl.obolibrary.org/obo/MONDO_0020511,risk,Precursor B-cell acute lymphoblastic leukemia,T cell and hematopoiesis genes
precursor B-cell acute lymphoblastic leukemia,http://purl.obolibrary.org/obo/MONDO_0020511,risk,Precursor B-cell acute lymphoblastic leukemia,T cell lymphoma and hematopoietic
precursor B-cell acute lymphoblastic leukemia,http://purl.obolibrary.org/obo/MONDO_0020511,risk,Precursor B-cell acute lymphoblastic leukemia,Thymocyte development and Notch genes
primary angle-closure glaucoma,http://purl.obolibrary.org/obo/MONDO_0001868,risk,Primary angle-closure glaucoma,Cardiac Outflow Morphogenesis
primary biliary cholangitis,http://purl.obolibrary.org/obo/MONDO_0005388,risk,Primary biliary cholangitis,Allograft and HLA Activation
primary biliary cholangitis,http://purl.obolibrary.org/obo/MONDO_0005388,risk,Primary biliary cholangitis,Allograft rejection and GVHD
primary biliary cholangitis,http://purl.obolibrary.org/obo/MONDO_0005388,risk,Primary biliary cholangitis,B cell Activation Pathways
primary biliary cholangitis,http://purl.obolibrary.org/obo/MONDO_0005388,risk,Primary biliary cholangitis,B cell differentiation regulation
primary biliary cholangitis,http://purl.obolibrary.org/obo/MONDO_0005388,risk,Primary biliary cholangitis,CD4 T Cell Activation
primary biliary cholangitis,http://purl.obolibrary.org/obo/MONDO_0005388,risk,Primary biliary cholangitis,CD8 T Cell Differentiation
primary biliary cholangitis,http://purl.obolibrary.org/obo/MONDO_0005388,risk,Primary biliary cholangitis,Co-stimulation and PD-1 signaling
primary biliary cholangitis,http://purl.obolibrary.org/obo/MONDO_0005388,risk,Primary biliary cholangitis,Costimulation and immune interactions
primary biliary cholangitis,http://purl.obolibrary.org/obo/MONDO_0005388,risk,Primary biliary cholangitis,CTLA-4 Mediated Immune Tolerance
primary biliary cholangitis,http://purl.obolibrary.org/obo/MONDO_0005388,risk,Primary biliary cholangitis,Cytokine JAK-STAT signaling
primary biliary cholangitis,http://purl.obolibrary.org/obo/MONDO_0005388,risk,Primary biliary cholangitis,Decreased B cell Maturation
primary biliary cholangitis,http://purl.obolibrary.org/obo/MONDO_0005388,risk,Primary biliary cholangitis,Il 2 Jak Stat Signaling
primary biliary cholangitis,http://purl.obolibrary.org/obo/MONDO_0005388,risk,Primary biliary cholangitis,Impaired B cell Activation
primary biliary cholangitis,http://purl.obolibrary.org/obo/MONDO_0005388,risk,Primary biliary cholangitis,Increased B and T cells
primary biliary cholangitis,http://purl.obolibrary.org/obo/MONDO_0005388,risk,Primary biliary cholangitis,Increased Immunoglobulin Levels
primary biliary cholangitis,http://purl.obolibrary.org/obo/MONDO_0005388,risk,Primary biliary cholangitis,Kupffer Cells and Immune Markers
primary biliary cholangitis,http://purl.obolibrary.org/obo/MONDO_0005388,risk,Primary biliary cholangitis,Lipoprotein Metabolism
primary biliary cholangitis,http://purl.obolibrary.org/obo/MONDO_0005388,risk,Primary biliary cholangitis,MHC II Antigen Presentation
primary biliary cholangitis,http://purl.obolibrary.org/obo/MONDO_0005388,risk,Primary biliary cholangitis,Noncanonical NF-kB signaling
primary biliary cholangitis,http://purl.obolibrary.org/obo/MONDO_0005388,risk,Primary biliary cholangitis,P2RY10 and MAP3K14 Coexpression
primary biliary cholangitis,http://purl.obolibrary.org/obo/MONDO_0005388,risk,Primary biliary cholangitis,Peyer's patches and NF-kB
primary biliary cholangitis,http://purl.obolibrary.org/obo/MONDO_0005388,risk,Primary biliary cholangitis,Regulatory T Cell Program Signaling
primary biliary cholangitis,http://purl.obolibrary.org/obo/MONDO_0005388,risk,Primary biliary cholangitis,T Cell Proliferation and Adhesion
primary biliary cholangitis,http://purl.obolibrary.org/obo/MONDO_0005388,risk,Primary biliary cholangitis,T Cell Receptor Signaling
primary biliary cholangitis,http://purl.obolibrary.org/obo/MONDO_0005388,risk,Primary biliary cholangitis,Th1/Th2 Cytokine Signaling
primary biliary cholangitis,http://purl.obolibrary.org/obo/MONDO_0005388,risk,Primary biliary cholangitis,Tissue-Specific P2RY10 Coexpression
primary biliary cholangitis,http://purl.obolibrary.org/obo/MONDO_0005388,risk,Primary biliary cholangitis,TNF/NF-kB Signaling
primary biliary cholangitis,http://purl.obolibrary.org/obo/MONDO_0005388,risk,primary biliary cirrhosis,Absent nodes and EBV lymphocytes
primary biliary cholangitis,http://purl.obolibrary.org/obo/MONDO_0005388,risk,primary biliary cirrhosis,Activated T cells and IL-6
primary biliary cholangitis,http://purl.obolibrary.org/obo/MONDO_0005388,risk,primary biliary cirrhosis,Allograft rejection and HLA genes
primary biliary cholangitis,http://purl.obolibrary.org/obo/MONDO_0005388,risk,primary biliary cirrhosis,B and T cell alterations
primary biliary cholangitis,http://purl.obolibrary.org/obo/MONDO_0005388,risk,primary biliary cirrhosis,B and T cell dysregulation
primary biliary cholangitis,http://purl.obolibrary.org/obo/MONDO_0005388,risk,primary biliary cirrhosis,Cytokine signaling receptors
primary biliary cholangitis,http://purl.obolibrary.org/obo/MONDO_0005388,risk,primary biliary cirrhosis,Decreased IFN-γ and T proliferation
primary biliary cholangitis,http://purl.obolibrary.org/obo/MONDO_0005388,risk,primary biliary cirrhosis,Descartes fetal lymphoid cells
primary biliary cholangitis,http://purl.obolibrary.org/obo/MONDO_0005388,risk,primary biliary cirrhosis,EBV-transformed lymphocytes and adipose
primary biliary cholangitis,http://purl.obolibrary.org/obo/MONDO_0005388,risk,primary biliary cirrhosis,IL-10 signaling and T cells
primary biliary cholangitis,http://purl.obolibrary.org/obo/MONDO_0005388,risk,primary biliary cirrhosis,Immune tolerance and rejection markers
primary biliary cholangitis,http://purl.obolibrary.org/obo/MONDO_0005388,risk,primary biliary cirrhosis,Immunoglobulin deficiency and differentiation
primary biliary cholangitis,http://purl.obolibrary.org/obo/MONDO_0005388,risk,primary biliary cirrhosis,Inflammation signals and lymphocyte genes
primary biliary cholangitis,http://purl.obolibrary.org/obo/MONDO_0005388,risk,primary biliary cirrhosis,Interleukin signaling and JAK-STAT
primary biliary cholangitis,http://purl.obolibrary.org/obo/MONDO_0005388,risk,primary biliary cirrhosis,NK and T cell impairment
primary biliary cholangitis,http://purl.obolibrary.org/obo/MONDO_0005388,risk,primary biliary cirrhosis,P2RY10 coexpression across tissues
primary biliary cholangitis,http://purl.obolibrary.org/obo/MONDO_0005388,risk,primary biliary cirrhosis,P2RY10 gut coexpression
primary biliary cholangitis,http://purl.obolibrary.org/obo/MONDO_0005388,risk,primary biliary cirrhosis,Peyer's patch inflammation markers
primary biliary cholangitis,http://purl.obolibrary.org/obo/MONDO_0005388,risk,primary biliary cirrhosis,Spleen absence and immune traits
primary biliary cholangitis,http://purl.obolibrary.org/obo/MONDO_0005388,risk,primary biliary cirrhosis,T cell activation and signaling
primary biliary cholangitis,http://purl.obolibrary.org/obo/MONDO_0005388,risk,primary biliary cirrhosis,Th1 allograft tolerance and ILs
primary biliary cholangitis,http://purl.obolibrary.org/obo/MONDO_0005388,risk,primary biliary cirrhosis,Th1 physiology and IL-12
primary biliary cholangitis,http://purl.obolibrary.org/obo/MONDO_0005388,risk,primary biliary cirrhosis,Th2 physiology and IFN-gamma decrease
primary sclerosing cholangitis,http://purl.obolibrary.org/obo/MONDO_0013433,risk,Primary sclerosing cholangitis,Allograft rejection and costimulation
primary sclerosing cholangitis,http://purl.obolibrary.org/obo/MONDO_0013433,risk,Primary sclerosing cholangitis,Allograft rejection and gut inflammation
primary sclerosing cholangitis,http://purl.obolibrary.org/obo/MONDO_0013433,risk,Primary sclerosing cholangitis,Allograft rejection and inflammation
primary sclerosing cholangitis,http://purl.obolibrary.org/obo/MONDO_0013433,risk,Primary sclerosing cholangitis,Allograft rejection and Kupffer cells
primary sclerosing cholangitis,http://purl.obolibrary.org/obo/MONDO_0013433,risk,Primary sclerosing cholangitis,Allograft rejection HLAs
primary sclerosing cholangitis,http://purl.obolibrary.org/obo/MONDO_0013433,risk,Primary sclerosing cholangitis,Autoimmunity and increased T cells
primary sclerosing cholangitis,http://purl.obolibrary.org/obo/MONDO_0013433,risk,Primary sclerosing cholangitis,B cell activation and cytokines
primary sclerosing cholangitis,http://purl.obolibrary.org/obo/MONDO_0013433,risk,Primary sclerosing cholangitis,CTLA4 and CD28 costimulation
primary sclerosing cholangitis,http://purl.obolibrary.org/obo/MONDO_0013433,risk,Primary sclerosing cholangitis,CTLA4 and regulatory T cells
primary sclerosing cholangitis,http://purl.obolibrary.org/obo/MONDO_0013433,risk,Primary sclerosing cholangitis,Decreased antibodies and immunity
primary sclerosing cholangitis,http://purl.obolibrary.org/obo/MONDO_0013433,risk,Primary sclerosing cholangitis,FOXP3 regulatory T cell development
primary sclerosing cholangitis,http://purl.obolibrary.org/obo/MONDO_0013433,risk,Primary sclerosing cholangitis,IFN-gamma signaling and T cells
primary sclerosing cholangitis,http://purl.obolibrary.org/obo/MONDO_0013433,risk,Primary sclerosing cholangitis,Increased T and B cells
primary sclerosing cholangitis,http://purl.obolibrary.org/obo/MONDO_0013433,risk,Primary sclerosing cholangitis,Intestinal immune tolerance and Tregs
primary sclerosing cholangitis,http://purl.obolibrary.org/obo/MONDO_0013433,risk,Primary sclerosing cholangitis,MHC class II antigen binding
primary sclerosing cholangitis,http://purl.obolibrary.org/obo/MONDO_0013433,risk,Primary sclerosing cholangitis,NF-kB signaling in infection
primary sclerosing cholangitis,http://purl.obolibrary.org/obo/MONDO_0013433,risk,Primary sclerosing cholangitis,PD-1 signaling and MHC II
primary sclerosing cholangitis,http://purl.obolibrary.org/obo/MONDO_0013433,risk,Primary sclerosing cholangitis,Regulatory T cell differentiation
primary sclerosing cholangitis,http://purl.obolibrary.org/obo/MONDO_0013433,risk,Primary sclerosing cholangitis,T cell activation with IFN-γ
primary sclerosing cholangitis,http://purl.obolibrary.org/obo/MONDO_0013433,risk,Primary sclerosing cholangitis,T cell physiology and regulation
proliferative diabetic retinopathy,http://purl.obolibrary.org/obo/MONDO_0001660,risk,Proliferative diabetic retinopathy (PDR) vs no PDR acct DoD-GC,Absent Mesoderm Absent Mesoderm
proliferative diabetic retinopathy,http://purl.obolibrary.org/obo/MONDO_0001660,risk,Proliferative diabetic retinopathy (PDR) vs no PDR acct DoD-GC,Adipocyte Differentiation
proliferative diabetic retinopathy,http://purl.obolibrary.org/obo/MONDO_0001660,risk,Proliferative diabetic retinopathy (PDR) vs no PDR acct DoD-GC,Skeletal Development
proliferative diabetic retinopathy,http://purl.obolibrary.org/obo/MONDO_0001660,risk,Proliferative diabetic retinopathy vs no DR,Adipocyte Differentiation
prostate carcinoma,http://purl.obolibrary.org/obo/MONDO_0005159,diagnostic,prostate carcinoma,Androgen Responsive Prostate
prostate carcinoma,http://purl.obolibrary.org/obo/MONDO_0005159,diagnostic,prostate carcinoma,Breast-Stomach Expression Shifts
prostate carcinoma,http://purl.obolibrary.org/obo/MONDO_0005159,diagnostic,prostate carcinoma,Developmental Abnormalities and TP53 Methylation
prostate carcinoma,http://purl.obolibrary.org/obo/MONDO_0005159,diagnostic,prostate carcinoma,Prostate Spermatogenesis Program
prostate carcinoma,http://purl.obolibrary.org/obo/MONDO_0005159,diagnostic,prostate carcinoma,Prostate Up And Metabolic Transport
prostate carcinoma,http://purl.obolibrary.org/obo/MONDO_0005159,diagnostic,prostate carcinoma,Prostate Up With Ketone Down
prostate carcinoma,http://purl.obolibrary.org/obo/MONDO_0005159,diagnostic,prostate carcinoma,Prostate Upregulated Markers
prostate carcinoma,http://purl.obolibrary.org/obo/MONDO_0005159,risk,prostate carcinoma,Androgen Responsive Prostate
prostate carcinoma,http://purl.obolibrary.org/obo/MONDO_0005159,risk,prostate carcinoma,Breast-Stomach Expression Shifts
prostate carcinoma,http://purl.obolibrary.org/obo/MONDO_0005159,risk,prostate carcinoma,Developmental Abnormalities and TP53 Methylation
prostate carcinoma,http://purl.obolibrary.org/obo/MONDO_0005159,risk,prostate carcinoma,Prostate Spermatogenesis Program
prostate carcinoma,http://purl.obolibrary.org/obo/MONDO_0005159,risk,prostate carcinoma,Prostate Up And Metabolic Transport
prostate carcinoma,http://purl.obolibrary.org/obo/MONDO_0005159,risk,prostate carcinoma,Prostate Up With Ketone Down
prostate carcinoma,http://purl.obolibrary.org/obo/MONDO_0005159,risk,prostate carcinoma,Prostate Upregulated Markers
psoriasis,http://purl.obolibrary.org/obo/MONDO_0005083,prognostic,psoriasis,Abnormal T cell subpopulations
psoriasis,http://purl.obolibrary.org/obo/MONDO_0005083,prognostic,psoriasis,Allograft rejection and CD4 differentiation
psoriasis,http://purl.obolibrary.org/obo/MONDO_0005083,prognostic,psoriasis,Allograft rejection and HLA molecules
psoriasis,http://purl.obolibrary.org/obo/MONDO_0005083,prognostic,psoriasis,Allograft rejection and immune receptors
psoriasis,http://purl.obolibrary.org/obo/MONDO_0005083,prognostic,Psoriasis,Allograft rejection and inflammatory signals
psoriasis,http://purl.obolibrary.org/obo/MONDO_0005083,prognostic,psoriasis,Allograft rejection and interleukin signaling
psoriasis,http://purl.obolibrary.org/obo/MONDO_0005083,prognostic,Psoriasis,Autoimmune gland inflammation and cytokines
psoriasis,http://purl.obolibrary.org/obo/MONDO_0005083,prognostic,Psoriasis,Autoimmune inflammation and regulation
psoriasis,http://purl.obolibrary.org/obo/MONDO_0005083,prognostic,Psoriasis,B cell activation and antibodies
psoriasis,http://purl.obolibrary.org/obo/MONDO_0005083,prognostic,Psoriasis,B cell expansion and autoimmunity
psoriasis,http://purl.obolibrary.org/obo/MONDO_0005083,prognostic,psoriasis,Bowel inflammation and asthma signaling
psoriasis,http://purl.obolibrary.org/obo/MONDO_0005083,prognostic,Psoriasis,Cytokine production regulation and signaling
psoriasis,http://purl.obolibrary.org/obo/MONDO_0005083,prognostic,Psoriasis,Cytokine regulation of IL-17
psoriasis,http://purl.obolibrary.org/obo/MONDO_0005083,prognostic,psoriasis,Cytokine Signaling
psoriasis,http://purl.obolibrary.org/obo/MONDO_0005083,prognostic,Psoriasis,Cytokine signaling and chemotaxis
psoriasis,http://purl.obolibrary.org/obo/MONDO_0005083,prognostic,Psoriasis,Cytokine signaling and JAK-STAT
psoriasis,http://purl.obolibrary.org/obo/MONDO_0005083,prognostic,Psoriasis,Cytokines and inflammatory signaling
psoriasis,http://purl.obolibrary.org/obo/MONDO_0005083,prognostic,psoriasis,Decreased antibodies and immune regulators
psoriasis,http://purl.obolibrary.org/obo/MONDO_0005083,prognostic,psoriasis,IL-12/IL-23 signaling and T cells
psoriasis,http://purl.obolibrary.org/obo/MONDO_0005083,prognostic,Psoriasis,Immune cells across tissues
psoriasis,http://purl.obolibrary.org/obo/MONDO_0005083,prognostic,Psoriasis,Immune signaling and dendritic cells
psoriasis,http://purl.obolibrary.org/obo/MONDO_0005083,prognostic,Psoriasis,Immune system physiology and regulation
psoriasis,http://purl.obolibrary.org/obo/MONDO_0005083,prognostic,psoriasis,Increased immunoglobulins and T cells
psoriasis,http://purl.obolibrary.org/obo/MONDO_0005083,prognostic,psoriasis,Kinase and transcription factor regulators
psoriasis,http://purl.obolibrary.org/obo/MONDO_0005083,prognostic,psoriasis,Lung inflammation and innate signaling
psoriasis,http://purl.obolibrary.org/obo/MONDO_0005083,prognostic,psoriasis,MHC and PD-1 signaling
psoriasis,http://purl.obolibrary.org/obo/MONDO_0005083,prognostic,Psoriasis,MHC complex and immune regulation
psoriasis,http://purl.obolibrary.org/obo/MONDO_0005083,prognostic,Psoriasis,MHC II antigen presentation
psoriasis,http://purl.obolibrary.org/obo/MONDO_0005083,prognostic,psoriasis,MHC proteins and antigen presentation
psoriasis,http://purl.obolibrary.org/obo/MONDO_0005083,prognostic,Psoriasis,Myeloid expansion and hematopoiesis
psoriasis,http://purl.obolibrary.org/obo/MONDO_0005083,prognostic,Psoriasis,NF-kB and lymphoid tissue abnormalities
psoriasis,http://purl.obolibrary.org/obo/MONDO_0005083,prognostic,Psoriasis,NF-kB signaling and infection
psoriasis,http://purl.obolibrary.org/obo/MONDO_0005083,prognostic,Psoriasis,NF-kB signaling in DCs
psoriasis,http://purl.obolibrary.org/obo/MONDO_0005083,prognostic,psoriasis,Parasite susceptibility and IL6 signaling
psoriasis,http://purl.obolibrary.org/obo/MONDO_0005083,prognostic,psoriasis,Parasitic susceptibility with Th1 bias
psoriasis,http://purl.obolibrary.org/obo/MONDO_0005083,prognostic,Psoriasis,Systemic lupus markers and antibodies
psoriasis,http://purl.obolibrary.org/obo/MONDO_0005083,prognostic,Psoriasis,T and B cell signaling
psoriasis,http://purl.obolibrary.org/obo/MONDO_0005083,prognostic,psoriasis,T cell activation and differentiation
psoriasis,http://purl.obolibrary.org/obo/MONDO_0005083,prognostic,Psoriasis,T cell activation and differentiation
psoriasis,http://purl.obolibrary.org/obo/MONDO_0005083,prognostic,Psoriasis,T cell costimulation and rejection
psoriasis,http://purl.obolibrary.org/obo/MONDO_0005083,prognostic,Psoriasis,T cell differentiation regulators
psoriasis,http://purl.obolibrary.org/obo/MONDO_0005083,prognostic,Psoriasis,T cell proliferation and activation
psoriasis,http://purl.obolibrary.org/obo/MONDO_0005083,prognostic,psoriasis,Th1/Th2 and IL-12 signaling
psoriasis,http://purl.obolibrary.org/obo/MONDO_0005083,prognostic,Psoriasis,Th1/Th2 and immune signaling
psoriasis,http://purl.obolibrary.org/obo/MONDO_0005083,prognostic,Psoriasis,Th17 differentiation and IL-17 production
psoriasis,http://purl.obolibrary.org/obo/MONDO_0005083,prognostic,Psoriasis,Th2 responses and infection risk
psoriasis,http://purl.obolibrary.org/obo/MONDO_0005083,prognostic,Psoriasis,Thymic T cell differentiation
psoriasis,http://purl.obolibrary.org/obo/MONDO_0005083,prognostic,psoriasis vulgaris,Lymphocyte Expression Program
psoriasis,http://purl.obolibrary.org/obo/MONDO_0005083,prognostic,psoriasis vulgaris,T Helper 17 Response
psoriasis,http://purl.obolibrary.org/obo/MONDO_0005083,risk,psoriasis,Abnormal T cell subpopulations
psoriasis,http://purl.obolibrary.org/obo/MONDO_0005083,risk,psoriasis,Allograft rejection and CD4 differentiation
psoriasis,http://purl.obolibrary.org/obo/MONDO_0005083,risk,psoriasis,Allograft rejection and HLA molecules
psoriasis,http://purl.obolibrary.org/obo/MONDO_0005083,risk,psoriasis,Allograft rejection and immune receptors
psoriasis,http://purl.obolibrary.org/obo/MONDO_0005083,risk,Psoriasis,Allograft rejection and inflammatory signals
psoriasis,http://purl.obolibrary.org/obo/MONDO_0005083,risk,psoriasis,Allograft rejection and interleukin signaling
psoriasis,http://purl.obolibrary.org/obo/MONDO_0005083,risk,Psoriasis,Autoimmune gland inflammation and cytokines
psoriasis,http://purl.obolibrary.org/obo/MONDO_0005083,risk,Psoriasis,Autoimmune inflammation and regulation
psoriasis,http://purl.obolibrary.org/obo/MONDO_0005083,risk,Psoriasis,B cell activation and antibodies
psoriasis,http://purl.obolibrary.org/obo/MONDO_0005083,risk,Psoriasis,B cell expansion and autoimmunity
psoriasis,http://purl.obolibrary.org/obo/MONDO_0005083,risk,psoriasis,Bowel inflammation and asthma signaling
psoriasis,http://purl.obolibrary.org/obo/MONDO_0005083,risk,Psoriasis,Cytokine production regulation and signaling
psoriasis,http://purl.obolibrary.org/obo/MONDO_0005083,risk,Psoriasis,Cytokine regulation of IL-17
psoriasis,http://purl.obolibrary.org/obo/MONDO_0005083,risk,psoriasis,Cytokine Signaling
psoriasis,http://purl.obolibrary.org/obo/MONDO_0005083,risk,Psoriasis,Cytokine signaling and chemotaxis
psoriasis,http://purl.obolibrary.org/obo/MONDO_0005083,risk,Psoriasis,Cytokine signaling and JAK-STAT
psoriasis,http://purl.obolibrary.org/obo/MONDO_0005083,risk,Psoriasis,Cytokines and inflammatory signaling
psoriasis,http://purl.obolibrary.org/obo/MONDO_0005083,risk,psoriasis,Decreased antibodies and immune regulators
psoriasis,http://purl.obolibrary.org/obo/MONDO_0005083,risk,psoriasis,IL-12/IL-23 signaling and T cells
psoriasis,http://purl.obolibrary.org/obo/MONDO_0005083,risk,Psoriasis,Immune cells across tissues
psoriasis,http://purl.obolibrary.org/obo/MONDO_0005083,risk,Psoriasis,Immune signaling and dendritic cells
psoriasis,http://purl.obolibrary.org/obo/MONDO_0005083,risk,Psoriasis,Immune system physiology and regulation
psoriasis,http://purl.obolibrary.org/obo/MONDO_0005083,risk,psoriasis,Increased immunoglobulins and T cells
psoriasis,http://purl.obolibrary.org/obo/MONDO_0005083,risk,psoriasis,Kinase and transcription factor regulators
psoriasis,http://purl.obolibrary.org/obo/MONDO_0005083,risk,psoriasis,Lung inflammation and innate signaling
psoriasis,http://purl.obolibrary.org/obo/MONDO_0005083,risk,psoriasis,MHC and PD-1 signaling
psoriasis,http://purl.obolibrary.org/obo/MONDO_0005083,risk,Psoriasis,MHC complex and immune regulation
psoriasis,http://purl.obolibrary.org/obo/MONDO_0005083,risk,Psoriasis,MHC II antigen presentation
psoriasis,http://purl.obolibrary.org/obo/MONDO_0005083,risk,psoriasis,MHC proteins and antigen presentation
psoriasis,http://purl.obolibrary.org/obo/MONDO_0005083,risk,Psoriasis,Myeloid expansion and hematopoiesis
psoriasis,http://purl.obolibrary.org/obo/MONDO_0005083,risk,Psoriasis,NF-kB and lymphoid tissue abnormalities
psoriasis,http://purl.obolibrary.org/obo/MONDO_0005083,risk,Psoriasis,NF-kB signaling and infection
psoriasis,http://purl.obolibrary.org/obo/MONDO_0005083,risk,Psoriasis,NF-kB signaling in DCs
psoriasis,http://purl.obolibrary.org/obo/MONDO_0005083,risk,psoriasis,Parasite susceptibility and IL6 signaling
psoriasis,http://purl.obolibrary.org/obo/MONDO_0005083,risk,psoriasis,Parasitic susceptibility with Th1 bias
psoriasis,http://purl.obolibrary.org/obo/MONDO_0005083,risk,Psoriasis,Systemic lupus markers and antibodies
psoriasis,http://purl.obolibrary.org/obo/MONDO_0005083,risk,Psoriasis,T and B cell signaling
psoriasis,http://purl.obolibrary.org/obo/MONDO_0005083,risk,Psoriasis,T cell activation and differentiation
psoriasis,http://purl.obolibrary.org/obo/MONDO_0005083,risk,psoriasis,T cell activation and differentiation
psoriasis,http://purl.obolibrary.org/obo/MONDO_0005083,risk,Psoriasis,T cell costimulation and rejection
psoriasis,http://purl.obolibrary.org/obo/MONDO_0005083,risk,Psoriasis,T cell differentiation regulators
psoriasis,http://purl.obolibrary.org/obo/MONDO_0005083,risk,Psoriasis,T cell proliferation and activation
psoriasis,http://purl.obolibrary.org/obo/MONDO_0005083,risk,psoriasis,Th1/Th2 and IL-12 signaling
psoriasis,http://purl.obolibrary.org/obo/MONDO_0005083,risk,Psoriasis,Th1/Th2 and immune signaling
psoriasis,http://purl.obolibrary.org/obo/MONDO_0005083,risk,Psoriasis,Th17 differentiation and IL-17 production
psoriasis,http://purl.obolibrary.org/obo/MONDO_0005083,risk,Psoriasis,Th2 responses and infection risk
psoriasis,http://purl.obolibrary.org/obo/MONDO_0005083,risk,Psoriasis,Thymic T cell differentiation
psoriasis,http://purl.obolibrary.org/obo/MONDO_0005083,risk,psoriasis vulgaris,Lymphocyte Expression Program
psoriasis,http://purl.obolibrary.org/obo/MONDO_0005083,risk,psoriasis vulgaris,T Helper 17 Response
psoriatic arthritis,http://purl.obolibrary.org/obo/MONDO_0011849,diagnostic,psoriatic arthritis,Adaptive immunity and antiviral defense
psoriatic arthritis,http://purl.obolibrary.org/obo/MONDO_0011849,diagnostic,psoriatic arthritis,Adaptive immunity and germinal centers
psoriatic arthritis,http://purl.obolibrary.org/obo/MONDO_0011849,diagnostic,psoriatic arthritis,Elevated immunoglobulins and B cells
psoriatic arthritis,http://purl.obolibrary.org/obo/MONDO_0011849,diagnostic,psoriatic arthritis,Regulation of T helper differentiation
psoriatic arthritis,http://purl.obolibrary.org/obo/MONDO_0011849,diagnostic,psoriatic arthritis,Th17 IL-23 signaling and IFN-I
psoriatic arthritis,http://purl.obolibrary.org/obo/MONDO_0011849,risk,psoriatic arthritis,Adaptive immunity and antiviral defense
psoriatic arthritis,http://purl.obolibrary.org/obo/MONDO_0011849,risk,psoriatic arthritis,Adaptive immunity and germinal centers
psoriatic arthritis,http://purl.obolibrary.org/obo/MONDO_0011849,risk,psoriatic arthritis,Elevated immunoglobulins and B cells
psoriatic arthritis,http://purl.obolibrary.org/obo/MONDO_0011849,risk,psoriatic arthritis,Regulation of T helper differentiation
psoriatic arthritis,http://purl.obolibrary.org/obo/MONDO_0011849,risk,psoriatic arthritis,Th17 IL-23 signaling and IFN-I
PTEN hamartoma tumor syndrome,http://purl.obolibrary.org/obo/MONDO_0017623,diagnostic,PTEN hamartoma tumor syndrome,Growth signaling and AKT pathways
PTEN hamartoma tumor syndrome,http://purl.obolibrary.org/obo/MONDO_0017623,diagnostic,PTEN hamartoma tumor syndrome,Hypoxia and cancer predisposition genes
PTEN hamartoma tumor syndrome,http://purl.obolibrary.org/obo/MONDO_0017623,diagnostic,PTEN hamartoma tumor syndrome,Hypoxia and mitochondrial energy production
PTEN hamartoma tumor syndrome,http://purl.obolibrary.org/obo/MONDO_0017623,diagnostic,PTEN hamartoma tumor syndrome,Hypoxia-related miRNA signaling genes
PTEN hamartoma tumor syndrome,http://purl.obolibrary.org/obo/MONDO_0017623,diagnostic,PTEN hamartoma tumor syndrome,RTK signaling and PI3K pathway
PTEN hamartoma tumor syndrome,http://purl.obolibrary.org/obo/MONDO_0017623,risk,PTEN hamartoma tumor syndrome,Growth signaling and AKT pathways
PTEN hamartoma tumor syndrome,http://purl.obolibrary.org/obo/MONDO_0017623,risk,PTEN hamartoma tumor syndrome,Hypoxia and cancer predisposition genes
PTEN hamartoma tumor syndrome,http://purl.obolibrary.org/obo/MONDO_0017623,risk,PTEN hamartoma tumor syndrome,Hypoxia and mitochondrial energy production
PTEN hamartoma tumor syndrome,http://purl.obolibrary.org/obo/MONDO_0017623,risk,PTEN hamartoma tumor syndrome,Hypoxia-related miRNA signaling genes
PTEN hamartoma tumor syndrome,http://purl.obolibrary.org/obo/MONDO_0017623,risk,PTEN hamartoma tumor syndrome,RTK signaling and PI3K pathway
pyruvate dehydrogenase deficiency,http://purl.obolibrary.org/obo/MONDO_0019169,diagnostic,Pyruvate dehydrogenase deficiency,Growth Factor Signaling
pyruvate dehydrogenase deficiency,http://purl.obolibrary.org/obo/MONDO_0019169,diagnostic,Pyruvate dehydrogenase deficiency,Mitochondrial Respiration and ETC
pyruvate dehydrogenase deficiency,http://purl.obolibrary.org/obo/MONDO_0019169,diagnostic,Pyruvate dehydrogenase deficiency,PDH-TCA Dysregulation in Heart
pyruvate dehydrogenase deficiency,http://purl.obolibrary.org/obo/MONDO_0019169,diagnostic,Pyruvate dehydrogenase deficiency,Pyruvate Metabolism and PDH Regulation
rectal cancer,http://purl.obolibrary.org/obo/MONDO_0006519,diagnostic,Rectal cancer,Growth Factor Signaling
rectal cancer,http://purl.obolibrary.org/obo/MONDO_0006519,prognostic,Rectal cancer,Growth Factor Signaling
rectal cancer,http://purl.obolibrary.org/obo/MONDO_0006519,risk,Rectal cancer,Growth Factor Signaling
renal carcinoma,http://purl.obolibrary.org/obo/MONDO_0005206,diagnostic,renal carcinoma,Cancer signaling and cell cycle
renal carcinoma,http://purl.obolibrary.org/obo/MONDO_0005206,diagnostic,renal carcinoma,DNA damage and p53 signaling
renal carcinoma,http://purl.obolibrary.org/obo/MONDO_0005206,diagnostic,renal carcinoma,DNA damage response and p53
renal carcinoma,http://purl.obolibrary.org/obo/MONDO_0005206,diagnostic,renal carcinoma,G1/S transition and p53 control
renal carcinoma,http://purl.obolibrary.org/obo/MONDO_0005206,diagnostic,renal carcinoma,P53 pathway and telomerase
renal carcinoma,http://purl.obolibrary.org/obo/MONDO_0005206,diagnostic,renal carcinoma,P53 signaling and DNA damage
renal carcinoma,http://purl.obolibrary.org/obo/MONDO_0005206,diagnostic,renal carcinoma,TP53 network and DNA damage
renal carcinoma,http://purl.obolibrary.org/obo/MONDO_0005206,diagnostic,renal carcinoma,TP53 regulates G2 arrest
renal carcinoma,http://purl.obolibrary.org/obo/MONDO_0005206,risk,renal carcinoma,Cancer signaling and cell cycle
renal carcinoma,http://purl.obolibrary.org/obo/MONDO_0005206,risk,renal carcinoma,DNA damage and p53 signaling
renal carcinoma,http://purl.obolibrary.org/obo/MONDO_0005206,risk,renal carcinoma,DNA damage response and p53
renal carcinoma,http://purl.obolibrary.org/obo/MONDO_0005206,risk,renal carcinoma,G1/S transition and p53 control
renal carcinoma,http://purl.obolibrary.org/obo/MONDO_0005206,risk,renal carcinoma,P53 pathway and telomerase
renal carcinoma,http://purl.obolibrary.org/obo/MONDO_0005206,risk,renal carcinoma,P53 signaling and DNA damage
renal carcinoma,http://purl.obolibrary.org/obo/MONDO_0005206,risk,renal carcinoma,TP53 network and DNA damage
renal carcinoma,http://purl.obolibrary.org/obo/MONDO_0005206,risk,renal carcinoma,TP53 regulates G2 arrest
renal cell carcinoma,http://purl.obolibrary.org/obo/MONDO_0005086,diagnostic,Renal cell carcinoma,Melanocyte pigmentation gene set
renal cell carcinoma,http://purl.obolibrary.org/obo/MONDO_0005086,diagnostic,Renal cell carcinoma,Papillary RCC transcription factors
renal cell carcinoma,http://purl.obolibrary.org/obo/MONDO_0005086,diagnostic,Renal cell carcinoma,Renal carcinoma pathways and genes
renal cell carcinoma,http://purl.obolibrary.org/obo/MONDO_0005086,prognostic,Renal cell carcinoma,Melanocyte pigmentation gene set
renal cell carcinoma,http://purl.obolibrary.org/obo/MONDO_0005086,prognostic,Renal cell carcinoma,Papillary RCC transcription factors
renal cell carcinoma,http://purl.obolibrary.org/obo/MONDO_0005086,prognostic,Renal cell carcinoma,Renal carcinoma pathways and genes
renal cell carcinoma,http://purl.obolibrary.org/obo/MONDO_0005086,risk,Renal cell carcinoma,Melanocyte pigmentation gene set
renal cell carcinoma,http://purl.obolibrary.org/obo/MONDO_0005086,risk,Renal cell carcinoma,Papillary RCC transcription factors
renal cell carcinoma,http://purl.obolibrary.org/obo/MONDO_0005086,risk,Renal cell carcinoma,Renal carcinoma pathways and genes
retinitis pigmentosa,http://purl.obolibrary.org/obo/MONDO_0019200,diagnostic,Retinitis pigmentosa,BBSome cargo trafficking
retinitis pigmentosa,http://purl.obolibrary.org/obo/MONDO_0019200,diagnostic,Retinitis pigmentosa,Ciliary basal body components
retinitis pigmentosa,http://purl.obolibrary.org/obo/MONDO_0019200,diagnostic,Retinitis pigmentosa,ERG and photoreceptor abnormalities
retinitis pigmentosa,http://purl.obolibrary.org/obo/MONDO_0019200,diagnostic,Retinitis pigmentosa,Fetal photoreceptor development
retinitis pigmentosa,http://purl.obolibrary.org/obo/MONDO_0019200,diagnostic,Retinitis pigmentosa,Intraflagellar transport genes
retinitis pigmentosa,http://purl.obolibrary.org/obo/MONDO_0019200,diagnostic,Retinitis pigmentosa,Photoreceptor cilium genes
retinitis pigmentosa,http://purl.obolibrary.org/obo/MONDO_0019200,diagnostic,Retinitis pigmentosa,Photoreceptor connecting cilium defects
retinitis pigmentosa,http://purl.obolibrary.org/obo/MONDO_0019200,diagnostic,Retinitis pigmentosa,Photoreceptor development and differentiation
retinitis pigmentosa,http://purl.obolibrary.org/obo/MONDO_0019200,diagnostic,Retinitis pigmentosa,Photoreceptor maintenance and stereocilia
retinitis pigmentosa,http://purl.obolibrary.org/obo/MONDO_0019200,diagnostic,Retinitis pigmentosa,Photoreceptor outer segment
retinitis pigmentosa,http://purl.obolibrary.org/obo/MONDO_0019200,diagnostic,Retinitis pigmentosa,Retina and vision genes
retinitis pigmentosa,http://purl.obolibrary.org/obo/MONDO_0019200,diagnostic,Retinitis pigmentosa,Retina degeneration features
retinitis pigmentosa,http://purl.obolibrary.org/obo/MONDO_0019200,diagnostic,Retinitis pigmentosa,Retina development and morphology
retinitis pigmentosa,http://purl.obolibrary.org/obo/MONDO_0019200,diagnostic,Retinitis pigmentosa,Retinal thinning and degeneration
retinitis pigmentosa,http://purl.obolibrary.org/obo/MONDO_0019200,diagnostic,Retinitis pigmentosa,Rod photoreceptor outer segment
retinitis pigmentosa,http://purl.obolibrary.org/obo/MONDO_0019200,diagnostic,Retinitis pigmentosa,Spliceosome components
retinitis pigmentosa,http://purl.obolibrary.org/obo/MONDO_0019200,diagnostic,Retinitis pigmentosa,Spliceosome-related retinal degeneration
retinitis pigmentosa,http://purl.obolibrary.org/obo/MONDO_0019200,diagnostic,Retinitis pigmentosa,Vision and eye physiology genes
retinitis pigmentosa,http://purl.obolibrary.org/obo/MONDO_0019200,diagnostic,Retinitis pigmentosa,Visual cycle and phototransduction
rhabdomyosarcoma,http://purl.obolibrary.org/obo/MONDO_0005212,prognostic,Rhabdomyosarcoma,Cancer Phenotypes and Oncogenic Genes
rhabdomyosarcoma,http://purl.obolibrary.org/obo/MONDO_0005212,prognostic,Rhabdomyosarcoma,Musculoskeletal and Craniofacial Development Genes
rhabdomyosarcoma,http://purl.obolibrary.org/obo/MONDO_0005212,risk,Rhabdomyosarcoma,Cancer Phenotypes and Oncogenic Genes
rhabdomyosarcoma,http://purl.obolibrary.org/obo/MONDO_0005212,risk,Rhabdomyosarcoma,Musculoskeletal and Craniofacial Development Genes
sideroblastic anemia,http://purl.obolibrary.org/obo/MONDO_0015194,diagnostic,Sideroblastic anemia,Erythroid Expression Program
situs inversus,http://purl.obolibrary.org/obo/MONDO_0010029,diagnostic,Situs inversus totalis,Airway Axoneme Program
situs inversus,http://purl.obolibrary.org/obo/MONDO_0010029,diagnostic,Situs inversus totalis,Ciliary Plasm
situs inversus,http://purl.obolibrary.org/obo/MONDO_0010029,diagnostic,Situs inversus totalis,Ciliary Symmetry Program
situs inversus,http://purl.obolibrary.org/obo/MONDO_0010029,diagnostic,Situs inversus totalis,Embryonic Heart Tube Morphogenesis
situs inversus,http://purl.obolibrary.org/obo/MONDO_0010029,diagnostic,Situs inversus totalis,Motile Ciliopathy
situs inversus,http://purl.obolibrary.org/obo/MONDO_0010029,diagnostic,Situs inversus totalis,Outflow Dextrocardia
situs inversus,http://purl.obolibrary.org/obo/MONDO_0010029,diagnostic,Situs inversus totalis,Right Sided Stomach Isomerism
situs inversus,http://purl.obolibrary.org/obo/MONDO_0010029,diagnostic,Situs inversus totalis,Situs Inversus
squamous cell carcinoma,http://purl.obolibrary.org/obo/MONDO_0005096,risk,squamous cell carcinoma,Pigmentation and adipose-related genes
squamous cell carcinoma,http://purl.obolibrary.org/obo/MONDO_0005096,risk,squamous cell carcinoma,Pigmentation genes and immune traits
squamous cell carcinoma,http://purl.obolibrary.org/obo/MONDO_0005096,risk,squamous cell carcinoma,Pigmentation with metabolism genes
systemic lupus erythematosus,http://purl.obolibrary.org/obo/MONDO_0007915,diagnostic,systemic lupus erythematosus,Abnormal CD8 T cell differentiation
systemic lupus erythematosus,http://purl.obolibrary.org/obo/MONDO_0007915,diagnostic,systemic lupus erythematosus,Abnormal immune system physiology
systemic lupus erythematosus,http://purl.obolibrary.org/obo/MONDO_0007915,diagnostic,systemic lupus erythematosus,Activated T cells interferon signaling
systemic lupus erythematosus,http://purl.obolibrary.org/obo/MONDO_0007915,diagnostic,systemic lupus erythematosus,Allograft rejection and antigen binding
systemic lupus erythematosus,http://purl.obolibrary.org/obo/MONDO_0007915,diagnostic,systemic lupus erythematosus,Allograft rejection and IL-12 signaling
systemic lupus erythematosus,http://purl.obolibrary.org/obo/MONDO_0007915,diagnostic,systemic lupus erythematosus,Allograft rejection and immune signaling
systemic lupus erythematosus,http://purl.obolibrary.org/obo/MONDO_0007915,diagnostic,Systemic lupus erythematosus,Autoantibodies and B cell increase
systemic lupus erythematosus,http://purl.obolibrary.org/obo/MONDO_0007915,diagnostic,Systemic lupus erythematosus,B cell activation and antibodies
systemic lupus erythematosus,http://purl.obolibrary.org/obo/MONDO_0007915,diagnostic,Systemic lupus erythematosus,B cell and autoantibody amplification
systemic lupus erythematosus,http://purl.obolibrary.org/obo/MONDO_0007915,diagnostic,Systemic lupus erythematosus,B cell inhibition and signaling
systemic lupus erythematosus,http://purl.obolibrary.org/obo/MONDO_0007915,diagnostic,Systemic lupus erythematosus,B cell mediated adaptive immunity
systemic lupus erythematosus,http://purl.obolibrary.org/obo/MONDO_0007915,diagnostic,Systemic lupus erythematosus,B Cell Receptor Signaling Up
systemic lupus erythematosus,http://purl.obolibrary.org/obo/MONDO_0007915,diagnostic,Systemic lupus erythematosus,B cell-driven autoimmune risk
systemic lupus erythematosus,http://purl.obolibrary.org/obo/MONDO_0007915,diagnostic,Systemic lupus erythematosus,"BCR signaling, reduced B cells"
systemic lupus erythematosus,http://purl.obolibrary.org/obo/MONDO_0007915,diagnostic,systemic lupus erythematosus,EBV-transformed lymphocytes coexpression IRF genes
systemic lupus erythematosus,http://purl.obolibrary.org/obo/MONDO_0007915,diagnostic,systemic lupus erythematosus,EBV-transformed lymphocytes interferon signaling
systemic lupus erythematosus,http://purl.obolibrary.org/obo/MONDO_0007915,diagnostic,systemic lupus erythematosus,Elevated B cells and plasma
systemic lupus erythematosus,http://purl.obolibrary.org/obo/MONDO_0007915,diagnostic,systemic lupus erythematosus,ER luminal membrane HLA proteins
systemic lupus erythematosus,http://purl.obolibrary.org/obo/MONDO_0007915,diagnostic,Systemic lupus erythematosus,Expansion of immune cell numbers
systemic lupus erythematosus,http://purl.obolibrary.org/obo/MONDO_0007915,diagnostic,systemic lupus erythematosus,GPCR coexpression with FAM26F
systemic lupus erythematosus,http://purl.obolibrary.org/obo/MONDO_0007915,diagnostic,systemic lupus erythematosus,GPCR coexpression with P2RY10
systemic lupus erythematosus,http://purl.obolibrary.org/obo/MONDO_0007915,diagnostic,Systemic lupus erythematosus,IgG subtypes with inflammation
systemic lupus erythematosus,http://purl.obolibrary.org/obo/MONDO_0007915,diagnostic,systemic lupus erythematosus,Increased transitional B cell number
systemic lupus erythematosus,http://purl.obolibrary.org/obo/MONDO_0007915,diagnostic,systemic lupus erythematosus,Increased transitional B cells
systemic lupus erythematosus,http://purl.obolibrary.org/obo/MONDO_0007915,diagnostic,systemic lupus erythematosus,Interferon signaling in T cells
systemic lupus erythematosus,http://purl.obolibrary.org/obo/MONDO_0007915,diagnostic,systemic lupus erythematosus,Interferon signaling with miRNA roles
systemic lupus erythematosus,http://purl.obolibrary.org/obo/MONDO_0007915,diagnostic,systemic lupus erythematosus,Interferon signaling with OAS genes
systemic lupus erythematosus,http://purl.obolibrary.org/obo/MONDO_0007915,diagnostic,Systemic lupus erythematosus,Leishmania-related T cell changes
systemic lupus erythematosus,http://purl.obolibrary.org/obo/MONDO_0007915,diagnostic,Systemic lupus erythematosus,MAP3K14 and B cell differentiation
systemic lupus erythematosus,http://purl.obolibrary.org/obo/MONDO_0007915,diagnostic,systemic lupus erythematosus,MAP3K14 and P2RY10 coexpression
systemic lupus erythematosus,http://purl.obolibrary.org/obo/MONDO_0007915,diagnostic,systemic lupus erythematosus,MHC class II antigen presentation
systemic lupus erythematosus,http://purl.obolibrary.org/obo/MONDO_0007915,diagnostic,Systemic lupus erythematosus,miRNA and TLR signaling
systemic lupus erythematosus,http://purl.obolibrary.org/obo/MONDO_0007915,diagnostic,systemic lupus erythematosus,P2RY10 coexpression across tissues
systemic lupus erythematosus,http://purl.obolibrary.org/obo/MONDO_0007915,diagnostic,systemic lupus erythematosus,P2RY10 coexpression in immune cells
systemic lupus erythematosus,http://purl.obolibrary.org/obo/MONDO_0007915,diagnostic,Systemic lupus erythematosus,"Plasma cell expansion, tolerance disruption"
systemic lupus erythematosus,http://purl.obolibrary.org/obo/MONDO_0007915,diagnostic,Systemic lupus erythematosus,SLE autoantibodies and nephritis
systemic lupus erythematosus,http://purl.obolibrary.org/obo/MONDO_0007915,diagnostic,Systemic lupus erythematosus,SLE risk with autoimmunity markers
systemic lupus erythematosus,http://purl.obolibrary.org/obo/MONDO_0007915,diagnostic,systemic lupus erythematosus,SLE with B cell activation
systemic lupus erythematosus,http://purl.obolibrary.org/obo/MONDO_0007915,diagnostic,systemic lupus erythematosus,SLE with memory T cells
systemic lupus erythematosus,http://purl.obolibrary.org/obo/MONDO_0007915,diagnostic,Systemic lupus erythematosus,Systemic lupus and complement genes
systemic lupus erythematosus,http://purl.obolibrary.org/obo/MONDO_0007915,diagnostic,Systemic lupus erythematosus,Systemic lupus and transplant genes
systemic lupus erythematosus,http://purl.obolibrary.org/obo/MONDO_0007915,diagnostic,Systemic lupus erythematosus,T cell and antibody dysregulation
systemic lupus erythematosus,http://purl.obolibrary.org/obo/MONDO_0007915,diagnostic,systemic lupus erythematosus,Thyroid disease and IFN signaling
systemic lupus erythematosus,http://purl.obolibrary.org/obo/MONDO_0007915,diagnostic,systemic lupus erythematosus,TLR signaling and IFN induction
systemic lupus erythematosus,http://purl.obolibrary.org/obo/MONDO_0007915,diagnostic,systemic lupus erythematosus,TLR signaling and NF-kB activation
systemic lupus erythematosus,http://purl.obolibrary.org/obo/MONDO_0007915,diagnostic,Systemic lupus erythematosus,Vascular inflammation with Tregs
systemic lupus erythematosus,http://purl.obolibrary.org/obo/MONDO_0007915,diagnostic,Systemic lupus erythematosus (SLE),Antigen presentation HLA class II
systemic lupus erythematosus,http://purl.obolibrary.org/obo/MONDO_0007915,diagnostic,Systemic lupus erythematosus (SLE),B cell activation and MHCII
systemic lupus erythematosus,http://purl.obolibrary.org/obo/MONDO_0007915,diagnostic,Systemic lupus erythematosus (SLE),B cell markers and CXCR4
systemic lupus erythematosus,http://purl.obolibrary.org/obo/MONDO_0007915,diagnostic,Systemic lupus erythematosus (SLE),B cell markers and MAP3K14
systemic lupus erythematosus,http://purl.obolibrary.org/obo/MONDO_0007915,diagnostic,Systemic lupus erythematosus (SLE),B cell receptor activation
systemic lupus erythematosus,http://purl.obolibrary.org/obo/MONDO_0007915,diagnostic,Systemic lupus erythematosus (SLE),B cell response to vaccine
systemic lupus erythematosus,http://purl.obolibrary.org/obo/MONDO_0007915,diagnostic,Systemic lupus erythematosus (SLE),CD40 signaling and Notch targets
systemic lupus erythematosus,http://purl.obolibrary.org/obo/MONDO_0007915,diagnostic,Systemic lupus erythematosus (SLE),Cytokine signaling via JAK-STAT
systemic lupus erythematosus,http://purl.obolibrary.org/obo/MONDO_0007915,diagnostic,Systemic lupus erythematosus (SLE),EBV-transformed B cell markers
systemic lupus erythematosus,http://purl.obolibrary.org/obo/MONDO_0007915,diagnostic,Systemic lupus erythematosus (SLE),Fetal myeloid and macrophage markers
systemic lupus erythematosus,http://purl.obolibrary.org/obo/MONDO_0007915,diagnostic,Systemic lupus erythematosus (SLE),Germinal B cell proliferation
systemic lupus erythematosus,http://purl.obolibrary.org/obo/MONDO_0007915,diagnostic,Systemic lupus erythematosus (SLE),GPCRs and adhesion in adipose
systemic lupus erythematosus,http://purl.obolibrary.org/obo/MONDO_0007915,diagnostic,Systemic lupus erythematosus (SLE),Lymphoid and T cell markers
systemic lupus erythematosus,http://purl.obolibrary.org/obo/MONDO_0007915,diagnostic,Systemic lupus erythematosus (SLE),MAP3K14 and P2RY10 coexpression
systemic lupus erythematosus,http://purl.obolibrary.org/obo/MONDO_0007915,diagnostic,Systemic lupus erythematosus (SLE),MHC class I and B2M
systemic lupus erythematosus,http://purl.obolibrary.org/obo/MONDO_0007915,diagnostic,Systemic lupus erythematosus (SLE),NK and T cell activation
systemic lupus erythematosus,http://purl.obolibrary.org/obo/MONDO_0007915,diagnostic,Systemic lupus erythematosus (SLE),P2RY10 coexpression across tissues
systemic lupus erythematosus,http://purl.obolibrary.org/obo/MONDO_0007915,diagnostic,Systemic lupus erythematosus (SLE),STK17A and MAP3K14 coexpression
systemic lupus erythematosus,http://purl.obolibrary.org/obo/MONDO_0007915,diagnostic,Systemic lupus erythematosus (SLE),Systemic lupus erythematosus markers
systemic lupus erythematosus,http://purl.obolibrary.org/obo/MONDO_0007915,diagnostic,Systemic lupus erythematosus (SLE),T cell costimulation and CTLA4
systemic lupus erythematosus,http://purl.obolibrary.org/obo/MONDO_0007915,diagnostic,Systemic lupus erythematosus (SLE),T cell differentiation abnormalities
systemic lupus erythematosus,http://purl.obolibrary.org/obo/MONDO_0007915,diagnostic,Systemic lupus erythematosus (SLE),T cell differentiation and activation
systemic lupus erythematosus,http://purl.obolibrary.org/obo/MONDO_0007915,diagnostic,Systemic lupus erythematosus (SLE),TCR and BCR signaling
systemic lupus erythematosus,http://purl.obolibrary.org/obo/MONDO_0007915,diagnostic,Systemic lupus erythematosus (SLE),Thyroid-adipose B cell markers
systemic lupus erythematosus,http://purl.obolibrary.org/obo/MONDO_0007915,risk,systemic lupus erythematosus,Abnormal CD8 T cell differentiation
systemic lupus erythematosus,http://purl.obolibrary.org/obo/MONDO_0007915,risk,systemic lupus erythematosus,Abnormal immune system physiology
systemic lupus erythematosus,http://purl.obolibrary.org/obo/MONDO_0007915,risk,systemic lupus erythematosus,Activated T cells interferon signaling
systemic lupus erythematosus,http://purl.obolibrary.org/obo/MONDO_0007915,risk,systemic lupus erythematosus,Allograft rejection and antigen binding
systemic lupus erythematosus,http://purl.obolibrary.org/obo/MONDO_0007915,risk,systemic lupus erythematosus,Allograft rejection and IL-12 signaling
systemic lupus erythematosus,http://purl.obolibrary.org/obo/MONDO_0007915,risk,systemic lupus erythematosus,Allograft rejection and immune signaling
systemic lupus erythematosus,http://purl.obolibrary.org/obo/MONDO_0007915,risk,Systemic lupus erythematosus,Autoantibodies and B cell increase
systemic lupus erythematosus,http://purl.obolibrary.org/obo/MONDO_0007915,risk,Systemic lupus erythematosus,B cell activation and antibodies
systemic lupus erythematosus,http://purl.obolibrary.org/obo/MONDO_0007915,risk,Systemic lupus erythematosus,B cell and autoantibody amplification
systemic lupus erythematosus,http://purl.obolibrary.org/obo/MONDO_0007915,risk,Systemic lupus erythematosus,B cell inhibition and signaling
systemic lupus erythematosus,http://purl.obolibrary.org/obo/MONDO_0007915,risk,Systemic lupus erythematosus,B cell mediated adaptive immunity
systemic lupus erythematosus,http://purl.obolibrary.org/obo/MONDO_0007915,risk,Systemic lupus erythematosus,B Cell Receptor Signaling Up
systemic lupus erythematosus,http://purl.obolibrary.org/obo/MONDO_0007915,risk,Systemic lupus erythematosus,B cell-driven autoimmune risk
systemic lupus erythematosus,http://purl.obolibrary.org/obo/MONDO_0007915,risk,Systemic lupus erythematosus,"BCR signaling, reduced B cells"
systemic lupus erythematosus,http://purl.obolibrary.org/obo/MONDO_0007915,risk,systemic lupus erythematosus,EBV-transformed lymphocytes coexpression IRF genes
systemic lupus erythematosus,http://purl.obolibrary.org/obo/MONDO_0007915,risk,systemic lupus erythematosus,EBV-transformed lymphocytes interferon signaling
systemic lupus erythematosus,http://purl.obolibrary.org/obo/MONDO_0007915,risk,systemic lupus erythematosus,Elevated B cells and plasma
systemic lupus erythematosus,http://purl.obolibrary.org/obo/MONDO_0007915,risk,systemic lupus erythematosus,ER luminal membrane HLA proteins
systemic lupus erythematosus,http://purl.obolibrary.org/obo/MONDO_0007915,risk,Systemic lupus erythematosus,Expansion of immune cell numbers
systemic lupus erythematosus,http://purl.obolibrary.org/obo/MONDO_0007915,risk,systemic lupus erythematosus,GPCR coexpression with FAM26F
systemic lupus erythematosus,http://purl.obolibrary.org/obo/MONDO_0007915,risk,systemic lupus erythematosus,GPCR coexpression with P2RY10
systemic lupus erythematosus,http://purl.obolibrary.org/obo/MONDO_0007915,risk,Systemic lupus erythematosus,IgG subtypes with inflammation
systemic lupus erythematosus,http://purl.obolibrary.org/obo/MONDO_0007915,risk,systemic lupus erythematosus,Increased transitional B cell number
systemic lupus erythematosus,http://purl.obolibrary.org/obo/MONDO_0007915,risk,systemic lupus erythematosus,Increased transitional B cells
systemic lupus erythematosus,http://purl.obolibrary.org/obo/MONDO_0007915,risk,systemic lupus erythematosus,Interferon signaling in T cells
systemic lupus erythematosus,http://purl.obolibrary.org/obo/MONDO_0007915,risk,systemic lupus erythematosus,Interferon signaling with miRNA roles
systemic lupus erythematosus,http://purl.obolibrary.org/obo/MONDO_0007915,risk,systemic lupus erythematosus,Interferon signaling with OAS genes
systemic lupus erythematosus,http://purl.obolibrary.org/obo/MONDO_0007915,risk,Systemic lupus erythematosus,Leishmania-related T cell changes
systemic lupus erythematosus,http://purl.obolibrary.org/obo/MONDO_0007915,risk,Systemic lupus erythematosus,MAP3K14 and B cell differentiation
systemic lupus erythematosus,http://purl.obolibrary.org/obo/MONDO_0007915,risk,systemic lupus erythematosus,MAP3K14 and P2RY10 coexpression
systemic lupus erythematosus,http://purl.obolibrary.org/obo/MONDO_0007915,risk,systemic lupus erythematosus,MHC class II antigen presentation
systemic lupus erythematosus,http://purl.obolibrary.org/obo/MONDO_0007915,risk,Systemic lupus erythematosus,miRNA and TLR signaling
systemic lupus erythematosus,http://purl.obolibrary.org/obo/MONDO_0007915,risk,systemic lupus erythematosus,P2RY10 coexpression across tissues
systemic lupus erythematosus,http://purl.obolibrary.org/obo/MONDO_0007915,risk,systemic lupus erythematosus,P2RY10 coexpression in immune cells
systemic lupus erythematosus,http://purl.obolibrary.org/obo/MONDO_0007915,risk,Systemic lupus erythematosus,"Plasma cell expansion, tolerance disruption"
systemic lupus erythematosus,http://purl.obolibrary.org/obo/MONDO_0007915,risk,Systemic lupus erythematosus,SLE autoantibodies and nephritis
systemic lupus erythematosus,http://purl.obolibrary.org/obo/MONDO_0007915,risk,Systemic lupus erythematosus,SLE risk with autoimmunity markers
systemic lupus erythematosus,http://purl.obolibrary.org/obo/MONDO_0007915,risk,systemic lupus erythematosus,SLE with B cell activation
systemic lupus erythematosus,http://purl.obolibrary.org/obo/MONDO_0007915,risk,systemic lupus erythematosus,SLE with memory T cells
systemic lupus erythematosus,http://purl.obolibrary.org/obo/MONDO_0007915,risk,Systemic lupus erythematosus,Systemic lupus and complement genes
systemic lupus erythematosus,http://purl.obolibrary.org/obo/MONDO_0007915,risk,Systemic lupus erythematosus,Systemic lupus and transplant genes
systemic lupus erythematosus,http://purl.obolibrary.org/obo/MONDO_0007915,risk,Systemic lupus erythematosus,T cell and antibody dysregulation
systemic lupus erythematosus,http://purl.obolibrary.org/obo/MONDO_0007915,risk,systemic lupus erythematosus,Thyroid disease and IFN signaling
systemic lupus erythematosus,http://purl.obolibrary.org/obo/MONDO_0007915,risk,systemic lupus erythematosus,TLR signaling and IFN induction
systemic lupus erythematosus,http://purl.obolibrary.org/obo/MONDO_0007915,risk,systemic lupus erythematosus,TLR signaling and NF-kB activation
systemic lupus erythematosus,http://purl.obolibrary.org/obo/MONDO_0007915,risk,Systemic lupus erythematosus,Vascular inflammation with Tregs
systemic lupus erythematosus,http://purl.obolibrary.org/obo/MONDO_0007915,risk,Systemic lupus erythematosus (SLE),Antigen presentation HLA class II
systemic lupus erythematosus,http://purl.obolibrary.org/obo/MONDO_0007915,risk,Systemic lupus erythematosus (SLE),B cell activation and MHCII
systemic lupus erythematosus,http://purl.obolibrary.org/obo/MONDO_0007915,risk,Systemic lupus erythematosus (SLE),B cell markers and CXCR4
systemic lupus erythematosus,http://purl.obolibrary.org/obo/MONDO_0007915,risk,Systemic lupus erythematosus (SLE),B cell markers and MAP3K14
systemic lupus erythematosus,http://purl.obolibrary.org/obo/MONDO_0007915,risk,Systemic lupus erythematosus (SLE),B cell receptor activation
systemic lupus erythematosus,http://purl.obolibrary.org/obo/MONDO_0007915,risk,Systemic lupus erythematosus (SLE),B cell response to vaccine
systemic lupus erythematosus,http://purl.obolibrary.org/obo/MONDO_0007915,risk,Systemic lupus erythematosus (SLE),CD40 signaling and Notch targets
systemic lupus erythematosus,http://purl.obolibrary.org/obo/MONDO_0007915,risk,Systemic lupus erythematosus (SLE),Cytokine signaling via JAK-STAT
systemic lupus erythematosus,http://purl.obolibrary.org/obo/MONDO_0007915,risk,Systemic lupus erythematosus (SLE),EBV-transformed B cell markers
systemic lupus erythematosus,http://purl.obolibrary.org/obo/MONDO_0007915,risk,Systemic lupus erythematosus (SLE),Fetal myeloid and macrophage markers
systemic lupus erythematosus,http://purl.obolibrary.org/obo/MONDO_0007915,risk,Systemic lupus erythematosus (SLE),Germinal B cell proliferation
systemic lupus erythematosus,http://purl.obolibrary.org/obo/MONDO_0007915,risk,Systemic lupus erythematosus (SLE),GPCRs and adhesion in adipose
systemic lupus erythematosus,http://purl.obolibrary.org/obo/MONDO_0007915,risk,Systemic lupus erythematosus (SLE),Lymphoid and T cell markers
systemic lupus erythematosus,http://purl.obolibrary.org/obo/MONDO_0007915,risk,Systemic lupus erythematosus (SLE),MAP3K14 and P2RY10 coexpression
systemic lupus erythematosus,http://purl.obolibrary.org/obo/MONDO_0007915,risk,Systemic lupus erythematosus (SLE),MHC class I and B2M
systemic lupus erythematosus,http://purl.obolibrary.org/obo/MONDO_0007915,risk,Systemic lupus erythematosus (SLE),NK and T cell activation
systemic lupus erythematosus,http://purl.obolibrary.org/obo/MONDO_0007915,risk,Systemic lupus erythematosus (SLE),P2RY10 coexpression across tissues
systemic lupus erythematosus,http://purl.obolibrary.org/obo/MONDO_0007915,risk,Systemic lupus erythematosus (SLE),STK17A and MAP3K14 coexpression
systemic lupus erythematosus,http://purl.obolibrary.org/obo/MONDO_0007915,risk,Systemic lupus erythematosus (SLE),Systemic lupus erythematosus markers
systemic lupus erythematosus,http://purl.obolibrary.org/obo/MONDO_0007915,risk,Systemic lupus erythematosus (SLE),T cell costimulation and CTLA4
systemic lupus erythematosus,http://purl.obolibrary.org/obo/MONDO_0007915,risk,Systemic lupus erythematosus (SLE),T cell differentiation abnormalities
systemic lupus erythematosus,http://purl.obolibrary.org/obo/MONDO_0007915,risk,Systemic lupus erythematosus (SLE),T cell differentiation and activation
systemic lupus erythematosus,http://purl.obolibrary.org/obo/MONDO_0007915,risk,Systemic lupus erythematosus (SLE),TCR and BCR signaling
systemic lupus erythematosus,http://purl.obolibrary.org/obo/MONDO_0007915,risk,Systemic lupus erythematosus (SLE),Thyroid-adipose B cell markers
systemic mastocytosis,http://purl.obolibrary.org/obo/MONDO_0016586,diagnostic,Systemic mastocytosis,Abnormal granulocyte and megakaryocyte development
systemic mastocytosis,http://purl.obolibrary.org/obo/MONDO_0016586,diagnostic,Systemic mastocytosis,Abnormal myeloid and erythroid progenitors
systemic mastocytosis,http://purl.obolibrary.org/obo/MONDO_0016586,diagnostic,Systemic mastocytosis,Myelodysplastic syndrome with hematopoietic expansion
systemic mastocytosis,http://purl.obolibrary.org/obo/MONDO_0016586,diagnostic,Systemic mastocytosis,Myeloid hyperplasia with extramedullary hematopoiesis
systemic mastocytosis,http://purl.obolibrary.org/obo/MONDO_0016586,prognostic,Systemic mastocytosis,Abnormal granulocyte and megakaryocyte development
systemic mastocytosis,http://purl.obolibrary.org/obo/MONDO_0016586,prognostic,Systemic mastocytosis,Abnormal myeloid and erythroid progenitors
systemic mastocytosis,http://purl.obolibrary.org/obo/MONDO_0016586,prognostic,Systemic mastocytosis,Myelodysplastic syndrome with hematopoietic expansion
systemic mastocytosis,http://purl.obolibrary.org/obo/MONDO_0016586,prognostic,Systemic mastocytosis,Myeloid hyperplasia with extramedullary hematopoiesis
systemic mastocytosis,http://purl.obolibrary.org/obo/MONDO_0016586,risk,Systemic mastocytosis,Abnormal granulocyte and megakaryocyte development
systemic mastocytosis,http://purl.obolibrary.org/obo/MONDO_0016586,risk,Systemic mastocytosis,Abnormal myeloid and erythroid progenitors
systemic mastocytosis,http://purl.obolibrary.org/obo/MONDO_0016586,risk,Systemic mastocytosis,Myelodysplastic syndrome with hematopoietic expansion
systemic mastocytosis,http://purl.obolibrary.org/obo/MONDO_0016586,risk,Systemic mastocytosis,Myeloid hyperplasia with extramedullary hematopoiesis
systemic sclerosis,http://purl.obolibrary.org/obo/MONDO_0005100,risk,systemic scleroderma,IL-12 Signaling in T Cells
systemic sclerosis,http://purl.obolibrary.org/obo/MONDO_0005100,risk,systemic scleroderma,Regulation of Adaptive Immunity
systemic sclerosis,http://purl.obolibrary.org/obo/MONDO_0005100,risk,Systemic sclerosis,T Cell Signaling
Takayasu arteritis,http://purl.obolibrary.org/obo/MONDO_0017991,risk,Takayasu arteritis,Antigen processing and HLA genes
Takayasu arteritis,http://purl.obolibrary.org/obo/MONDO_0017991,risk,Takayasu arteritis,Immune regulation and MHC II
Takayasu arteritis,http://purl.obolibrary.org/obo/MONDO_0017991,risk,Takayasu arteritis,Negative regulation of immune response
Takayasu arteritis,http://purl.obolibrary.org/obo/MONDO_0017991,risk,Takayasu arteritis,T cell activation and cytokines
testicular germ cell tumor,http://purl.obolibrary.org/obo/MONDO_0010108,risk,Germ cell tumor of testis,Decreased Ear Pigmentation
tetralogy of fallot,http://purl.obolibrary.org/obo/MONDO_0008542,risk,Tetralogy of Fallot,Atrial and ventricular development genes
tetralogy of fallot,http://purl.obolibrary.org/obo/MONDO_0008542,risk,Tetralogy of Fallot,"AV cushion, RV morphogenesis, Notch"
tetralogy of fallot,http://purl.obolibrary.org/obo/MONDO_0008542,risk,Tetralogy of Fallot,AV valve and RV morphogenesis
tetralogy of fallot,http://purl.obolibrary.org/obo/MONDO_0008542,risk,Tetralogy of Fallot,Cardiac development and septum morphogenesis
tetralogy of fallot,http://purl.obolibrary.org/obo/MONDO_0008542,risk,Tetralogy of Fallot,Conotruncal and RV development genes
tetralogy of fallot,http://purl.obolibrary.org/obo/MONDO_0008542,risk,Tetralogy of Fallot,Outflow defects and lethal genes
tetralogy of fallot,http://purl.obolibrary.org/obo/MONDO_0008542,risk,Tetralogy of Fallot,Pharyngeal arch and truncus genes
tetralogy of fallot,http://purl.obolibrary.org/obo/MONDO_0008542,risk,Tetralogy of Fallot,Pharyngeal arches and cardiac genes
tetralogy of fallot,http://purl.obolibrary.org/obo/MONDO_0008542,risk,Tetralogy of Fallot,RV morphogenesis and CHD genes
tetralogy of fallot,http://purl.obolibrary.org/obo/MONDO_0008542,risk,Tetralogy of Fallot,Septation and laterality cardiac genes
tetralogy of fallot,http://purl.obolibrary.org/obo/MONDO_0008542,risk,Tetralogy of Fallot,Septation and trabeculae development genes
tetralogy of fallot,http://purl.obolibrary.org/obo/MONDO_0008542,risk,Tetralogy of Fallot,Tetralogy and septum morphogenesis genes
tetralogy of fallot,http://purl.obolibrary.org/obo/MONDO_0008542,risk,Tetralogy of Fallot,Valvular and outflow tract genes
tetralogy of fallot,http://purl.obolibrary.org/obo/MONDO_0008542,risk,Tetralogy of Fallot,Vascular development and heart septum
thyroid cancer,http://purl.obolibrary.org/obo/MONDO_0002108,diagnostic,Thyroid cancer,ADGRF5 GPCR coexpression genes
thyroid cancer,http://purl.obolibrary.org/obo/MONDO_0002108,diagnostic,Thyroid cancer,Mammary epithelium development and cancer
thyroid cancer,http://purl.obolibrary.org/obo/MONDO_0002108,prognostic,Thyroid cancer,ADGRF5 GPCR coexpression genes
thyroid cancer,http://purl.obolibrary.org/obo/MONDO_0002108,prognostic,Thyroid cancer,Mammary epithelium development and cancer
thyroid cancer,http://purl.obolibrary.org/obo/MONDO_0002108,risk,Thyroid cancer,ADGRF5 GPCR coexpression genes
thyroid cancer,http://purl.obolibrary.org/obo/MONDO_0002108,risk,Thyroid cancer,Mammary epithelium development and cancer
thyroid gland carcinoma,http://purl.obolibrary.org/obo/MONDO_0015075,risk,Rare thyroid carcinoma,Common Cancers and Cell Cycle
thyroid gland carcinoma,http://purl.obolibrary.org/obo/MONDO_0015075,risk,Rare thyroid carcinoma,Prostate Ovarian Pancreatic Cancer Traits
thyroid gland carcinoma,http://purl.obolibrary.org/obo/MONDO_0015075,risk,Rare thyroid carcinoma,RAS ERK Signaling Across Cancers
thyroid gland carcinoma,http://purl.obolibrary.org/obo/MONDO_0015075,risk,Rare thyroid carcinoma,RAS-ERK and Developmental Genes
thyroid gland carcinoma,http://purl.obolibrary.org/obo/MONDO_0015075,risk,Rare thyroid carcinoma,Receptor Tyrosine Kinase Signaling Inhibitors
thyroid gland carcinoma,http://purl.obolibrary.org/obo/MONDO_0015075,risk,Rare thyroid carcinoma,Thyroid Cancer MAPK Genes
thyroid gland carcinoma,http://purl.obolibrary.org/obo/MONDO_0015075,risk,Rare thyroid carcinoma,Thyroid Cancer Oncogenic Pathways
thyroid gland carcinoma,http://purl.obolibrary.org/obo/MONDO_0015075,risk,Rare thyroid carcinoma,Thyroid Endometrial Cancers and MAPK
tooth agenesis,http://purl.obolibrary.org/obo/MONDO_0005486,risk,Oligodontia,Chondrocyte differentiation and polydactyly
tooth agenesis,http://purl.obolibrary.org/obo/MONDO_0005486,risk,Oligodontia,Craniofacial and middle ear defects
tooth agenesis,http://purl.obolibrary.org/obo/MONDO_0005486,risk,Oligodontia,Craniofacial and tooth anomalies
tooth agenesis,http://purl.obolibrary.org/obo/MONDO_0005486,risk,Oligodontia,Craniofacial and tooth development defects
tooth agenesis,http://purl.obolibrary.org/obo/MONDO_0005486,risk,Oligodontia,Hair and eyelid development defects
tooth agenesis,http://purl.obolibrary.org/obo/MONDO_0005486,risk,Oligodontia,Limb and jaw cartilage defects
tooth agenesis,http://purl.obolibrary.org/obo/MONDO_0005486,risk,Oligodontia,Molar and craniofacial synostosis
tooth agenesis,http://purl.obolibrary.org/obo/MONDO_0005486,risk,Oligodontia,Molar and incisor anomalies
tooth agenesis,http://purl.obolibrary.org/obo/MONDO_0005486,risk,Oligodontia,Molar development and tooth anomalies
tooth agenesis,http://purl.obolibrary.org/obo/MONDO_0005486,risk,Oligodontia,Somite formation and limb defects
tooth agenesis,http://purl.obolibrary.org/obo/MONDO_0005486,risk,Oligodontia,Tooth and facial limb anomalies
tooth agenesis,http://purl.obolibrary.org/obo/MONDO_0005486,risk,Oligodontia,Wnt signaling and oral development
type 1 diabetes mellitus,http://purl.obolibrary.org/obo/MONDO_0005147,diagnostic,Type 1 diabetes (T1D),Abnormal leukopoiesis and immune morphology
type 1 diabetes mellitus,http://purl.obolibrary.org/obo/MONDO_0005147,diagnostic,Type 1 diabetes (T1D),B cell activation and differentiation
type 1 diabetes mellitus,http://purl.obolibrary.org/obo/MONDO_0005147,diagnostic,Type 1 diabetes (T1D),B cell differentiation and IgM
type 1 diabetes mellitus,http://purl.obolibrary.org/obo/MONDO_0005147,diagnostic,Type 1 diabetes (T1D),CD4/CD8 T cells abnormalities
type 1 diabetes mellitus,http://purl.obolibrary.org/obo/MONDO_0005147,diagnostic,Type 1 diabetes (T1D),Coronary artery signaling genes
type 1 diabetes mellitus,http://purl.obolibrary.org/obo/MONDO_0005147,diagnostic,Type 1 diabetes (T1D),CTLA4 pathway and Tregs
type 1 diabetes mellitus,http://purl.obolibrary.org/obo/MONDO_0005147,diagnostic,Type 1 diabetes (T1D),CTLA4 pathway with regulatory markers
type 1 diabetes mellitus,http://purl.obolibrary.org/obo/MONDO_0005147,diagnostic,Type 1 diabetes (T1D),Decreased memory T cell numbers
type 1 diabetes mellitus,http://purl.obolibrary.org/obo/MONDO_0005147,diagnostic,Type 1 diabetes (T1D),Fetal lymphoid cells
type 1 diabetes mellitus,http://purl.obolibrary.org/obo/MONDO_0005147,diagnostic,Type 1 diabetes (T1D),GPR171 coexpression with T cells
type 1 diabetes mellitus,http://purl.obolibrary.org/obo/MONDO_0005147,diagnostic,Type 1 diabetes (T1D),Hyperglycemia and diabetes features
type 1 diabetes mellitus,http://purl.obolibrary.org/obo/MONDO_0005147,diagnostic,Type 1 diabetes (T1D),IL-2 signaling and activation
type 1 diabetes mellitus,http://purl.obolibrary.org/obo/MONDO_0005147,diagnostic,Type 1 diabetes (T1D),IL-4 and leptin signaling
type 1 diabetes mellitus,http://purl.obolibrary.org/obo/MONDO_0005147,diagnostic,Type 1 diabetes (T1D),Increased antibodies and plasma cells
type 1 diabetes mellitus,http://purl.obolibrary.org/obo/MONDO_0005147,diagnostic,Type 1 diabetes (T1D),Increased B-1b cell number
type 1 diabetes mellitus,http://purl.obolibrary.org/obo/MONDO_0005147,diagnostic,Type 1 diabetes (T1D),Increased granulocytes and leukemia risk
type 1 diabetes mellitus,http://purl.obolibrary.org/obo/MONDO_0005147,diagnostic,Type 1 diabetes (T1D),Inflammatory pathways and cytokines
type 1 diabetes mellitus,http://purl.obolibrary.org/obo/MONDO_0005147,diagnostic,Type 1 diabetes (T1D),Myeloid cell differentiation regulation
type 1 diabetes mellitus,http://purl.obolibrary.org/obo/MONDO_0005147,diagnostic,Type 1 diabetes (T1D),Negative regulation of T cells
type 1 diabetes mellitus,http://purl.obolibrary.org/obo/MONDO_0005147,diagnostic,Type 1 diabetes (T1D),NK/NKT and CD8 T cells
type 1 diabetes mellitus,http://purl.obolibrary.org/obo/MONDO_0005147,diagnostic,Type 1 diabetes (T1D),Peyers patches and lymphoid abnormalities
type 1 diabetes mellitus,http://purl.obolibrary.org/obo/MONDO_0005147,diagnostic,Type 1 diabetes (T1D),T cell differentiation and apoptosis
type 1 diabetes mellitus,http://purl.obolibrary.org/obo/MONDO_0005147,diagnostic,Type 1 diabetes (T1D),T helper differentiation and signaling
type 1 diabetes mellitus,http://purl.obolibrary.org/obo/MONDO_0005147,diagnostic,Type 1 diabetes (T1D),TCR signaling and activation modulators
type 1 diabetes mellitus,http://purl.obolibrary.org/obo/MONDO_0005147,diagnostic,Type 1 diabetes (T1D),Thyroid-related T cell genes
type 1 diabetes mellitus,http://purl.obolibrary.org/obo/MONDO_0005147,diagnostic,Type 1 diabetes (T1D),Tissue-specific gene upregulation
type 1 diabetes mellitus,http://purl.obolibrary.org/obo/MONDO_0005147,diagnostic,Type 1 diabetes (T1D),TNF signaling and granulocytes
type 1 diabetes mellitus,http://purl.obolibrary.org/obo/MONDO_0005147,diagnostic,type 1 diabetes mellitus,Abnormal immune cells and differentiation
type 1 diabetes mellitus,http://purl.obolibrary.org/obo/MONDO_0005147,diagnostic,type 1 diabetes mellitus,Abnormal T-cell activation and counts
type 1 diabetes mellitus,http://purl.obolibrary.org/obo/MONDO_0005147,diagnostic,type 1 diabetes mellitus,Abnormal T-cell and immune morphologies
type 1 diabetes mellitus,http://purl.obolibrary.org/obo/MONDO_0005147,diagnostic,type 1 diabetes mellitus,Autoimmune response and T-cell abnormalities
type 1 diabetes mellitus,http://purl.obolibrary.org/obo/MONDO_0005147,diagnostic,type 1 diabetes mellitus,Decreased cytotoxicity and immune responses
type 1 diabetes mellitus,http://purl.obolibrary.org/obo/MONDO_0005147,diagnostic,type 1 diabetes mellitus,Increased activated T cells
type 1 diabetes mellitus,http://purl.obolibrary.org/obo/MONDO_0005147,diagnostic,type 1 diabetes mellitus,Lymphoid hyperplasia and B/T changes
type 1 diabetes mellitus,http://purl.obolibrary.org/obo/MONDO_0005147,diagnostic,type 1 diabetes mellitus,NK/NKT and T-cell development
type 1 diabetes mellitus,http://purl.obolibrary.org/obo/MONDO_0005147,diagnostic,type 1 diabetes mellitus,T cell numbers and differentiation
type 1 diabetes mellitus,http://purl.obolibrary.org/obo/MONDO_0005147,diagnostic,type 1 diabetes mellitus,Thymic T-cell differentiation regulation
type 1 diabetes mellitus,http://purl.obolibrary.org/obo/MONDO_0005147,diagnostic,type 1 diabetes mellitus,Thymic T-cell selection
type 1 diabetes mellitus,http://purl.obolibrary.org/obo/MONDO_0005147,diagnostic,Type 1 diabetes with ketoacidosis,Brain and pituitary development defects
type 1 diabetes mellitus,http://purl.obolibrary.org/obo/MONDO_0005147,diagnostic,Type 1 diabetes with ketoacidosis,Cerebellar development abnormalities
type 1 diabetes mellitus,http://purl.obolibrary.org/obo/MONDO_0005147,diagnostic,Type 1 diabetes with ketoacidosis,Digestive tract and gland development
type 1 diabetes mellitus,http://purl.obolibrary.org/obo/MONDO_0005147,diagnostic,Type 1 diabetes with ketoacidosis,Fetal lethality genes and CHD
type 1 diabetes mellitus,http://purl.obolibrary.org/obo/MONDO_0005147,diagnostic,Type 1 diabetes with ketoacidosis,Kidney development and morphogenesis
type 1 diabetes mellitus,http://purl.obolibrary.org/obo/MONDO_0005147,diagnostic,Type 1 diabetes with ketoacidosis,Neuroactive ligand receptor signaling
type 1 diabetes mellitus,http://purl.obolibrary.org/obo/MONDO_0005147,diagnostic,Type 1 diabetes with neurological manifestations,Cardiac and muscle morphogenesis
type 1 diabetes mellitus,http://purl.obolibrary.org/obo/MONDO_0005147,diagnostic,Type 1 diabetes with neurological manifestations,Cardiac neural crest migration
type 1 diabetes mellitus,http://purl.obolibrary.org/obo/MONDO_0005147,diagnostic,Type 1 diabetes with neurological manifestations,Craniofacial and cardiac malformations
type 1 diabetes mellitus,http://purl.obolibrary.org/obo/MONDO_0005147,diagnostic,Type 1 diabetes with neurological manifestations,Craniofacial bone abnormalities
type 1 diabetes mellitus,http://purl.obolibrary.org/obo/MONDO_0005147,diagnostic,Type 1 diabetes with neurological manifestations,Digestive and skeletal development genes
type 1 diabetes mellitus,http://purl.obolibrary.org/obo/MONDO_0005147,diagnostic,Type 1 diabetes with neurological manifestations,Embryo lethality and growth genes
type 1 diabetes mellitus,http://purl.obolibrary.org/obo/MONDO_0005147,diagnostic,Type 1 diabetes with neurological manifestations,Heart development and EMT signaling
type 1 diabetes mellitus,http://purl.obolibrary.org/obo/MONDO_0005147,diagnostic,Type 1 diabetes with neurological manifestations,Kidney development and morphogenesis
type 1 diabetes mellitus,http://purl.obolibrary.org/obo/MONDO_0005147,diagnostic,Type 1 diabetes with neurological manifestations,Planar polarity and organ morphogenesis
type 1 diabetes mellitus,http://purl.obolibrary.org/obo/MONDO_0005147,diagnostic,Type 1 diabetes with ophthalmic manifestations,Abnormal bone marrow and adhesion
type 1 diabetes mellitus,http://purl.obolibrary.org/obo/MONDO_0005147,diagnostic,Type 1 diabetes with ophthalmic manifestations,Adipose regulatory alterations
type 1 diabetes mellitus,http://purl.obolibrary.org/obo/MONDO_0005147,diagnostic,Type 1 diabetes with ophthalmic manifestations,Cerebellar development gene set
type 1 diabetes mellitus,http://purl.obolibrary.org/obo/MONDO_0005147,diagnostic,Type 1 diabetes with ophthalmic manifestations,Developmental signaling in multiple tissues
type 1 diabetes mellitus,http://purl.obolibrary.org/obo/MONDO_0005147,diagnostic,Type 1 diabetes with ophthalmic manifestations,Fibroblast gene regulation profile
type 1 diabetes mellitus,http://purl.obolibrary.org/obo/MONDO_0005147,diagnostic,Type 1 diabetes with ophthalmic manifestations,Glucocorticoid-downregulated targets
type 1 diabetes mellitus,http://purl.obolibrary.org/obo/MONDO_0005147,diagnostic,Type 1 diabetes with ophthalmic manifestations,Metabolic regulation gene set
type 1 diabetes mellitus,http://purl.obolibrary.org/obo/MONDO_0005147,diagnostic,Type 1 diabetes with ophthalmic manifestations,White adipose consensus markers
type 1 diabetes mellitus,http://purl.obolibrary.org/obo/MONDO_0005147,diagnostic,Type 1 diabetes with renal manifestations,Bone formation and BMP signaling
type 1 diabetes mellitus,http://purl.obolibrary.org/obo/MONDO_0005147,diagnostic,Type 1 diabetes with renal manifestations,Cochlear development and deafness
type 1 diabetes mellitus,http://purl.obolibrary.org/obo/MONDO_0005147,diagnostic,Type 1 diabetes with renal manifestations,Heart morphogenesis and outflow tract
type 1 diabetes mellitus,http://purl.obolibrary.org/obo/MONDO_0005147,diagnostic,Type 1 diabetes with renal manifestations,Kidney development and nephron formation
type 1 diabetes mellitus,http://purl.obolibrary.org/obo/MONDO_0005147,diagnostic,Type 1 diabetes with renal manifestations,Lung development and morphogenesis
type 1 diabetes mellitus,http://purl.obolibrary.org/obo/MONDO_0005147,diagnostic,Type 1 diabetes with renal manifestations,Wnt signaling and development
type 1 diabetes mellitus,http://purl.obolibrary.org/obo/MONDO_0005147,risk,Type 1 diabetes (T1D),Abnormal leukopoiesis and immune morphology
type 1 diabetes mellitus,http://purl.obolibrary.org/obo/MONDO_0005147,risk,Type 1 diabetes (T1D),B cell activation and differentiation
type 1 diabetes mellitus,http://purl.obolibrary.org/obo/MONDO_0005147,risk,Type 1 diabetes (T1D),B cell differentiation and IgM
type 1 diabetes mellitus,http://purl.obolibrary.org/obo/MONDO_0005147,risk,Type 1 diabetes (T1D),CD4/CD8 T cells abnormalities
type 1 diabetes mellitus,http://purl.obolibrary.org/obo/MONDO_0005147,risk,Type 1 diabetes (T1D),Coronary artery signaling genes
type 1 diabetes mellitus,http://purl.obolibrary.org/obo/MONDO_0005147,risk,Type 1 diabetes (T1D),CTLA4 pathway and Tregs
type 1 diabetes mellitus,http://purl.obolibrary.org/obo/MONDO_0005147,risk,Type 1 diabetes (T1D),CTLA4 pathway with regulatory markers
type 1 diabetes mellitus,http://purl.obolibrary.org/obo/MONDO_0005147,risk,Type 1 diabetes (T1D),Decreased memory T cell numbers
type 1 diabetes mellitus,http://purl.obolibrary.org/obo/MONDO_0005147,risk,Type 1 diabetes (T1D),Fetal lymphoid cells
type 1 diabetes mellitus,http://purl.obolibrary.org/obo/MONDO_0005147,risk,Type 1 diabetes (T1D),GPR171 coexpression with T cells
type 1 diabetes mellitus,http://purl.obolibrary.org/obo/MONDO_0005147,risk,Type 1 diabetes (T1D),Hyperglycemia and diabetes features
type 1 diabetes mellitus,http://purl.obolibrary.org/obo/MONDO_0005147,risk,Type 1 diabetes (T1D),IL-2 signaling and activation
type 1 diabetes mellitus,http://purl.obolibrary.org/obo/MONDO_0005147,risk,Type 1 diabetes (T1D),IL-4 and leptin signaling
type 1 diabetes mellitus,http://purl.obolibrary.org/obo/MONDO_0005147,risk,Type 1 diabetes (T1D),Increased antibodies and plasma cells
type 1 diabetes mellitus,http://purl.obolibrary.org/obo/MONDO_0005147,risk,Type 1 diabetes (T1D),Increased B-1b cell number
type 1 diabetes mellitus,http://purl.obolibrary.org/obo/MONDO_0005147,risk,Type 1 diabetes (T1D),Increased granulocytes and leukemia risk
type 1 diabetes mellitus,http://purl.obolibrary.org/obo/MONDO_0005147,risk,Type 1 diabetes (T1D),Inflammatory pathways and cytokines
type 1 diabetes mellitus,http://purl.obolibrary.org/obo/MONDO_0005147,risk,Type 1 diabetes (T1D),Myeloid cell differentiation regulation
type 1 diabetes mellitus,http://purl.obolibrary.org/obo/MONDO_0005147,risk,Type 1 diabetes (T1D),Negative regulation of T cells
type 1 diabetes mellitus,http://purl.obolibrary.org/obo/MONDO_0005147,risk,Type 1 diabetes (T1D),NK/NKT and CD8 T cells
type 1 diabetes mellitus,http://purl.obolibrary.org/obo/MONDO_0005147,risk,Type 1 diabetes (T1D),Peyers patches and lymphoid abnormalities
type 1 diabetes mellitus,http://purl.obolibrary.org/obo/MONDO_0005147,risk,Type 1 diabetes (T1D),T cell differentiation and apoptosis
type 1 diabetes mellitus,http://purl.obolibrary.org/obo/MONDO_0005147,risk,Type 1 diabetes (T1D),T helper differentiation and signaling
type 1 diabetes mellitus,http://purl.obolibrary.org/obo/MONDO_0005147,risk,Type 1 diabetes (T1D),TCR signaling and activation modulators
type 1 diabetes mellitus,http://purl.obolibrary.org/obo/MONDO_0005147,risk,Type 1 diabetes (T1D),Thyroid-related T cell genes
type 1 diabetes mellitus,http://purl.obolibrary.org/obo/MONDO_0005147,risk,Type 1 diabetes (T1D),Tissue-specific gene upregulation
type 1 diabetes mellitus,http://purl.obolibrary.org/obo/MONDO_0005147,risk,Type 1 diabetes (T1D),TNF signaling and granulocytes
type 1 diabetes mellitus,http://purl.obolibrary.org/obo/MONDO_0005147,risk,type 1 diabetes mellitus,Abnormal immune cells and differentiation
type 1 diabetes mellitus,http://purl.obolibrary.org/obo/MONDO_0005147,risk,type 1 diabetes mellitus,Abnormal T-cell activation and counts
type 1 diabetes mellitus,http://purl.obolibrary.org/obo/MONDO_0005147,risk,type 1 diabetes mellitus,Abnormal T-cell and immune morphologies
type 1 diabetes mellitus,http://purl.obolibrary.org/obo/MONDO_0005147,risk,type 1 diabetes mellitus,Autoimmune response and T-cell abnormalities
type 1 diabetes mellitus,http://purl.obolibrary.org/obo/MONDO_0005147,risk,type 1 diabetes mellitus,Decreased cytotoxicity and immune responses
type 1 diabetes mellitus,http://purl.obolibrary.org/obo/MONDO_0005147,risk,type 1 diabetes mellitus,Increased activated T cells
type 1 diabetes mellitus,http://purl.obolibrary.org/obo/MONDO_0005147,risk,type 1 diabetes mellitus,Lymphoid hyperplasia and B/T changes
type 1 diabetes mellitus,http://purl.obolibrary.org/obo/MONDO_0005147,risk,type 1 diabetes mellitus,NK/NKT and T-cell development
type 1 diabetes mellitus,http://purl.obolibrary.org/obo/MONDO_0005147,risk,type 1 diabetes mellitus,T cell numbers and differentiation
type 1 diabetes mellitus,http://purl.obolibrary.org/obo/MONDO_0005147,risk,type 1 diabetes mellitus,Thymic T-cell differentiation regulation
type 1 diabetes mellitus,http://purl.obolibrary.org/obo/MONDO_0005147,risk,type 1 diabetes mellitus,Thymic T-cell selection
type 1 diabetes mellitus,http://purl.obolibrary.org/obo/MONDO_0005147,risk,Type 1 diabetes with ketoacidosis,Brain and pituitary development defects
type 1 diabetes mellitus,http://purl.obolibrary.org/obo/MONDO_0005147,risk,Type 1 diabetes with ketoacidosis,Cerebellar development abnormalities
type 1 diabetes mellitus,http://purl.obolibrary.org/obo/MONDO_0005147,risk,Type 1 diabetes with ketoacidosis,Digestive tract and gland development
type 1 diabetes mellitus,http://purl.obolibrary.org/obo/MONDO_0005147,risk,Type 1 diabetes with ketoacidosis,Fetal lethality genes and CHD
type 1 diabetes mellitus,http://purl.obolibrary.org/obo/MONDO_0005147,risk,Type 1 diabetes with ketoacidosis,Kidney development and morphogenesis
type 1 diabetes mellitus,http://purl.obolibrary.org/obo/MONDO_0005147,risk,Type 1 diabetes with ketoacidosis,Neuroactive ligand receptor signaling
type 1 diabetes mellitus,http://purl.obolibrary.org/obo/MONDO_0005147,risk,Type 1 diabetes with neurological manifestations,Cardiac and muscle morphogenesis
type 1 diabetes mellitus,http://purl.obolibrary.org/obo/MONDO_0005147,risk,Type 1 diabetes with neurological manifestations,Cardiac neural crest migration
type 1 diabetes mellitus,http://purl.obolibrary.org/obo/MONDO_0005147,risk,Type 1 diabetes with neurological manifestations,Craniofacial and cardiac malformations
type 1 diabetes mellitus,http://purl.obolibrary.org/obo/MONDO_0005147,risk,Type 1 diabetes with neurological manifestations,Craniofacial bone abnormalities
type 1 diabetes mellitus,http://purl.obolibrary.org/obo/MONDO_0005147,risk,Type 1 diabetes with neurological manifestations,Digestive and skeletal development genes
type 1 diabetes mellitus,http://purl.obolibrary.org/obo/MONDO_0005147,risk,Type 1 diabetes with neurological manifestations,Embryo lethality and growth genes
type 1 diabetes mellitus,http://purl.obolibrary.org/obo/MONDO_0005147,risk,Type 1 diabetes with neurological manifestations,Heart development and EMT signaling
type 1 diabetes mellitus,http://purl.obolibrary.org/obo/MONDO_0005147,risk,Type 1 diabetes with neurological manifestations,Kidney development and morphogenesis
type 1 diabetes mellitus,http://purl.obolibrary.org/obo/MONDO_0005147,risk,Type 1 diabetes with neurological manifestations,Planar polarity and organ morphogenesis
type 1 diabetes mellitus,http://purl.obolibrary.org/obo/MONDO_0005147,risk,Type 1 diabetes with ophthalmic manifestations,Abnormal bone marrow and adhesion
type 1 diabetes mellitus,http://purl.obolibrary.org/obo/MONDO_0005147,risk,Type 1 diabetes with ophthalmic manifestations,Adipose regulatory alterations
type 1 diabetes mellitus,http://purl.obolibrary.org/obo/MONDO_0005147,risk,Type 1 diabetes with ophthalmic manifestations,Cerebellar development gene set
type 1 diabetes mellitus,http://purl.obolibrary.org/obo/MONDO_0005147,risk,Type 1 diabetes with ophthalmic manifestations,Developmental signaling in multiple tissues
type 1 diabetes mellitus,http://purl.obolibrary.org/obo/MONDO_0005147,risk,Type 1 diabetes with ophthalmic manifestations,Fibroblast gene regulation profile
type 1 diabetes mellitus,http://purl.obolibrary.org/obo/MONDO_0005147,risk,Type 1 diabetes with ophthalmic manifestations,Glucocorticoid-downregulated targets
type 1 diabetes mellitus,http://purl.obolibrary.org/obo/MONDO_0005147,risk,Type 1 diabetes with ophthalmic manifestations,Metabolic regulation gene set
type 1 diabetes mellitus,http://purl.obolibrary.org/obo/MONDO_0005147,risk,Type 1 diabetes with ophthalmic manifestations,White adipose consensus markers
type 1 diabetes mellitus,http://purl.obolibrary.org/obo/MONDO_0005147,risk,Type 1 diabetes with renal manifestations,Bone formation and BMP signaling
type 1 diabetes mellitus,http://purl.obolibrary.org/obo/MONDO_0005147,risk,Type 1 diabetes with renal manifestations,Cochlear development and deafness
type 1 diabetes mellitus,http://purl.obolibrary.org/obo/MONDO_0005147,risk,Type 1 diabetes with renal manifestations,Heart morphogenesis and outflow tract
type 1 diabetes mellitus,http://purl.obolibrary.org/obo/MONDO_0005147,risk,Type 1 diabetes with renal manifestations,Kidney development and nephron formation
type 1 diabetes mellitus,http://purl.obolibrary.org/obo/MONDO_0005147,risk,Type 1 diabetes with renal manifestations,Lung development and morphogenesis
type 1 diabetes mellitus,http://purl.obolibrary.org/obo/MONDO_0005147,risk,Type 1 diabetes with renal manifestations,Wnt signaling and development
type 2 diabetes mellitus,http://purl.obolibrary.org/obo/MONDO_0005148,diagnostic,Severe autoimmune type 2 diabetes,Autoimmune Diabetes and Cytokine Genes
type 2 diabetes mellitus,http://purl.obolibrary.org/obo/MONDO_0005148,diagnostic,Severe autoimmune type 2 diabetes,Autoimmune Susceptibility and Insulitis
type 2 diabetes mellitus,http://purl.obolibrary.org/obo/MONDO_0005148,diagnostic,Severe autoimmune type 2 diabetes,Dendritic Cells and T Cells
type 2 diabetes mellitus,http://purl.obolibrary.org/obo/MONDO_0005148,diagnostic,Severe autoimmune type 2 diabetes,Exogenous Antigen Processing and Presentation
type 2 diabetes mellitus,http://purl.obolibrary.org/obo/MONDO_0005148,diagnostic,Severe autoimmune type 2 diabetes,MHC Proteins and HLAs
type 2 diabetes mellitus,http://purl.obolibrary.org/obo/MONDO_0005148,diagnostic,Severe insulin-resistant type 2 diabetes,Ear Development and Embryonic Morphogenesis
type 2 diabetes mellitus,http://purl.obolibrary.org/obo/MONDO_0005148,diagnostic,Severe insulin-resistant type 2 diabetes,Heart and Palate Mesenchymal Proliferation
type 2 diabetes mellitus,http://purl.obolibrary.org/obo/MONDO_0005148,diagnostic,Severe insulin-resistant type 2 diabetes,Mesodermal Fate and Ear Morphogenesis
type 2 diabetes mellitus,http://purl.obolibrary.org/obo/MONDO_0005148,diagnostic,Severe insulin-resistant type 2 diabetes,Striated Muscle and Heart Development
type 2 diabetes mellitus,http://purl.obolibrary.org/obo/MONDO_0005148,diagnostic,Severe insulin-resistant type 2 diabetes,Vasculature Development and Heart Defect
type 2 diabetes mellitus,http://purl.obolibrary.org/obo/MONDO_0005148,diagnostic,Type 2 diabetes (additive model),Abnormal glucose homeostasis with hyperglycemia
type 2 diabetes mellitus,http://purl.obolibrary.org/obo/MONDO_0005148,diagnostic,Type 2 diabetes (additive model),Adipogenesis and WNT signaling
type 2 diabetes mellitus,http://purl.obolibrary.org/obo/MONDO_0005148,diagnostic,Type 2 diabetes (additive model),Beta cell gene expression regulation
type 2 diabetes mellitus,http://purl.obolibrary.org/obo/MONDO_0005148,diagnostic,Type 2 diabetes (additive model),Branching morphogenesis and organ development
type 2 diabetes mellitus,http://purl.obolibrary.org/obo/MONDO_0005148,diagnostic,Type 2 diabetes (additive model),Carbohydrate response and insulin secretion
type 2 diabetes mellitus,http://purl.obolibrary.org/obo/MONDO_0005148,diagnostic,Type 2 diabetes (additive model),Craniofacial development abnormalities
type 2 diabetes mellitus,http://purl.obolibrary.org/obo/MONDO_0005148,diagnostic,Type 2 diabetes (additive model),Decreased insulin and beta mass
type 2 diabetes mellitus,http://purl.obolibrary.org/obo/MONDO_0005148,diagnostic,Type 2 diabetes (additive model),Decreased insulin secretion in diabetes
type 2 diabetes mellitus,http://purl.obolibrary.org/obo/MONDO_0005148,diagnostic,Type 2 diabetes (additive model),Decreased leptin and insulin
type 2 diabetes mellitus,http://purl.obolibrary.org/obo/MONDO_0005148,diagnostic,Type 2 diabetes (additive model),Decreased triglycerides and fatty acids
type 2 diabetes mellitus,http://purl.obolibrary.org/obo/MONDO_0005148,diagnostic,Type 2 diabetes (additive model),Enhanced glucose tolerance and sensitivity
type 2 diabetes mellitus,http://purl.obolibrary.org/obo/MONDO_0005148,diagnostic,Type 2 diabetes (additive model),Fetal lethality with gene mutations
type 2 diabetes mellitus,http://purl.obolibrary.org/obo/MONDO_0005148,diagnostic,Type 2 diabetes (additive model),FOXO transcription and RB pathways
type 2 diabetes mellitus,http://purl.obolibrary.org/obo/MONDO_0005148,diagnostic,Type 2 diabetes (additive model),Hyperlipidemia and cholesterol abnormalities
type 2 diabetes mellitus,http://purl.obolibrary.org/obo/MONDO_0005148,diagnostic,Type 2 diabetes (additive model),Insulin secretion regulation and signaling
type 2 diabetes mellitus,http://purl.obolibrary.org/obo/MONDO_0005148,diagnostic,Type 2 diabetes (additive model),Kinase signaling regulation and AKT1
type 2 diabetes mellitus,http://purl.obolibrary.org/obo/MONDO_0005148,diagnostic,Type 2 diabetes (additive model),Pancreatic islet malfunction and hyperglycemia
type 2 diabetes mellitus,http://purl.obolibrary.org/obo/MONDO_0005148,diagnostic,Type 2 diabetes (additive model),PI3K Signaling
type 2 diabetes mellitus,http://purl.obolibrary.org/obo/MONDO_0005148,diagnostic,Type 2 diabetes (additive model),RB1-defect G1/S misregulation
type 2 diabetes mellitus,http://purl.obolibrary.org/obo/MONDO_0005148,diagnostic,Type 2 diabetes (additive model),Skeletal growth and bone abnormalities
type 2 diabetes mellitus,http://purl.obolibrary.org/obo/MONDO_0005148,diagnostic,Type 2 diabetes (dominant model),Beta-cell dysfunction and metabolic changes
type 2 diabetes mellitus,http://purl.obolibrary.org/obo/MONDO_0005148,diagnostic,Type 2 diabetes (dominant model),Glucose dysregulation with adipose signals
type 2 diabetes mellitus,http://purl.obolibrary.org/obo/MONDO_0005148,diagnostic,Type 2 diabetes (dominant model),Glucose homeostasis with beta-cell deficits
type 2 diabetes mellitus,http://purl.obolibrary.org/obo/MONDO_0005148,diagnostic,Type 2 diabetes (recessive model),Adipogenesis and insulin signaling
type 2 diabetes mellitus,http://purl.obolibrary.org/obo/MONDO_0005148,diagnostic,Type 2 diabetes (recessive model),Adipose and kidney pathology
type 2 diabetes mellitus,http://purl.obolibrary.org/obo/MONDO_0005148,diagnostic,Type 2 diabetes (recessive model),Beta cell development pathways
type 2 diabetes mellitus,http://purl.obolibrary.org/obo/MONDO_0005148,diagnostic,Type 2 diabetes (recessive model),Carbohydrate homeostasis and pancreas
type 2 diabetes mellitus,http://purl.obolibrary.org/obo/MONDO_0005148,diagnostic,Type 2 diabetes (recessive model),Cardiac and hepatic development markers
type 2 diabetes mellitus,http://purl.obolibrary.org/obo/MONDO_0005148,diagnostic,Type 2 diabetes (recessive model),Glucose homeostasis and insulin
type 2 diabetes mellitus,http://purl.obolibrary.org/obo/MONDO_0005148,diagnostic,Type 2 diabetes (recessive model),Hearing loss and cochlear defects
type 2 diabetes mellitus,http://purl.obolibrary.org/obo/MONDO_0005148,diagnostic,Type 2 diabetes (recessive model),Insulin deficit and cochlear defects
type 2 diabetes mellitus,http://purl.obolibrary.org/obo/MONDO_0005148,diagnostic,Type 2 diabetes (recessive model),Monosaccharide metabolism and adipogenesis
type 2 diabetes mellitus,http://purl.obolibrary.org/obo/MONDO_0005148,diagnostic,Type 2 diabetes (recessive model),Pancreas development and insulin secretion
type 2 diabetes mellitus,http://purl.obolibrary.org/obo/MONDO_0005148,diagnostic,Type 2 diabetes (recessive model),Regulation of insulin secretion
type 2 diabetes mellitus,http://purl.obolibrary.org/obo/MONDO_0005148,diagnostic,Type 2 diabetes (T2D),Adipose-liver lipid and leptin
type 2 diabetes mellitus,http://purl.obolibrary.org/obo/MONDO_0005148,diagnostic,Type 2 diabetes (T2D),Angiogenesis and adipogenesis regulation
type 2 diabetes mellitus,http://purl.obolibrary.org/obo/MONDO_0005148,diagnostic,Type 2 diabetes (T2D),Beta-cell gene regulation in diabetes
type 2 diabetes mellitus,http://purl.obolibrary.org/obo/MONDO_0005148,diagnostic,Type 2 diabetes (T2D),Beta-cell mass and adipose changes
type 2 diabetes mellitus,http://purl.obolibrary.org/obo/MONDO_0005148,diagnostic,Type 2 diabetes (T2D),Brown adipose and liver glycogen
type 2 diabetes mellitus,http://purl.obolibrary.org/obo/MONDO_0005148,diagnostic,Type 2 diabetes (T2D),Carbohydrate response and insulin secretion
type 2 diabetes mellitus,http://purl.obolibrary.org/obo/MONDO_0005148,diagnostic,Type 2 diabetes (T2D),Cell cycle regulation and inhibitors
type 2 diabetes mellitus,http://purl.obolibrary.org/obo/MONDO_0005148,diagnostic,Type 2 diabetes (T2D),Ceramides in insulin resistance
type 2 diabetes mellitus,http://purl.obolibrary.org/obo/MONDO_0005148,diagnostic,Type 2 diabetes (T2D),Diabetes and IGF1 signaling
type 2 diabetes mellitus,http://purl.obolibrary.org/obo/MONDO_0005148,diagnostic,Type 2 diabetes (T2D),Diabetes with beta-cell hyperplasia
type 2 diabetes mellitus,http://purl.obolibrary.org/obo/MONDO_0005148,diagnostic,Type 2 diabetes (T2D),Diabetes with impaired insulin secretion
type 2 diabetes mellitus,http://purl.obolibrary.org/obo/MONDO_0005148,diagnostic,Type 2 diabetes (T2D),Enhanced glucose tolerance and sensitivity
type 2 diabetes mellitus,http://purl.obolibrary.org/obo/MONDO_0005148,diagnostic,Type 2 diabetes (T2D),Glucose and insulin resistance
type 2 diabetes mellitus,http://purl.obolibrary.org/obo/MONDO_0005148,diagnostic,Type 2 diabetes (T2D),Glucose and lipid homeostasis
type 2 diabetes mellitus,http://purl.obolibrary.org/obo/MONDO_0005148,diagnostic,Type 2 diabetes (T2D),Hyperlipidemia and liver lipid changes
type 2 diabetes mellitus,http://purl.obolibrary.org/obo/MONDO_0005148,diagnostic,Type 2 diabetes (T2D),Insulin secretion and adipose defects
type 2 diabetes mellitus,http://purl.obolibrary.org/obo/MONDO_0005148,diagnostic,Type 2 diabetes (T2D),Liver enlargement and leukemia risk
type 2 diabetes mellitus,http://purl.obolibrary.org/obo/MONDO_0005148,diagnostic,Type 2 diabetes (T2D),Liver enlargement and steatosis
type 2 diabetes mellitus,http://purl.obolibrary.org/obo/MONDO_0005148,diagnostic,Type 2 diabetes (T2D),Obesity with leptin signaling
type 2 diabetes mellitus,http://purl.obolibrary.org/obo/MONDO_0005148,diagnostic,Type 2 diabetes (T2D),Pancreatic beta-cell mass changes
type 2 diabetes mellitus,http://purl.obolibrary.org/obo/MONDO_0005148,diagnostic,Type 2 diabetes (T2D),Pancreatic islet dysfunction and diabetes
type 2 diabetes mellitus,http://purl.obolibrary.org/obo/MONDO_0005148,diagnostic,Type 2 diabetes (T2D),Reduced insulin and leptin levels
type 2 diabetes mellitus,http://purl.obolibrary.org/obo/MONDO_0005148,diagnostic,Type 2 diabetes (T2D),Regulation of peptide secretion
type 2 diabetes mellitus,http://purl.obolibrary.org/obo/MONDO_0005148,diagnostic,Type 2 diabetes (T2D),Weight gain and hyperglycemia risk
type 2 diabetes mellitus,http://purl.obolibrary.org/obo/MONDO_0005148,diagnostic,Type 2 diabetes (T2D) adj BMI,Abnormal glucose and insulin signaling
type 2 diabetes mellitus,http://purl.obolibrary.org/obo/MONDO_0005148,diagnostic,Type 2 diabetes (T2D) adj BMI,Abnormal insulin and glucose levels
type 2 diabetes mellitus,http://purl.obolibrary.org/obo/MONDO_0005148,diagnostic,Type 2 diabetes (T2D) adj BMI,Adipogenesis and WNT signaling
type 2 diabetes mellitus,http://purl.obolibrary.org/obo/MONDO_0005148,diagnostic,Type 2 diabetes (T2D) adj BMI,Adipose and insulin sensitivity
type 2 diabetes mellitus,http://purl.obolibrary.org/obo/MONDO_0005148,diagnostic,Type 2 diabetes (T2D) adj BMI,Beta cell development genes
type 2 diabetes mellitus,http://purl.obolibrary.org/obo/MONDO_0005148,diagnostic,Type 2 diabetes (T2D) adj BMI,Beta cells and insulin resistance
type 2 diabetes mellitus,http://purl.obolibrary.org/obo/MONDO_0005148,diagnostic,Type 2 diabetes (T2D) adj BMI,Glioblastoma signaling and cell cycle
type 2 diabetes mellitus,http://purl.obolibrary.org/obo/MONDO_0005148,diagnostic,Type 2 diabetes (T2D) adj BMI,Glucose and lipid homeostasis
type 2 diabetes mellitus,http://purl.obolibrary.org/obo/MONDO_0005148,diagnostic,Type 2 diabetes (T2D) adj BMI,Glucose regulation and GPCR signaling
type 2 diabetes mellitus,http://purl.obolibrary.org/obo/MONDO_0005148,diagnostic,Type 2 diabetes (T2D) adj BMI,Hematopoietic and developmental signaling
type 2 diabetes mellitus,http://purl.obolibrary.org/obo/MONDO_0005148,diagnostic,Type 2 diabetes (T2D) adj BMI,Increased glucose with insulin resistance
type 2 diabetes mellitus,http://purl.obolibrary.org/obo/MONDO_0005148,diagnostic,Type 2 diabetes (T2D) adj BMI,Insulin resistance and diabetes pathways
type 2 diabetes mellitus,http://purl.obolibrary.org/obo/MONDO_0005148,diagnostic,Type 2 diabetes (T2D) adj BMI,Lipid homeostasis and storage
type 2 diabetes mellitus,http://purl.obolibrary.org/obo/MONDO_0005148,diagnostic,Type 2 diabetes (T2D) adj BMI,Liver changes and triglycerides
type 2 diabetes mellitus,http://purl.obolibrary.org/obo/MONDO_0005148,diagnostic,Type 2 diabetes (T2D) adj BMI,Pancreatic beta cell function
type 2 diabetes mellitus,http://purl.obolibrary.org/obo/MONDO_0005148,diagnostic,Type 2 diabetes (T2D) adj BMI,Pancreatic beta cell mass changes
type 2 diabetes mellitus,http://purl.obolibrary.org/obo/MONDO_0005148,diagnostic,Type 2 diabetes (T2D) adj BMI,Reduced circulating lipids and glucose
type 2 diabetes mellitus,http://purl.obolibrary.org/obo/MONDO_0005148,diagnostic,Type 2 diabetes (T2D) adj BMI,Regulation of insulin secretion
type 2 diabetes mellitus,http://purl.obolibrary.org/obo/MONDO_0005148,diagnostic,Type 2 diabetes (T2D) adj BMI,Small islets and insulin impairment
type 2 diabetes mellitus,http://purl.obolibrary.org/obo/MONDO_0005148,diagnostic,Type 2 diabetes (T2D) adj BMI,Upregulated signaling inhibitors and oncogenes
type 2 diabetes mellitus,http://purl.obolibrary.org/obo/MONDO_0005148,diagnostic,Type 2 diabetes (with history of pregnancy),Adipose expansion and lipid metabolism
type 2 diabetes mellitus,http://purl.obolibrary.org/obo/MONDO_0005148,diagnostic,Type 2 diabetes (with history of pregnancy),Beta cell morphology and glucose
type 2 diabetes mellitus,http://purl.obolibrary.org/obo/MONDO_0005148,diagnostic,Type 2 diabetes (with history of pregnancy),Beta-cell dysfunction with muscle lipids
type 2 diabetes mellitus,http://purl.obolibrary.org/obo/MONDO_0005148,diagnostic,Type 2 diabetes (with history of pregnancy),Beta-cell gene regulation
type 2 diabetes mellitus,http://purl.obolibrary.org/obo/MONDO_0005148,diagnostic,Type 2 diabetes (with history of pregnancy),Carbohydrate and insulin secretion
type 2 diabetes mellitus,http://purl.obolibrary.org/obo/MONDO_0005148,diagnostic,Type 2 diabetes (with history of pregnancy),Carbohydrate homeostasis and heart development
type 2 diabetes mellitus,http://purl.obolibrary.org/obo/MONDO_0005148,diagnostic,Type 2 diabetes (with history of pregnancy),Ceramide roles in insulin resistance
type 2 diabetes mellitus,http://purl.obolibrary.org/obo/MONDO_0005148,diagnostic,Type 2 diabetes (with history of pregnancy),Diabetes risk with beta-catenin signaling
type 2 diabetes mellitus,http://purl.obolibrary.org/obo/MONDO_0005148,diagnostic,Type 2 diabetes (with history of pregnancy),Glucose dysregulation with adipose loss
type 2 diabetes mellitus,http://purl.obolibrary.org/obo/MONDO_0005148,diagnostic,Type 2 diabetes (with history of pregnancy),Hyperglycemia and lipid dysregulation
type 2 diabetes mellitus,http://purl.obolibrary.org/obo/MONDO_0005148,diagnostic,Type 2 diabetes (with history of pregnancy),Hyperglycemia with lipids and insulin
type 2 diabetes mellitus,http://purl.obolibrary.org/obo/MONDO_0005148,diagnostic,Type 2 diabetes (with history of pregnancy),Hyperinsulinemia with glucose dysregulation
type 2 diabetes mellitus,http://purl.obolibrary.org/obo/MONDO_0005148,diagnostic,Type 2 diabetes (with history of pregnancy),Impaired glucose regulation with genes
type 2 diabetes mellitus,http://purl.obolibrary.org/obo/MONDO_0005148,diagnostic,Type 2 diabetes (with history of pregnancy),Liver lipid overload and growth
type 2 diabetes mellitus,http://purl.obolibrary.org/obo/MONDO_0005148,diagnostic,Type 2 diabetes (with history of pregnancy),Low glycogen and lipid homeostasis
type 2 diabetes mellitus,http://purl.obolibrary.org/obo/MONDO_0005148,diagnostic,Type 2 diabetes (with history of pregnancy),Obesity risk with liver growth
type 2 diabetes mellitus,http://purl.obolibrary.org/obo/MONDO_0005148,diagnostic,Type 2 diabetes (with no history of pregnancy),Craniofacial development genes
type 2 diabetes mellitus,http://purl.obolibrary.org/obo/MONDO_0005148,diagnostic,Type 2 diabetes (with no history of pregnancy),Diabetes and insulin regulation genes
type 2 diabetes mellitus,http://purl.obolibrary.org/obo/MONDO_0005148,diagnostic,Type 2 diabetes (with no history of pregnancy),Diabetes and pancreatic function genes
type 2 diabetes mellitus,http://purl.obolibrary.org/obo/MONDO_0005148,diagnostic,Type 2 diabetes (with no history of pregnancy),Metabolic and developmental gene set
type 2 diabetes mellitus,http://purl.obolibrary.org/obo/MONDO_0005148,diagnostic,Type 2 diabetes (with no history of pregnancy),WNT pathway and epithelial morphology
type 2 diabetes mellitus,http://purl.obolibrary.org/obo/MONDO_0005148,diagnostic,type 2 diabetes mellitus,Adipose tissue morphology and signaling
type 2 diabetes mellitus,http://purl.obolibrary.org/obo/MONDO_0005148,diagnostic,type 2 diabetes mellitus,Beta cell dysfunction and apoptosis
type 2 diabetes mellitus,http://purl.obolibrary.org/obo/MONDO_0005148,diagnostic,type 2 diabetes mellitus,Beta-cell gene regulation and glucose
type 2 diabetes mellitus,http://purl.obolibrary.org/obo/MONDO_0005148,diagnostic,type 2 diabetes mellitus,Carbohydrate response and insulin secretion
type 2 diabetes mellitus,http://purl.obolibrary.org/obo/MONDO_0005148,diagnostic,type 2 diabetes mellitus,Cell cycle and cancer pathways
type 2 diabetes mellitus,http://purl.obolibrary.org/obo/MONDO_0005148,diagnostic,type 2 diabetes mellitus,Developmental and metabolic abnormalities
type 2 diabetes mellitus,http://purl.obolibrary.org/obo/MONDO_0005148,diagnostic,type 2 diabetes mellitus,Diabetes-related pancreatic islet defects
type 2 diabetes mellitus,http://purl.obolibrary.org/obo/MONDO_0005148,diagnostic,type 2 diabetes mellitus,Dyslipidemia and fatty acid signaling
type 2 diabetes mellitus,http://purl.obolibrary.org/obo/MONDO_0005148,diagnostic,type 2 diabetes mellitus,Glucose and insulin dysregulation
type 2 diabetes mellitus,http://purl.obolibrary.org/obo/MONDO_0005148,diagnostic,type 2 diabetes mellitus,Glucose and insulin resistance
type 2 diabetes mellitus,http://purl.obolibrary.org/obo/MONDO_0005148,diagnostic,type 2 diabetes mellitus,Glucose homeostasis and obesity signals
type 2 diabetes mellitus,http://purl.obolibrary.org/obo/MONDO_0005148,diagnostic,type 2 diabetes mellitus,Glucose metabolism regulation enzymes
type 2 diabetes mellitus,http://purl.obolibrary.org/obo/MONDO_0005148,diagnostic,type 2 diabetes mellitus,Gonadal fat and insulin signaling
type 2 diabetes mellitus,http://purl.obolibrary.org/obo/MONDO_0005148,diagnostic,type 2 diabetes mellitus,Hepatic glucose and glycogen abnormalities
type 2 diabetes mellitus,http://purl.obolibrary.org/obo/MONDO_0005148,diagnostic,type 2 diabetes mellitus,Hyperphagia and enlarged islets
type 2 diabetes mellitus,http://purl.obolibrary.org/obo/MONDO_0005148,diagnostic,type 2 diabetes mellitus,Insulin secretion and beta-cell pathology
type 2 diabetes mellitus,http://purl.obolibrary.org/obo/MONDO_0005148,diagnostic,type 2 diabetes mellitus,Insulin sensitivity and energy expenditure
type 2 diabetes mellitus,http://purl.obolibrary.org/obo/MONDO_0005148,diagnostic,type 2 diabetes mellitus,Liver pathology and signaling
type 2 diabetes mellitus,http://purl.obolibrary.org/obo/MONDO_0005148,diagnostic,type 2 diabetes mellitus,Pancreas development and ducts
type 2 diabetes mellitus,http://purl.obolibrary.org/obo/MONDO_0005148,diagnostic,type 2 diabetes mellitus,Pancreatic beta cells deficiency
type 2 diabetes mellitus,http://purl.obolibrary.org/obo/MONDO_0005148,diagnostic,type 2 diabetes mellitus,Pancreatic islet growth and signaling
type 2 diabetes mellitus,http://purl.obolibrary.org/obo/MONDO_0005148,diagnostic,type 2 diabetes mellitus,Pancreatic islets and insulin sensitivity
type 2 diabetes mellitus,http://purl.obolibrary.org/obo/MONDO_0005148,diagnostic,type 2 diabetes mellitus,Pancreatic islets and metabolism signaling
type 2 diabetes mellitus,http://purl.obolibrary.org/obo/MONDO_0005148,diagnostic,type 2 diabetes mellitus,Type II diabetes pathways
type 2 diabetes mellitus,http://purl.obolibrary.org/obo/MONDO_0005148,diagnostic,Type 2 diabetes with ketoacidosis,Adrenal and adipose signaling genes
type 2 diabetes mellitus,http://purl.obolibrary.org/obo/MONDO_0005148,diagnostic,Type 2 diabetes with ketoacidosis,Adrenal kinase and collagen coexpressions
type 2 diabetes mellitus,http://purl.obolibrary.org/obo/MONDO_0005148,diagnostic,Type 2 diabetes with ketoacidosis,Cardiac hypertrophy and signaling
type 2 diabetes mellitus,http://purl.obolibrary.org/obo/MONDO_0005148,diagnostic,Type 2 diabetes with ketoacidosis,Endothelial and vascular development
type 2 diabetes mellitus,http://purl.obolibrary.org/obo/MONDO_0005148,diagnostic,Type 2 diabetes with ketoacidosis,Eye development and retina
type 2 diabetes mellitus,http://purl.obolibrary.org/obo/MONDO_0005148,diagnostic,Type 2 diabetes with ketoacidosis,Hearing loss and hair cells
type 2 diabetes mellitus,http://purl.obolibrary.org/obo/MONDO_0005148,diagnostic,Type 2 diabetes with ketoacidosis,Muscle development and differentiation
type 2 diabetes mellitus,http://purl.obolibrary.org/obo/MONDO_0005148,diagnostic,Type 2 diabetes with ketoacidosis,Neural innervation and development
type 2 diabetes mellitus,http://purl.obolibrary.org/obo/MONDO_0005148,diagnostic,Type 2 diabetes with ketoacidosis,Neurodevelopmental and cardiac signaling
type 2 diabetes mellitus,http://purl.obolibrary.org/obo/MONDO_0005148,diagnostic,Type 2 diabetes with ketoacidosis,Pulmonary development and distress
type 2 diabetes mellitus,http://purl.obolibrary.org/obo/MONDO_0005148,diagnostic,Type 2 diabetes with ketoacidosis,RTK/ERK signaling kinases
type 2 diabetes mellitus,http://purl.obolibrary.org/obo/MONDO_0005148,diagnostic,Type 2 diabetes with ketoacidosis,Skeletal development and ossification
type 2 diabetes mellitus,http://purl.obolibrary.org/obo/MONDO_0005148,diagnostic,Type 2 diabetes with neurological manifestations,Beta-cell apoptosis and energy expenditure
type 2 diabetes mellitus,http://purl.obolibrary.org/obo/MONDO_0005148,diagnostic,Type 2 diabetes with neurological manifestations,Beta-cell apoptosis and insulin secretion
type 2 diabetes mellitus,http://purl.obolibrary.org/obo/MONDO_0005148,diagnostic,Type 2 diabetes with neurological manifestations,Beta-cell dysfunction and signaling
type 2 diabetes mellitus,http://purl.obolibrary.org/obo/MONDO_0005148,diagnostic,Type 2 diabetes with neurological manifestations,Brown fat morphology and lipodystrophy
type 2 diabetes mellitus,http://purl.obolibrary.org/obo/MONDO_0005148,diagnostic,Type 2 diabetes with neurological manifestations,Glioblastoma signaling pathways
type 2 diabetes mellitus,http://purl.obolibrary.org/obo/MONDO_0005148,diagnostic,Type 2 diabetes with neurological manifestations,Glucose homeostasis and hormone signaling
type 2 diabetes mellitus,http://purl.obolibrary.org/obo/MONDO_0005148,diagnostic,Type 2 diabetes with neurological manifestations,Glucose regulation and beta-cell factors
type 2 diabetes mellitus,http://purl.obolibrary.org/obo/MONDO_0005148,diagnostic,Type 2 diabetes with neurological manifestations,Hyperglycemia and obesity-related genes
type 2 diabetes mellitus,http://purl.obolibrary.org/obo/MONDO_0005148,diagnostic,Type 2 diabetes with neurological manifestations,Hyperglycemia with lipid-beta cell morphology
type 2 diabetes mellitus,http://purl.obolibrary.org/obo/MONDO_0005148,diagnostic,Type 2 diabetes with neurological manifestations,Hypoinsulinemia and incretin signaling
type 2 diabetes mellitus,http://purl.obolibrary.org/obo/MONDO_0005148,diagnostic,Type 2 diabetes with neurological manifestations,Insulin secretion and peptide signaling
type 2 diabetes mellitus,http://purl.obolibrary.org/obo/MONDO_0005148,diagnostic,Type 2 diabetes with neurological manifestations,Lipid metabolism and adiposity
type 2 diabetes mellitus,http://purl.obolibrary.org/obo/MONDO_0005148,diagnostic,Type 2 diabetes with neurological manifestations,Lipodystrophy and adipose loss
type 2 diabetes mellitus,http://purl.obolibrary.org/obo/MONDO_0005148,diagnostic,Type 2 diabetes with neurological manifestations,Liver enlargement and morphology changes
type 2 diabetes mellitus,http://purl.obolibrary.org/obo/MONDO_0005148,diagnostic,Type 2 diabetes with neurological manifestations,Metabolic syndrome and insulin signaling
type 2 diabetes mellitus,http://purl.obolibrary.org/obo/MONDO_0005148,diagnostic,Type 2 diabetes with neurological manifestations,Monogenic diabetes and beta-cell development
type 2 diabetes mellitus,http://purl.obolibrary.org/obo/MONDO_0005148,diagnostic,Type 2 diabetes with neurological manifestations,Reduced adiposity and energy expenditure
type 2 diabetes mellitus,http://purl.obolibrary.org/obo/MONDO_0005148,diagnostic,Type 2 diabetes with neurological manifestations,WNT signaling and glucose regulation
type 2 diabetes mellitus,http://purl.obolibrary.org/obo/MONDO_0005148,diagnostic,Type 2 diabetes with ophthalmic manifestations,Abnormal Pancreatic Beta Cell Physiology
type 2 diabetes mellitus,http://purl.obolibrary.org/obo/MONDO_0005148,diagnostic,Type 2 diabetes with ophthalmic manifestations,Abnormal Triglyceride Level
type 2 diabetes mellitus,http://purl.obolibrary.org/obo/MONDO_0005148,diagnostic,Type 2 diabetes with ophthalmic manifestations,Hepatic Enlargement Program
type 2 diabetes mellitus,http://purl.obolibrary.org/obo/MONDO_0005148,diagnostic,Type 2 diabetes with ophthalmic manifestations,Hepatic Glucose Homeostasis
type 2 diabetes mellitus,http://purl.obolibrary.org/obo/MONDO_0005148,diagnostic,Type 2 diabetes with ophthalmic manifestations,IGF1 Signaling
type 2 diabetes mellitus,http://purl.obolibrary.org/obo/MONDO_0005148,diagnostic,Type 2 diabetes with ophthalmic manifestations,Increased Circulating Glucose Level
type 2 diabetes mellitus,http://purl.obolibrary.org/obo/MONDO_0005148,diagnostic,Type 2 diabetes with ophthalmic manifestations,Increased Insulin Secretion
type 2 diabetes mellitus,http://purl.obolibrary.org/obo/MONDO_0005148,diagnostic,Type 2 diabetes with ophthalmic manifestations,Insulin Deficiency Lipids
type 2 diabetes mellitus,http://purl.obolibrary.org/obo/MONDO_0005148,diagnostic,Type 2 diabetes with ophthalmic manifestations,Leptin Signaling
type 2 diabetes mellitus,http://purl.obolibrary.org/obo/MONDO_0005148,diagnostic,Type 2 diabetes with ophthalmic manifestations,Monogenic Diabetes Program
type 2 diabetes mellitus,http://purl.obolibrary.org/obo/MONDO_0005148,diagnostic,Type 2 diabetes with ophthalmic manifestations,Monosaccharide Lipid Response
type 2 diabetes mellitus,http://purl.obolibrary.org/obo/MONDO_0005148,diagnostic,Type 2 diabetes with ophthalmic manifestations,Myocardial Trabeculation
type 2 diabetes mellitus,http://purl.obolibrary.org/obo/MONDO_0005148,diagnostic,Type 2 diabetes with ophthalmic manifestations,PI3K Growth Signaling
type 2 diabetes mellitus,http://purl.obolibrary.org/obo/MONDO_0005148,diagnostic,Type 2 diabetes with ophthalmic manifestations,Response To Insulin
type 2 diabetes mellitus,http://purl.obolibrary.org/obo/MONDO_0005148,diagnostic,Type 2 diabetes with peripheral circulatory manifestations,Developmental abnormalities
type 2 diabetes mellitus,http://purl.obolibrary.org/obo/MONDO_0005148,diagnostic,Type 2 diabetes with peripheral circulatory manifestations,Genetic obesity factors
type 2 diabetes mellitus,http://purl.obolibrary.org/obo/MONDO_0005148,diagnostic,Type 2 diabetes with peripheral circulatory manifestations,Increased gastrointestinal tumor incidence
type 2 diabetes mellitus,http://purl.obolibrary.org/obo/MONDO_0005148,diagnostic,Type 2 diabetes with peripheral circulatory manifestations,Islet morphology and diabetes
type 2 diabetes mellitus,http://purl.obolibrary.org/obo/MONDO_0005148,diagnostic,Type 2 diabetes with peripheral circulatory manifestations,Mixed tumor incidence changes
type 2 diabetes mellitus,http://purl.obolibrary.org/obo/MONDO_0005148,diagnostic,Type 2 diabetes with peripheral circulatory manifestations,Neurological and metabolic abnormalities
type 2 diabetes mellitus,http://purl.obolibrary.org/obo/MONDO_0005148,diagnostic,Type 2 diabetes with peripheral circulatory manifestations,Obesity and leptin signaling
type 2 diabetes mellitus,http://purl.obolibrary.org/obo/MONDO_0005148,diagnostic,Type 2 diabetes with peripheral circulatory manifestations,Obesity and metabolic traits
type 2 diabetes mellitus,http://purl.obolibrary.org/obo/MONDO_0005148,diagnostic,Type 2 diabetes with peripheral circulatory manifestations,Pancreatic islet dysfunction
type 2 diabetes mellitus,http://purl.obolibrary.org/obo/MONDO_0005148,diagnostic,Type 2 diabetes with peripheral circulatory manifestations,Tumor incidence and nasal morphology
type 2 diabetes mellitus,http://purl.obolibrary.org/obo/MONDO_0005148,diagnostic,Type 2 diabetes with peripheral circulatory manifestations,Tumor reduction with polyps
type 2 diabetes mellitus,http://purl.obolibrary.org/obo/MONDO_0005148,diagnostic,Type 2 diabetes with renal manifestations,Adipose and lipid metabolism
type 2 diabetes mellitus,http://purl.obolibrary.org/obo/MONDO_0005148,diagnostic,Type 2 diabetes with renal manifestations,Carbohydrate and lipid homeostasis
type 2 diabetes mellitus,http://purl.obolibrary.org/obo/MONDO_0005148,diagnostic,Type 2 diabetes with renal manifestations,EGFR resistance and development genes
type 2 diabetes mellitus,http://purl.obolibrary.org/obo/MONDO_0005148,diagnostic,Type 2 diabetes with renal manifestations,FOXO-mediated metabolism regulation
type 2 diabetes mellitus,http://purl.obolibrary.org/obo/MONDO_0005148,diagnostic,Type 2 diabetes with renal manifestations,Glucose intolerance and obesity risk
type 2 diabetes mellitus,http://purl.obolibrary.org/obo/MONDO_0005148,diagnostic,Type 2 diabetes with renal manifestations,Hormone secretion and signaling
type 2 diabetes mellitus,http://purl.obolibrary.org/obo/MONDO_0005148,diagnostic,Type 2 diabetes with renal manifestations,Insulin secretion and development
type 2 diabetes mellitus,http://purl.obolibrary.org/obo/MONDO_0005148,diagnostic,Type 2 diabetes with renal manifestations,Insulin secretion and liver abnormalities
type 2 diabetes mellitus,http://purl.obolibrary.org/obo/MONDO_0005148,diagnostic,Type 2 diabetes with renal manifestations,Liver and developmental genes
type 2 diabetes mellitus,http://purl.obolibrary.org/obo/MONDO_0005148,diagnostic,Type 2 diabetes with renal manifestations,Low insulin and development genes
type 2 diabetes mellitus,http://purl.obolibrary.org/obo/MONDO_0005148,diagnostic,Type 2 diabetes with renal manifestations,Metabolic traits and regulators
type 2 diabetes mellitus,http://purl.obolibrary.org/obo/MONDO_0005148,diagnostic,Type 2 diabetes with renal manifestations,Negative regulation of secretion
type 2 diabetes mellitus,http://purl.obolibrary.org/obo/MONDO_0005148,diagnostic,Type 2 diabetes with renal manifestations,Pancreas development and diabetes
type 2 diabetes mellitus,http://purl.obolibrary.org/obo/MONDO_0005148,diagnostic,Type 2 diabetes with renal manifestations,Young-onset diabetes genes
type 2 diabetes mellitus,http://purl.obolibrary.org/obo/MONDO_0005148,diagnostic,Youth-onset type 2 diabetes (T2D),Regulation Of Carbohydrate Biosynthetic Process
type 2 diabetes mellitus,http://purl.obolibrary.org/obo/MONDO_0005148,risk,Severe autoimmune type 2 diabetes,Autoimmune Diabetes and Cytokine Genes
type 2 diabetes mellitus,http://purl.obolibrary.org/obo/MONDO_0005148,risk,Severe autoimmune type 2 diabetes,Autoimmune Susceptibility and Insulitis
type 2 diabetes mellitus,http://purl.obolibrary.org/obo/MONDO_0005148,risk,Severe autoimmune type 2 diabetes,Dendritic Cells and T Cells
type 2 diabetes mellitus,http://purl.obolibrary.org/obo/MONDO_0005148,risk,Severe autoimmune type 2 diabetes,Exogenous Antigen Processing and Presentation
type 2 diabetes mellitus,http://purl.obolibrary.org/obo/MONDO_0005148,risk,Severe autoimmune type 2 diabetes,MHC Proteins and HLAs
type 2 diabetes mellitus,http://purl.obolibrary.org/obo/MONDO_0005148,risk,Severe insulin-resistant type 2 diabetes,Ear Development and Embryonic Morphogenesis
type 2 diabetes mellitus,http://purl.obolibrary.org/obo/MONDO_0005148,risk,Severe insulin-resistant type 2 diabetes,Heart and Palate Mesenchymal Proliferation
type 2 diabetes mellitus,http://purl.obolibrary.org/obo/MONDO_0005148,risk,Severe insulin-resistant type 2 diabetes,Mesodermal Fate and Ear Morphogenesis
type 2 diabetes mellitus,http://purl.obolibrary.org/obo/MONDO_0005148,risk,Severe insulin-resistant type 2 diabetes,Striated Muscle and Heart Development
type 2 diabetes mellitus,http://purl.obolibrary.org/obo/MONDO_0005148,risk,Severe insulin-resistant type 2 diabetes,Vasculature Development and Heart Defect
type 2 diabetes mellitus,http://purl.obolibrary.org/obo/MONDO_0005148,risk,Type 2 diabetes (additive model),Abnormal glucose homeostasis with hyperglycemia
type 2 diabetes mellitus,http://purl.obolibrary.org/obo/MONDO_0005148,risk,Type 2 diabetes (additive model),Adipogenesis and WNT signaling
type 2 diabetes mellitus,http://purl.obolibrary.org/obo/MONDO_0005148,risk,Type 2 diabetes (additive model),Beta cell gene expression regulation
type 2 diabetes mellitus,http://purl.obolibrary.org/obo/MONDO_0005148,risk,Type 2 diabetes (additive model),Branching morphogenesis and organ development
type 2 diabetes mellitus,http://purl.obolibrary.org/obo/MONDO_0005148,risk,Type 2 diabetes (additive model),Carbohydrate response and insulin secretion
type 2 diabetes mellitus,http://purl.obolibrary.org/obo/MONDO_0005148,risk,Type 2 diabetes (additive model),Craniofacial development abnormalities
type 2 diabetes mellitus,http://purl.obolibrary.org/obo/MONDO_0005148,risk,Type 2 diabetes (additive model),Decreased insulin and beta mass
type 2 diabetes mellitus,http://purl.obolibrary.org/obo/MONDO_0005148,risk,Type 2 diabetes (additive model),Decreased insulin secretion in diabetes
type 2 diabetes mellitus,http://purl.obolibrary.org/obo/MONDO_0005148,risk,Type 2 diabetes (additive model),Decreased leptin and insulin
type 2 diabetes mellitus,http://purl.obolibrary.org/obo/MONDO_0005148,risk,Type 2 diabetes (additive model),Decreased triglycerides and fatty acids
type 2 diabetes mellitus,http://purl.obolibrary.org/obo/MONDO_0005148,risk,Type 2 diabetes (additive model),Enhanced glucose tolerance and sensitivity
type 2 diabetes mellitus,http://purl.obolibrary.org/obo/MONDO_0005148,risk,Type 2 diabetes (additive model),Fetal lethality with gene mutations
type 2 diabetes mellitus,http://purl.obolibrary.org/obo/MONDO_0005148,risk,Type 2 diabetes (additive model),FOXO transcription and RB pathways
type 2 diabetes mellitus,http://purl.obolibrary.org/obo/MONDO_0005148,risk,Type 2 diabetes (additive model),Hyperlipidemia and cholesterol abnormalities
type 2 diabetes mellitus,http://purl.obolibrary.org/obo/MONDO_0005148,risk,Type 2 diabetes (additive model),Insulin secretion regulation and signaling
type 2 diabetes mellitus,http://purl.obolibrary.org/obo/MONDO_0005148,risk,Type 2 diabetes (additive model),Kinase signaling regulation and AKT1
type 2 diabetes mellitus,http://purl.obolibrary.org/obo/MONDO_0005148,risk,Type 2 diabetes (additive model),Pancreatic islet malfunction and hyperglycemia
type 2 diabetes mellitus,http://purl.obolibrary.org/obo/MONDO_0005148,risk,Type 2 diabetes (additive model),PI3K Signaling
type 2 diabetes mellitus,http://purl.obolibrary.org/obo/MONDO_0005148,risk,Type 2 diabetes (additive model),RB1-defect G1/S misregulation
type 2 diabetes mellitus,http://purl.obolibrary.org/obo/MONDO_0005148,risk,Type 2 diabetes (additive model),Skeletal growth and bone abnormalities
type 2 diabetes mellitus,http://purl.obolibrary.org/obo/MONDO_0005148,risk,Type 2 diabetes (dominant model),Beta-cell dysfunction and metabolic changes
type 2 diabetes mellitus,http://purl.obolibrary.org/obo/MONDO_0005148,risk,Type 2 diabetes (dominant model),Glucose dysregulation with adipose signals
type 2 diabetes mellitus,http://purl.obolibrary.org/obo/MONDO_0005148,risk,Type 2 diabetes (dominant model),Glucose homeostasis with beta-cell deficits
type 2 diabetes mellitus,http://purl.obolibrary.org/obo/MONDO_0005148,risk,Type 2 diabetes (recessive model),Adipogenesis and insulin signaling
type 2 diabetes mellitus,http://purl.obolibrary.org/obo/MONDO_0005148,risk,Type 2 diabetes (recessive model),Adipose and kidney pathology
type 2 diabetes mellitus,http://purl.obolibrary.org/obo/MONDO_0005148,risk,Type 2 diabetes (recessive model),Beta cell development pathways
type 2 diabetes mellitus,http://purl.obolibrary.org/obo/MONDO_0005148,risk,Type 2 diabetes (recessive model),Carbohydrate homeostasis and pancreas
type 2 diabetes mellitus,http://purl.obolibrary.org/obo/MONDO_0005148,risk,Type 2 diabetes (recessive model),Cardiac and hepatic development markers
type 2 diabetes mellitus,http://purl.obolibrary.org/obo/MONDO_0005148,risk,Type 2 diabetes (recessive model),Glucose homeostasis and insulin
type 2 diabetes mellitus,http://purl.obolibrary.org/obo/MONDO_0005148,risk,Type 2 diabetes (recessive model),Hearing loss and cochlear defects
type 2 diabetes mellitus,http://purl.obolibrary.org/obo/MONDO_0005148,risk,Type 2 diabetes (recessive model),Insulin deficit and cochlear defects
type 2 diabetes mellitus,http://purl.obolibrary.org/obo/MONDO_0005148,risk,Type 2 diabetes (recessive model),Monosaccharide metabolism and adipogenesis
type 2 diabetes mellitus,http://purl.obolibrary.org/obo/MONDO_0005148,risk,Type 2 diabetes (recessive model),Pancreas development and insulin secretion
type 2 diabetes mellitus,http://purl.obolibrary.org/obo/MONDO_0005148,risk,Type 2 diabetes (recessive model),Regulation of insulin secretion
type 2 diabetes mellitus,http://purl.obolibrary.org/obo/MONDO_0005148,risk,Type 2 diabetes (T2D),Adipose-liver lipid and leptin
type 2 diabetes mellitus,http://purl.obolibrary.org/obo/MONDO_0005148,risk,Type 2 diabetes (T2D),Angiogenesis and adipogenesis regulation
type 2 diabetes mellitus,http://purl.obolibrary.org/obo/MONDO_0005148,risk,Type 2 diabetes (T2D),Beta-cell gene regulation in diabetes
type 2 diabetes mellitus,http://purl.obolibrary.org/obo/MONDO_0005148,risk,Type 2 diabetes (T2D),Beta-cell mass and adipose changes
type 2 diabetes mellitus,http://purl.obolibrary.org/obo/MONDO_0005148,risk,Type 2 diabetes (T2D),Brown adipose and liver glycogen
type 2 diabetes mellitus,http://purl.obolibrary.org/obo/MONDO_0005148,risk,Type 2 diabetes (T2D),Carbohydrate response and insulin secretion
type 2 diabetes mellitus,http://purl.obolibrary.org/obo/MONDO_0005148,risk,Type 2 diabetes (T2D),Cell cycle regulation and inhibitors
type 2 diabetes mellitus,http://purl.obolibrary.org/obo/MONDO_0005148,risk,Type 2 diabetes (T2D),Ceramides in insulin resistance
type 2 diabetes mellitus,http://purl.obolibrary.org/obo/MONDO_0005148,risk,Type 2 diabetes (T2D),Diabetes and IGF1 signaling
type 2 diabetes mellitus,http://purl.obolibrary.org/obo/MONDO_0005148,risk,Type 2 diabetes (T2D),Diabetes with beta-cell hyperplasia
type 2 diabetes mellitus,http://purl.obolibrary.org/obo/MONDO_0005148,risk,Type 2 diabetes (T2D),Diabetes with impaired insulin secretion
type 2 diabetes mellitus,http://purl.obolibrary.org/obo/MONDO_0005148,risk,Type 2 diabetes (T2D),Enhanced glucose tolerance and sensitivity
type 2 diabetes mellitus,http://purl.obolibrary.org/obo/MONDO_0005148,risk,Type 2 diabetes (T2D),Glucose and insulin resistance
type 2 diabetes mellitus,http://purl.obolibrary.org/obo/MONDO_0005148,risk,Type 2 diabetes (T2D),Glucose and lipid homeostasis
type 2 diabetes mellitus,http://purl.obolibrary.org/obo/MONDO_0005148,risk,Type 2 diabetes (T2D),Hyperlipidemia and liver lipid changes
type 2 diabetes mellitus,http://purl.obolibrary.org/obo/MONDO_0005148,risk,Type 2 diabetes (T2D),Insulin secretion and adipose defects
type 2 diabetes mellitus,http://purl.obolibrary.org/obo/MONDO_0005148,risk,Type 2 diabetes (T2D),Liver enlargement and leukemia risk
type 2 diabetes mellitus,http://purl.obolibrary.org/obo/MONDO_0005148,risk,Type 2 diabetes (T2D),Liver enlargement and steatosis
type 2 diabetes mellitus,http://purl.obolibrary.org/obo/MONDO_0005148,risk,Type 2 diabetes (T2D),Obesity with leptin signaling
type 2 diabetes mellitus,http://purl.obolibrary.org/obo/MONDO_0005148,risk,Type 2 diabetes (T2D),Pancreatic beta-cell mass changes
type 2 diabetes mellitus,http://purl.obolibrary.org/obo/MONDO_0005148,risk,Type 2 diabetes (T2D),Pancreatic islet dysfunction and diabetes
type 2 diabetes mellitus,http://purl.obolibrary.org/obo/MONDO_0005148,risk,Type 2 diabetes (T2D),Reduced insulin and leptin levels
type 2 diabetes mellitus,http://purl.obolibrary.org/obo/MONDO_0005148,risk,Type 2 diabetes (T2D),Regulation of peptide secretion
type 2 diabetes mellitus,http://purl.obolibrary.org/obo/MONDO_0005148,risk,Type 2 diabetes (T2D),Weight gain and hyperglycemia risk
type 2 diabetes mellitus,http://purl.obolibrary.org/obo/MONDO_0005148,risk,Type 2 diabetes (T2D) adj BMI,Abnormal glucose and insulin signaling
type 2 diabetes mellitus,http://purl.obolibrary.org/obo/MONDO_0005148,risk,Type 2 diabetes (T2D) adj BMI,Abnormal insulin and glucose levels
type 2 diabetes mellitus,http://purl.obolibrary.org/obo/MONDO_0005148,risk,Type 2 diabetes (T2D) adj BMI,Adipogenesis and WNT signaling
type 2 diabetes mellitus,http://purl.obolibrary.org/obo/MONDO_0005148,risk,Type 2 diabetes (T2D) adj BMI,Adipose and insulin sensitivity
type 2 diabetes mellitus,http://purl.obolibrary.org/obo/MONDO_0005148,risk,Type 2 diabetes (T2D) adj BMI,Beta cell development genes
type 2 diabetes mellitus,http://purl.obolibrary.org/obo/MONDO_0005148,risk,Type 2 diabetes (T2D) adj BMI,Beta cells and insulin resistance
type 2 diabetes mellitus,http://purl.obolibrary.org/obo/MONDO_0005148,risk,Type 2 diabetes (T2D) adj BMI,Glioblastoma signaling and cell cycle
type 2 diabetes mellitus,http://purl.obolibrary.org/obo/MONDO_0005148,risk,Type 2 diabetes (T2D) adj BMI,Glucose and lipid homeostasis
type 2 diabetes mellitus,http://purl.obolibrary.org/obo/MONDO_0005148,risk,Type 2 diabetes (T2D) adj BMI,Glucose regulation and GPCR signaling
type 2 diabetes mellitus,http://purl.obolibrary.org/obo/MONDO_0005148,risk,Type 2 diabetes (T2D) adj BMI,Hematopoietic and developmental signaling
type 2 diabetes mellitus,http://purl.obolibrary.org/obo/MONDO_0005148,risk,Type 2 diabetes (T2D) adj BMI,Increased glucose with insulin resistance
type 2 diabetes mellitus,http://purl.obolibrary.org/obo/MONDO_0005148,risk,Type 2 diabetes (T2D) adj BMI,Insulin resistance and diabetes pathways
type 2 diabetes mellitus,http://purl.obolibrary.org/obo/MONDO_0005148,risk,Type 2 diabetes (T2D) adj BMI,Lipid homeostasis and storage
type 2 diabetes mellitus,http://purl.obolibrary.org/obo/MONDO_0005148,risk,Type 2 diabetes (T2D) adj BMI,Liver changes and triglycerides
type 2 diabetes mellitus,http://purl.obolibrary.org/obo/MONDO_0005148,risk,Type 2 diabetes (T2D) adj BMI,Pancreatic beta cell function
type 2 diabetes mellitus,http://purl.obolibrary.org/obo/MONDO_0005148,risk,Type 2 diabetes (T2D) adj BMI,Pancreatic beta cell mass changes
type 2 diabetes mellitus,http://purl.obolibrary.org/obo/MONDO_0005148,risk,Type 2 diabetes (T2D) adj BMI,Reduced circulating lipids and glucose
type 2 diabetes mellitus,http://purl.obolibrary.org/obo/MONDO_0005148,risk,Type 2 diabetes (T2D) adj BMI,Regulation of insulin secretion
type 2 diabetes mellitus,http://purl.obolibrary.org/obo/MONDO_0005148,risk,Type 2 diabetes (T2D) adj BMI,Small islets and insulin impairment
type 2 diabetes mellitus,http://purl.obolibrary.org/obo/MONDO_0005148,risk,Type 2 diabetes (T2D) adj BMI,Upregulated signaling inhibitors and oncogenes
type 2 diabetes mellitus,http://purl.obolibrary.org/obo/MONDO_0005148,risk,Type 2 diabetes (with history of pregnancy),Adipose expansion and lipid metabolism
type 2 diabetes mellitus,http://purl.obolibrary.org/obo/MONDO_0005148,risk,Type 2 diabetes (with history of pregnancy),Beta cell morphology and glucose
type 2 diabetes mellitus,http://purl.obolibrary.org/obo/MONDO_0005148,risk,Type 2 diabetes (with history of pregnancy),Beta-cell dysfunction with muscle lipids
type 2 diabetes mellitus,http://purl.obolibrary.org/obo/MONDO_0005148,risk,Type 2 diabetes (with history of pregnancy),Beta-cell gene regulation
type 2 diabetes mellitus,http://purl.obolibrary.org/obo/MONDO_0005148,risk,Type 2 diabetes (with history of pregnancy),Carbohydrate and insulin secretion
type 2 diabetes mellitus,http://purl.obolibrary.org/obo/MONDO_0005148,risk,Type 2 diabetes (with history of pregnancy),Carbohydrate homeostasis and heart development
type 2 diabetes mellitus,http://purl.obolibrary.org/obo/MONDO_0005148,risk,Type 2 diabetes (with history of pregnancy),Ceramide roles in insulin resistance
type 2 diabetes mellitus,http://purl.obolibrary.org/obo/MONDO_0005148,risk,Type 2 diabetes (with history of pregnancy),Diabetes risk with beta-catenin signaling
type 2 diabetes mellitus,http://purl.obolibrary.org/obo/MONDO_0005148,risk,Type 2 diabetes (with history of pregnancy),Glucose dysregulation with adipose loss
type 2 diabetes mellitus,http://purl.obolibrary.org/obo/MONDO_0005148,risk,Type 2 diabetes (with history of pregnancy),Hyperglycemia and lipid dysregulation
type 2 diabetes mellitus,http://purl.obolibrary.org/obo/MONDO_0005148,risk,Type 2 diabetes (with history of pregnancy),Hyperglycemia with lipids and insulin
type 2 diabetes mellitus,http://purl.obolibrary.org/obo/MONDO_0005148,risk,Type 2 diabetes (with history of pregnancy),Hyperinsulinemia with glucose dysregulation
type 2 diabetes mellitus,http://purl.obolibrary.org/obo/MONDO_0005148,risk,Type 2 diabetes (with history of pregnancy),Impaired glucose regulation with genes
type 2 diabetes mellitus,http://purl.obolibrary.org/obo/MONDO_0005148,risk,Type 2 diabetes (with history of pregnancy),Liver lipid overload and growth
type 2 diabetes mellitus,http://purl.obolibrary.org/obo/MONDO_0005148,risk,Type 2 diabetes (with history of pregnancy),Low glycogen and lipid homeostasis
type 2 diabetes mellitus,http://purl.obolibrary.org/obo/MONDO_0005148,risk,Type 2 diabetes (with history of pregnancy),Obesity risk with liver growth
type 2 diabetes mellitus,http://purl.obolibrary.org/obo/MONDO_0005148,risk,Type 2 diabetes (with no history of pregnancy),Craniofacial development genes
type 2 diabetes mellitus,http://purl.obolibrary.org/obo/MONDO_0005148,risk,Type 2 diabetes (with no history of pregnancy),Diabetes and insulin regulation genes
type 2 diabetes mellitus,http://purl.obolibrary.org/obo/MONDO_0005148,risk,Type 2 diabetes (with no history of pregnancy),Diabetes and pancreatic function genes
type 2 diabetes mellitus,http://purl.obolibrary.org/obo/MONDO_0005148,risk,Type 2 diabetes (with no history of pregnancy),Metabolic and developmental gene set
type 2 diabetes mellitus,http://purl.obolibrary.org/obo/MONDO_0005148,risk,Type 2 diabetes (with no history of pregnancy),WNT pathway and epithelial morphology
type 2 diabetes mellitus,http://purl.obolibrary.org/obo/MONDO_0005148,risk,type 2 diabetes mellitus,Adipose tissue morphology and signaling
type 2 diabetes mellitus,http://purl.obolibrary.org/obo/MONDO_0005148,risk,type 2 diabetes mellitus,Beta cell dysfunction and apoptosis
type 2 diabetes mellitus,http://purl.obolibrary.org/obo/MONDO_0005148,risk,type 2 diabetes mellitus,Beta-cell gene regulation and glucose
type 2 diabetes mellitus,http://purl.obolibrary.org/obo/MONDO_0005148,risk,type 2 diabetes mellitus,Carbohydrate response and insulin secretion
type 2 diabetes mellitus,http://purl.obolibrary.org/obo/MONDO_0005148,risk,type 2 diabetes mellitus,Cell cycle and cancer pathways
type 2 diabetes mellitus,http://purl.obolibrary.org/obo/MONDO_0005148,risk,type 2 diabetes mellitus,Developmental and metabolic abnormalities
type 2 diabetes mellitus,http://purl.obolibrary.org/obo/MONDO_0005148,risk,type 2 diabetes mellitus,Diabetes-related pancreatic islet defects
type 2 diabetes mellitus,http://purl.obolibrary.org/obo/MONDO_0005148,risk,type 2 diabetes mellitus,Dyslipidemia and fatty acid signaling
type 2 diabetes mellitus,http://purl.obolibrary.org/obo/MONDO_0005148,risk,type 2 diabetes mellitus,Glucose and insulin dysregulation
type 2 diabetes mellitus,http://purl.obolibrary.org/obo/MONDO_0005148,risk,type 2 diabetes mellitus,Glucose and insulin resistance
type 2 diabetes mellitus,http://purl.obolibrary.org/obo/MONDO_0005148,risk,type 2 diabetes mellitus,Glucose homeostasis and obesity signals
type 2 diabetes mellitus,http://purl.obolibrary.org/obo/MONDO_0005148,risk,type 2 diabetes mellitus,Glucose metabolism regulation enzymes
type 2 diabetes mellitus,http://purl.obolibrary.org/obo/MONDO_0005148,risk,type 2 diabetes mellitus,Gonadal fat and insulin signaling
type 2 diabetes mellitus,http://purl.obolibrary.org/obo/MONDO_0005148,risk,type 2 diabetes mellitus,Hepatic glucose and glycogen abnormalities
type 2 diabetes mellitus,http://purl.obolibrary.org/obo/MONDO_0005148,risk,type 2 diabetes mellitus,Hyperphagia and enlarged islets
type 2 diabetes mellitus,http://purl.obolibrary.org/obo/MONDO_0005148,risk,type 2 diabetes mellitus,Insulin secretion and beta-cell pathology
type 2 diabetes mellitus,http://purl.obolibrary.org/obo/MONDO_0005148,risk,type 2 diabetes mellitus,Insulin sensitivity and energy expenditure
type 2 diabetes mellitus,http://purl.obolibrary.org/obo/MONDO_0005148,risk,type 2 diabetes mellitus,Liver pathology and signaling
type 2 diabetes mellitus,http://purl.obolibrary.org/obo/MONDO_0005148,risk,type 2 diabetes mellitus,Pancreas development and ducts
type 2 diabetes mellitus,http://purl.obolibrary.org/obo/MONDO_0005148,risk,type 2 diabetes mellitus,Pancreatic beta cells deficiency
type 2 diabetes mellitus,http://purl.obolibrary.org/obo/MONDO_0005148,risk,type 2 diabetes mellitus,Pancreatic islet growth and signaling
type 2 diabetes mellitus,http://purl.obolibrary.org/obo/MONDO_0005148,risk,type 2 diabetes mellitus,Pancreatic islets and insulin sensitivity
type 2 diabetes mellitus,http://purl.obolibrary.org/obo/MONDO_0005148,risk,type 2 diabetes mellitus,Pancreatic islets and metabolism signaling
type 2 diabetes mellitus,http://purl.obolibrary.org/obo/MONDO_0005148,risk,type 2 diabetes mellitus,Type II diabetes pathways
type 2 diabetes mellitus,http://purl.obolibrary.org/obo/MONDO_0005148,risk,Type 2 diabetes with ketoacidosis,Adrenal and adipose signaling genes
type 2 diabetes mellitus,http://purl.obolibrary.org/obo/MONDO_0005148,risk,Type 2 diabetes with ketoacidosis,Adrenal kinase and collagen coexpressions
type 2 diabetes mellitus,http://purl.obolibrary.org/obo/MONDO_0005148,risk,Type 2 diabetes with ketoacidosis,Cardiac hypertrophy and signaling
type 2 diabetes mellitus,http://purl.obolibrary.org/obo/MONDO_0005148,risk,Type 2 diabetes with ketoacidosis,Endothelial and vascular development
type 2 diabetes mellitus,http://purl.obolibrary.org/obo/MONDO_0005148,risk,Type 2 diabetes with ketoacidosis,Eye development and retina
type 2 diabetes mellitus,http://purl.obolibrary.org/obo/MONDO_0005148,risk,Type 2 diabetes with ketoacidosis,Hearing loss and hair cells
type 2 diabetes mellitus,http://purl.obolibrary.org/obo/MONDO_0005148,risk,Type 2 diabetes with ketoacidosis,Muscle development and differentiation
type 2 diabetes mellitus,http://purl.obolibrary.org/obo/MONDO_0005148,risk,Type 2 diabetes with ketoacidosis,Neural innervation and development
type 2 diabetes mellitus,http://purl.obolibrary.org/obo/MONDO_0005148,risk,Type 2 diabetes with ketoacidosis,Neurodevelopmental and cardiac signaling
type 2 diabetes mellitus,http://purl.obolibrary.org/obo/MONDO_0005148,risk,Type 2 diabetes with ketoacidosis,Pulmonary development and distress
type 2 diabetes mellitus,http://purl.obolibrary.org/obo/MONDO_0005148,risk,Type 2 diabetes with ketoacidosis,RTK/ERK signaling kinases
type 2 diabetes mellitus,http://purl.obolibrary.org/obo/MONDO_0005148,risk,Type 2 diabetes with ketoacidosis,Skeletal development and ossification
type 2 diabetes mellitus,http://purl.obolibrary.org/obo/MONDO_0005148,risk,Type 2 diabetes with neurological manifestations,Beta-cell apoptosis and energy expenditure
type 2 diabetes mellitus,http://purl.obolibrary.org/obo/MONDO_0005148,risk,Type 2 diabetes with neurological manifestations,Beta-cell apoptosis and insulin secretion
type 2 diabetes mellitus,http://purl.obolibrary.org/obo/MONDO_0005148,risk,Type 2 diabetes with neurological manifestations,Beta-cell dysfunction and signaling
type 2 diabetes mellitus,http://purl.obolibrary.org/obo/MONDO_0005148,risk,Type 2 diabetes with neurological manifestations,Brown fat morphology and lipodystrophy
type 2 diabetes mellitus,http://purl.obolibrary.org/obo/MONDO_0005148,risk,Type 2 diabetes with neurological manifestations,Glioblastoma signaling pathways
type 2 diabetes mellitus,http://purl.obolibrary.org/obo/MONDO_0005148,risk,Type 2 diabetes with neurological manifestations,Glucose homeostasis and hormone signaling
type 2 diabetes mellitus,http://purl.obolibrary.org/obo/MONDO_0005148,risk,Type 2 diabetes with neurological manifestations,Glucose regulation and beta-cell factors
type 2 diabetes mellitus,http://purl.obolibrary.org/obo/MONDO_0005148,risk,Type 2 diabetes with neurological manifestations,Hyperglycemia and obesity-related genes
type 2 diabetes mellitus,http://purl.obolibrary.org/obo/MONDO_0005148,risk,Type 2 diabetes with neurological manifestations,Hyperglycemia with lipid-beta cell morphology
type 2 diabetes mellitus,http://purl.obolibrary.org/obo/MONDO_0005148,risk,Type 2 diabetes with neurological manifestations,Hypoinsulinemia and incretin signaling
type 2 diabetes mellitus,http://purl.obolibrary.org/obo/MONDO_0005148,risk,Type 2 diabetes with neurological manifestations,Insulin secretion and peptide signaling
type 2 diabetes mellitus,http://purl.obolibrary.org/obo/MONDO_0005148,risk,Type 2 diabetes with neurological manifestations,Lipid metabolism and adiposity
type 2 diabetes mellitus,http://purl.obolibrary.org/obo/MONDO_0005148,risk,Type 2 diabetes with neurological manifestations,Lipodystrophy and adipose loss
type 2 diabetes mellitus,http://purl.obolibrary.org/obo/MONDO_0005148,risk,Type 2 diabetes with neurological manifestations,Liver enlargement and morphology changes
type 2 diabetes mellitus,http://purl.obolibrary.org/obo/MONDO_0005148,risk,Type 2 diabetes with neurological manifestations,Metabolic syndrome and insulin signaling
type 2 diabetes mellitus,http://purl.obolibrary.org/obo/MONDO_0005148,risk,Type 2 diabetes with neurological manifestations,Monogenic diabetes and beta-cell development
type 2 diabetes mellitus,http://purl.obolibrary.org/obo/MONDO_0005148,risk,Type 2 diabetes with neurological manifestations,Reduced adiposity and energy expenditure
type 2 diabetes mellitus,http://purl.obolibrary.org/obo/MONDO_0005148,risk,Type 2 diabetes with neurological manifestations,WNT signaling and glucose regulation
type 2 diabetes mellitus,http://purl.obolibrary.org/obo/MONDO_0005148,risk,Type 2 diabetes with ophthalmic manifestations,Abnormal Pancreatic Beta Cell Physiology
type 2 diabetes mellitus,http://purl.obolibrary.org/obo/MONDO_0005148,risk,Type 2 diabetes with ophthalmic manifestations,Abnormal Triglyceride Level
type 2 diabetes mellitus,http://purl.obolibrary.org/obo/MONDO_0005148,risk,Type 2 diabetes with ophthalmic manifestations,Hepatic Enlargement Program
type 2 diabetes mellitus,http://purl.obolibrary.org/obo/MONDO_0005148,risk,Type 2 diabetes with ophthalmic manifestations,Hepatic Glucose Homeostasis
type 2 diabetes mellitus,http://purl.obolibrary.org/obo/MONDO_0005148,risk,Type 2 diabetes with ophthalmic manifestations,IGF1 Signaling
type 2 diabetes mellitus,http://purl.obolibrary.org/obo/MONDO_0005148,risk,Type 2 diabetes with ophthalmic manifestations,Increased Circulating Glucose Level
type 2 diabetes mellitus,http://purl.obolibrary.org/obo/MONDO_0005148,risk,Type 2 diabetes with ophthalmic manifestations,Increased Insulin Secretion
type 2 diabetes mellitus,http://purl.obolibrary.org/obo/MONDO_0005148,risk,Type 2 diabetes with ophthalmic manifestations,Insulin Deficiency Lipids
type 2 diabetes mellitus,http://purl.obolibrary.org/obo/MONDO_0005148,risk,Type 2 diabetes with ophthalmic manifestations,Leptin Signaling
type 2 diabetes mellitus,http://purl.obolibrary.org/obo/MONDO_0005148,risk,Type 2 diabetes with ophthalmic manifestations,Monogenic Diabetes Program
type 2 diabetes mellitus,http://purl.obolibrary.org/obo/MONDO_0005148,risk,Type 2 diabetes with ophthalmic manifestations,Monosaccharide Lipid Response
type 2 diabetes mellitus,http://purl.obolibrary.org/obo/MONDO_0005148,risk,Type 2 diabetes with ophthalmic manifestations,Myocardial Trabeculation
type 2 diabetes mellitus,http://purl.obolibrary.org/obo/MONDO_0005148,risk,Type 2 diabetes with ophthalmic manifestations,PI3K Growth Signaling
type 2 diabetes mellitus,http://purl.obolibrary.org/obo/MONDO_0005148,risk,Type 2 diabetes with ophthalmic manifestations,Response To Insulin
type 2 diabetes mellitus,http://purl.obolibrary.org/obo/MONDO_0005148,risk,Type 2 diabetes with peripheral circulatory manifestations,Developmental abnormalities
type 2 diabetes mellitus,http://purl.obolibrary.org/obo/MONDO_0005148,risk,Type 2 diabetes with peripheral circulatory manifestations,Genetic obesity factors
type 2 diabetes mellitus,http://purl.obolibrary.org/obo/MONDO_0005148,risk,Type 2 diabetes with peripheral circulatory manifestations,Increased gastrointestinal tumor incidence
type 2 diabetes mellitus,http://purl.obolibrary.org/obo/MONDO_0005148,risk,Type 2 diabetes with peripheral circulatory manifestations,Islet morphology and diabetes
type 2 diabetes mellitus,http://purl.obolibrary.org/obo/MONDO_0005148,risk,Type 2 diabetes with peripheral circulatory manifestations,Mixed tumor incidence changes
type 2 diabetes mellitus,http://purl.obolibrary.org/obo/MONDO_0005148,risk,Type 2 diabetes with peripheral circulatory manifestations,Neurological and metabolic abnormalities
type 2 diabetes mellitus,http://purl.obolibrary.org/obo/MONDO_0005148,risk,Type 2 diabetes with peripheral circulatory manifestations,Obesity and leptin signaling
type 2 diabetes mellitus,http://purl.obolibrary.org/obo/MONDO_0005148,risk,Type 2 diabetes with peripheral circulatory manifestations,Obesity and metabolic traits
type 2 diabetes mellitus,http://purl.obolibrary.org/obo/MONDO_0005148,risk,Type 2 diabetes with peripheral circulatory manifestations,Pancreatic islet dysfunction
type 2 diabetes mellitus,http://purl.obolibrary.org/obo/MONDO_0005148,risk,Type 2 diabetes with peripheral circulatory manifestations,Tumor incidence and nasal morphology
type 2 diabetes mellitus,http://purl.obolibrary.org/obo/MONDO_0005148,risk,Type 2 diabetes with peripheral circulatory manifestations,Tumor reduction with polyps
type 2 diabetes mellitus,http://purl.obolibrary.org/obo/MONDO_0005148,risk,Type 2 diabetes with renal manifestations,Adipose and lipid metabolism
type 2 diabetes mellitus,http://purl.obolibrary.org/obo/MONDO_0005148,risk,Type 2 diabetes with renal manifestations,Carbohydrate and lipid homeostasis
type 2 diabetes mellitus,http://purl.obolibrary.org/obo/MONDO_0005148,risk,Type 2 diabetes with renal manifestations,EGFR resistance and development genes
type 2 diabetes mellitus,http://purl.obolibrary.org/obo/MONDO_0005148,risk,Type 2 diabetes with renal manifestations,FOXO-mediated metabolism regulation
type 2 diabetes mellitus,http://purl.obolibrary.org/obo/MONDO_0005148,risk,Type 2 diabetes with renal manifestations,Glucose intolerance and obesity risk
type 2 diabetes mellitus,http://purl.obolibrary.org/obo/MONDO_0005148,risk,Type 2 diabetes with renal manifestations,Hormone secretion and signaling
type 2 diabetes mellitus,http://purl.obolibrary.org/obo/MONDO_0005148,risk,Type 2 diabetes with renal manifestations,Insulin secretion and development
type 2 diabetes mellitus,http://purl.obolibrary.org/obo/MONDO_0005148,risk,Type 2 diabetes with renal manifestations,Insulin secretion and liver abnormalities
type 2 diabetes mellitus,http://purl.obolibrary.org/obo/MONDO_0005148,risk,Type 2 diabetes with renal manifestations,Liver and developmental genes
type 2 diabetes mellitus,http://purl.obolibrary.org/obo/MONDO_0005148,risk,Type 2 diabetes with renal manifestations,Low insulin and development genes
type 2 diabetes mellitus,http://purl.obolibrary.org/obo/MONDO_0005148,risk,Type 2 diabetes with renal manifestations,Metabolic traits and regulators
type 2 diabetes mellitus,http://purl.obolibrary.org/obo/MONDO_0005148,risk,Type 2 diabetes with renal manifestations,Negative regulation of secretion
type 2 diabetes mellitus,http://purl.obolibrary.org/obo/MONDO_0005148,risk,Type 2 diabetes with renal manifestations,Pancreas development and diabetes
type 2 diabetes mellitus,http://purl.obolibrary.org/obo/MONDO_0005148,risk,Type 2 diabetes with renal manifestations,Young-onset diabetes genes
type 2 diabetes mellitus,http://purl.obolibrary.org/obo/MONDO_0005148,risk,Youth-onset type 2 diabetes (T2D),Regulation Of Carbohydrate Biosynthetic Process
vasculitis,http://purl.obolibrary.org/obo/MONDO_0018882,risk,Vasculitis,Abnormal T cell signaling
vasculitis,http://purl.obolibrary.org/obo/MONDO_0018882,risk,Vasculitis,Allograft rejection and inflammatory signaling
vasculitis,http://purl.obolibrary.org/obo/MONDO_0018882,risk,Vasculitis,Antiviral defense and innate activation
vasculitis,http://purl.obolibrary.org/obo/MONDO_0018882,risk,Vasculitis,Cytokine signaling in inflammation
vasculitis,http://purl.obolibrary.org/obo/MONDO_0018882,risk,Vasculitis,IL-10 signaling and NKT pathway
vasculitis,http://purl.obolibrary.org/obo/MONDO_0018882,risk,Vasculitis,IL-10 signaling with TLRs
vasculitis,http://purl.obolibrary.org/obo/MONDO_0018882,risk,Vasculitis,Immune tolerance and inflammatory signaling
vasculitis,http://purl.obolibrary.org/obo/MONDO_0018882,risk,Vasculitis,Innate immune activation and infection
vasculitis,http://purl.obolibrary.org/obo/MONDO_0018882,risk,Vasculitis,MHC complex and alloantigen presentation
vasculitis,http://purl.obolibrary.org/obo/MONDO_0018882,risk,Vasculitis,MHC proteins and alloimmune cytotoxicity
vasculitis,http://purl.obolibrary.org/obo/MONDO_0018882,risk,Vasculitis,Parasitic susceptibility and IFN-gamma
vasculitis,http://purl.obolibrary.org/obo/MONDO_0018882,risk,Vasculitis,T cell modulation and tolerance
vasculitis,http://purl.obolibrary.org/obo/MONDO_0018882,risk,Vasculitis,TH1 differentiation and cytotoxic activation
vasculitis,http://purl.obolibrary.org/obo/MONDO_0018882,risk,Vasculitis,Th1/Th2 balance and tolerance
vasculitis,http://purl.obolibrary.org/obo/MONDO_0018882,risk,Vasculitis,Tolerogenic signals and innate immunity
Zellweger spectrum disorders,http://purl.obolibrary.org/obo/MONDO_0019609,diagnostic,Infantile Refsum disease,Bile and lipid metabolism disorders
Zellweger spectrum disorders,http://purl.obolibrary.org/obo/MONDO_0019609,diagnostic,Infantile Refsum disease,Peroxisomal beta-oxidation and import pathways
Zellweger spectrum disorders,http://purl.obolibrary.org/obo/MONDO_0019609,diagnostic,Infantile Refsum disease,Peroxisomal import and iris anomalies
Zellweger spectrum disorders,http://purl.obolibrary.org/obo/MONDO_0019609,diagnostic,Infantile Refsum disease,Peroxisomal import and lipid transport
Zellweger spectrum disorders,http://purl.obolibrary.org/obo/MONDO_0019609,diagnostic,Infantile Refsum disease,Peroxisomal import and ubiquitination regulators
Zellweger spectrum disorders,http://purl.obolibrary.org/obo/MONDO_0019609,diagnostic,Infantile Refsum disease,Peroxisomal matrix import and ubiquitination
Zellweger spectrum disorders,http://purl.obolibrary.org/obo/MONDO_0019609,diagnostic,Infantile Refsum disease,Peroxisome morphology and fatty acids
Zellweger spectrum disorders,http://purl.obolibrary.org/obo/MONDO_0019609,diagnostic,Infantile Refsum disease,Peroxisome morphology and mitochondrial dynamics
Zellweger spectrum disorders,http://purl.obolibrary.org/obo/MONDO_0019609,diagnostic,Zellweger syndrome,Peroxisomal dysfunction and metabolism
Zellweger spectrum disorders,http://purl.obolibrary.org/obo/MONDO_0019609,diagnostic,Zellweger syndrome,Peroxisomal fatty acid oxidation
Zellweger spectrum disorders,http://purl.obolibrary.org/obo/MONDO_0019609,diagnostic,Zellweger syndrome,Peroxisomal import and quality control
Zellweger spectrum disorders,http://purl.obolibrary.org/obo/MONDO_0019609,diagnostic,Zellweger syndrome,Peroxisomal protein import and metabolism
Zellweger spectrum disorders,http://purl.obolibrary.org/obo/MONDO_0019609,diagnostic,Zellweger syndrome,Peroxisome biogenesis and transport
Zellweger spectrum disorders,http://purl.obolibrary.org/obo/MONDO_0019609,diagnostic,Zellweger syndrome,Peroxisome import and morphology
